[0.082s] DEBUG:colcon:Command line arguments: ['/usr/bin/colcon', 'build', '--packages-select', 'sanding_control']
[0.082s] DEBUG:colcon:Parsed command line arguments: Namespace(log_base=None, log_level=None, verb_name='build', build_base='build', install_base='install', merge_install=False, symlink_install=False, test_result_base=None, continue_on_error=False, executor='parallel', parallel_workers=24, event_handlers=None, ignore_user_meta=False, metas=['./colcon.meta'], base_paths=['.'], packages_ignore=None, packages_ignore_regex=None, paths=None, packages_up_to=None, packages_up_to_regex=None, packages_above=None, packages_above_and_dependencies=None, packages_above_depth=None, packages_select_by_dep=None, packages_skip_by_dep=None, packages_skip_up_to=None, packages_select_build_failed=False, packages_skip_build_finished=False, packages_select_test_failures=False, packages_skip_test_passed=False, packages_select=['sanding_control'], packages_skip=None, packages_select_regex=None, packages_skip_regex=None, packages_start=None, packages_end=None, allow_overriding=[], cmake_args=None, cmake_target=None, cmake_target_skip_unavailable=False, cmake_clean_cache=False, cmake_clean_first=False, cmake_force_configure=False, ament_cmake_args=None, catkin_cmake_args=None, catkin_skip_building_tests=False, verb_parser=<colcon_defaults.argument_parser.defaults.DefaultArgumentsDecorator object at 0x7ecf45080670>, verb_extension=<colcon_core.verb.build.BuildVerb object at 0x7ecf4504ffd0>, main=<bound method BuildVerb.main of <colcon_core.verb.build.BuildVerb object at 0x7ecf4504ffd0>>)
[0.181s] Level 1:colcon.colcon_core.package_discovery:discover_packages(colcon_meta) check parameters
[0.181s] Level 1:colcon.colcon_core.package_discovery:discover_packages(recursive) check parameters
[0.181s] Level 1:colcon.colcon_core.package_discovery:discover_packages(ignore) check parameters
[0.181s] Level 1:colcon.colcon_core.package_discovery:discover_packages(path) check parameters
[0.181s] Level 1:colcon.colcon_core.package_discovery:discover_packages(colcon_meta) discover
[0.181s] Level 1:colcon.colcon_core.package_discovery:discover_packages(recursive) discover
[0.181s] INFO:colcon.colcon_core.package_discovery:Crawling recursively for packages in '/home/rokey/cobot3_ws'
[0.181s] Level 1:colcon.colcon_core.package_identification:_identify(.) by extensions ['ignore', 'ignore_ament_install']
[0.181s] Level 1:colcon.colcon_core.package_identification:_identify(.) by extension 'ignore'
[0.181s] Level 1:colcon.colcon_core.package_identification:_identify(.) by extension 'ignore_ament_install'
[0.181s] Level 1:colcon.colcon_core.package_identification:_identify(.) by extensions ['colcon_pkg']
[0.181s] Level 1:colcon.colcon_core.package_identification:_identify(.) by extension 'colcon_pkg'
[0.181s] Level 1:colcon.colcon_core.package_identification:_identify(.) by extensions ['colcon_meta']
[0.181s] Level 1:colcon.colcon_core.package_identification:_identify(.) by extension 'colcon_meta'
[0.181s] Level 1:colcon.colcon_core.package_identification:_identify(.) by extensions ['ros']
[0.181s] Level 1:colcon.colcon_core.package_identification:_identify(.) by extension 'ros'
[0.192s] Level 1:colcon.colcon_core.package_identification:_identify(.) by extensions ['cmake', 'python']
[0.192s] Level 1:colcon.colcon_core.package_identification:_identify(.) by extension 'cmake'
[0.192s] Level 1:colcon.colcon_core.package_identification:_identify(.) by extension 'python'
[0.192s] Level 1:colcon.colcon_core.package_identification:_identify(.) by extensions ['python_setup_py']
[0.192s] Level 1:colcon.colcon_core.package_identification:_identify(.) by extension 'python_setup_py'
[0.192s] Level 1:colcon.colcon_core.package_identification:_identify(build) by extensions ['ignore', 'ignore_ament_install']
[0.192s] Level 1:colcon.colcon_core.package_identification:_identify(build) by extension 'ignore'
[0.192s] Level 1:colcon.colcon_core.package_identification:_identify(build) ignored
[0.192s] Level 1:colcon.colcon_core.package_identification:_identify(install) by extensions ['ignore', 'ignore_ament_install']
[0.192s] Level 1:colcon.colcon_core.package_identification:_identify(install) by extension 'ignore'
[0.192s] Level 1:colcon.colcon_core.package_identification:_identify(install) ignored
[0.192s] Level 1:colcon.colcon_core.package_identification:_identify(isaacpjt) by extensions ['ignore', 'ignore_ament_install']
[0.192s] Level 1:colcon.colcon_core.package_identification:_identify(isaacpjt) by extension 'ignore'
[0.192s] Level 1:colcon.colcon_core.package_identification:_identify(isaacpjt) by extension 'ignore_ament_install'
[0.192s] Level 1:colcon.colcon_core.package_identification:_identify(isaacpjt) by extensions ['colcon_pkg']
[0.192s] Level 1:colcon.colcon_core.package_identification:_identify(isaacpjt) by extension 'colcon_pkg'
[0.192s] Level 1:colcon.colcon_core.package_identification:_identify(isaacpjt) by extensions ['colcon_meta']
[0.192s] Level 1:colcon.colcon_core.package_identification:_identify(isaacpjt) by extension 'colcon_meta'
[0.192s] Level 1:colcon.colcon_core.package_identification:_identify(isaacpjt) by extensions ['ros']
[0.192s] Level 1:colcon.colcon_core.package_identification:_identify(isaacpjt) by extension 'ros'
[0.193s] Level 1:colcon.colcon_core.package_identification:_identify(isaacpjt) by extensions ['cmake', 'python']
[0.193s] Level 1:colcon.colcon_core.package_identification:_identify(isaacpjt) by extension 'cmake'
[0.193s] Level 1:colcon.colcon_core.package_identification:_identify(isaacpjt) by extension 'python'
[0.193s] Level 1:colcon.colcon_core.package_identification:_identify(isaacpjt) by extensions ['python_setup_py']
[0.193s] Level 1:colcon.colcon_core.package_identification:_identify(isaacpjt) by extension 'python_setup_py'
[0.193s] Level 1:colcon.colcon_core.package_identification:_identify(isaacpjt/EE_assemble) by extensions ['ignore', 'ignore_ament_install']
[0.193s] Level 1:colcon.colcon_core.package_identification:_identify(isaacpjt/EE_assemble) by extension 'ignore'
[0.193s] Level 1:colcon.colcon_core.package_identification:_identify(isaacpjt/EE_assemble) by extension 'ignore_ament_install'
[0.193s] Level 1:colcon.colcon_core.package_identification:_identify(isaacpjt/EE_assemble) by extensions ['colcon_pkg']
[0.193s] Level 1:colcon.colcon_core.package_identification:_identify(isaacpjt/EE_assemble) by extension 'colcon_pkg'
[0.193s] Level 1:colcon.colcon_core.package_identification:_identify(isaacpjt/EE_assemble) by extensions ['colcon_meta']
[0.193s] Level 1:colcon.colcon_core.package_identification:_identify(isaacpjt/EE_assemble) by extension 'colcon_meta'
[0.193s] Level 1:colcon.colcon_core.package_identification:_identify(isaacpjt/EE_assemble) by extensions ['ros']
[0.193s] Level 1:colcon.colcon_core.package_identification:_identify(isaacpjt/EE_assemble) by extension 'ros'
[0.193s] Level 1:colcon.colcon_core.package_identification:_identify(isaacpjt/EE_assemble) by extensions ['cmake', 'python']
[0.193s] Level 1:colcon.colcon_core.package_identification:_identify(isaacpjt/EE_assemble) by extension 'cmake'
[0.193s] Level 1:colcon.colcon_core.package_identification:_identify(isaacpjt/EE_assemble) by extension 'python'
[0.193s] Level 1:colcon.colcon_core.package_identification:_identify(isaacpjt/EE_assemble) by extensions ['python_setup_py']
[0.193s] Level 1:colcon.colcon_core.package_identification:_identify(isaacpjt/EE_assemble) by extension 'python_setup_py'
[0.193s] Level 1:colcon.colcon_core.package_identification:_identify(isaacpjt/M0609) by extensions ['ignore', 'ignore_ament_install']
[0.193s] Level 1:colcon.colcon_core.package_identification:_identify(isaacpjt/M0609) by extension 'ignore'
[0.193s] Level 1:colcon.colcon_core.package_identification:_identify(isaacpjt/M0609) by extension 'ignore_ament_install'
[0.193s] Level 1:colcon.colcon_core.package_identification:_identify(isaacpjt/M0609) by extensions ['colcon_pkg']
[0.193s] Level 1:colcon.colcon_core.package_identification:_identify(isaacpjt/M0609) by extension 'colcon_pkg'
[0.193s] Level 1:colcon.colcon_core.package_identification:_identify(isaacpjt/M0609) by extensions ['colcon_meta']
[0.193s] Level 1:colcon.colcon_core.package_identification:_identify(isaacpjt/M0609) by extension 'colcon_meta'
[0.193s] Level 1:colcon.colcon_core.package_identification:_identify(isaacpjt/M0609) by extensions ['ros']
[0.193s] Level 1:colcon.colcon_core.package_identification:_identify(isaacpjt/M0609) by extension 'ros'
[0.193s] Level 1:colcon.colcon_core.package_identification:_identify(isaacpjt/M0609) by extensions ['cmake', 'python']
[0.193s] Level 1:colcon.colcon_core.package_identification:_identify(isaacpjt/M0609) by extension 'cmake'
[0.193s] Level 1:colcon.colcon_core.package_identification:_identify(isaacpjt/M0609) by extension 'python'
[0.193s] Level 1:colcon.colcon_core.package_identification:_identify(isaacpjt/M0609) by extensions ['python_setup_py']
[0.193s] Level 1:colcon.colcon_core.package_identification:_identify(isaacpjt/M0609) by extension 'python_setup_py'
[0.194s] Level 1:colcon.colcon_core.package_identification:_identify(isaacpjt/M0609/Collected_m0609_camera) by extensions ['ignore', 'ignore_ament_install']
[0.194s] Level 1:colcon.colcon_core.package_identification:_identify(isaacpjt/M0609/Collected_m0609_camera) by extension 'ignore'
[0.194s] Level 1:colcon.colcon_core.package_identification:_identify(isaacpjt/M0609/Collected_m0609_camera) by extension 'ignore_ament_install'
[0.194s] Level 1:colcon.colcon_core.package_identification:_identify(isaacpjt/M0609/Collected_m0609_camera) by extensions ['colcon_pkg']
[0.194s] Level 1:colcon.colcon_core.package_identification:_identify(isaacpjt/M0609/Collected_m0609_camera) by extension 'colcon_pkg'
[0.194s] Level 1:colcon.colcon_core.package_identification:_identify(isaacpjt/M0609/Collected_m0609_camera) by extensions ['colcon_meta']
[0.194s] Level 1:colcon.colcon_core.package_identification:_identify(isaacpjt/M0609/Collected_m0609_camera) by extension 'colcon_meta'
[0.194s] Level 1:colcon.colcon_core.package_identification:_identify(isaacpjt/M0609/Collected_m0609_camera) by extensions ['ros']
[0.194s] Level 1:colcon.colcon_core.package_identification:_identify(isaacpjt/M0609/Collected_m0609_camera) by extension 'ros'
[0.194s] Level 1:colcon.colcon_core.package_identification:_identify(isaacpjt/M0609/Collected_m0609_camera) by extensions ['cmake', 'python']
[0.194s] Level 1:colcon.colcon_core.package_identification:_identify(isaacpjt/M0609/Collected_m0609_camera) by extension 'cmake'
[0.194s] Level 1:colcon.colcon_core.package_identification:_identify(isaacpjt/M0609/Collected_m0609_camera) by extension 'python'
[0.194s] Level 1:colcon.colcon_core.package_identification:_identify(isaacpjt/M0609/Collected_m0609_camera) by extensions ['python_setup_py']
[0.194s] Level 1:colcon.colcon_core.package_identification:_identify(isaacpjt/M0609/Collected_m0609_camera) by extension 'python_setup_py'
[0.194s] Level 1:colcon.colcon_core.package_identification:_identify(isaacpjt/M0609/Collected_m0609_camera/Collected_m0609_camera_backup) by extensions ['ignore', 'ignore_ament_install']
[0.194s] Level 1:colcon.colcon_core.package_identification:_identify(isaacpjt/M0609/Collected_m0609_camera/Collected_m0609_camera_backup) by extension 'ignore'
[0.194s] Level 1:colcon.colcon_core.package_identification:_identify(isaacpjt/M0609/Collected_m0609_camera/Collected_m0609_camera_backup) by extension 'ignore_ament_install'
[0.194s] Level 1:colcon.colcon_core.package_identification:_identify(isaacpjt/M0609/Collected_m0609_camera/Collected_m0609_camera_backup) by extensions ['colcon_pkg']
[0.194s] Level 1:colcon.colcon_core.package_identification:_identify(isaacpjt/M0609/Collected_m0609_camera/Collected_m0609_camera_backup) by extension 'colcon_pkg'
[0.194s] Level 1:colcon.colcon_core.package_identification:_identify(isaacpjt/M0609/Collected_m0609_camera/Collected_m0609_camera_backup) by extensions ['colcon_meta']
[0.194s] Level 1:colcon.colcon_core.package_identification:_identify(isaacpjt/M0609/Collected_m0609_camera/Collected_m0609_camera_backup) by extension 'colcon_meta'
[0.194s] Level 1:colcon.colcon_core.package_identification:_identify(isaacpjt/M0609/Collected_m0609_camera/Collected_m0609_camera_backup) by extensions ['ros']
[0.194s] Level 1:colcon.colcon_core.package_identification:_identify(isaacpjt/M0609/Collected_m0609_camera/Collected_m0609_camera_backup) by extension 'ros'
[0.194s] Level 1:colcon.colcon_core.package_identification:_identify(isaacpjt/M0609/Collected_m0609_camera/Collected_m0609_camera_backup) by extensions ['cmake', 'python']
[0.195s] Level 1:colcon.colcon_core.package_identification:_identify(isaacpjt/M0609/Collected_m0609_camera/Collected_m0609_camera_backup) by extension 'cmake'
[0.195s] Level 1:colcon.colcon_core.package_identification:_identify(isaacpjt/M0609/Collected_m0609_camera/Collected_m0609_camera_backup) by extension 'python'
[0.195s] Level 1:colcon.colcon_core.package_identification:_identify(isaacpjt/M0609/Collected_m0609_camera/Collected_m0609_camera_backup) by extensions ['python_setup_py']
[0.195s] Level 1:colcon.colcon_core.package_identification:_identify(isaacpjt/M0609/Collected_m0609_camera/Collected_m0609_camera_backup) by extension 'python_setup_py'
[0.195s] Level 1:colcon.colcon_core.package_identification:_identify(isaacpjt/M0609/Collected_m0609_camera/Collected_m0609_camera_backup/home) by extensions ['ignore', 'ignore_ament_install']
[0.195s] Level 1:colcon.colcon_core.package_identification:_identify(isaacpjt/M0609/Collected_m0609_camera/Collected_m0609_camera_backup/home) by extension 'ignore'
[0.195s] Level 1:colcon.colcon_core.package_identification:_identify(isaacpjt/M0609/Collected_m0609_camera/Collected_m0609_camera_backup/home) by extension 'ignore_ament_install'
[0.195s] Level 1:colcon.colcon_core.package_identification:_identify(isaacpjt/M0609/Collected_m0609_camera/Collected_m0609_camera_backup/home) by extensions ['colcon_pkg']
[0.195s] Level 1:colcon.colcon_core.package_identification:_identify(isaacpjt/M0609/Collected_m0609_camera/Collected_m0609_camera_backup/home) by extension 'colcon_pkg'
[0.195s] Level 1:colcon.colcon_core.package_identification:_identify(isaacpjt/M0609/Collected_m0609_camera/Collected_m0609_camera_backup/home) by extensions ['colcon_meta']
[0.195s] Level 1:colcon.colcon_core.package_identification:_identify(isaacpjt/M0609/Collected_m0609_camera/Collected_m0609_camera_backup/home) by extension 'colcon_meta'
[0.195s] Level 1:colcon.colcon_core.package_identification:_identify(isaacpjt/M0609/Collected_m0609_camera/Collected_m0609_camera_backup/home) by extensions ['ros']
[0.195s] Level 1:colcon.colcon_core.package_identification:_identify(isaacpjt/M0609/Collected_m0609_camera/Collected_m0609_camera_backup/home) by extension 'ros'
[0.195s] Level 1:colcon.colcon_core.package_identification:_identify(isaacpjt/M0609/Collected_m0609_camera/Collected_m0609_camera_backup/home) by extensions ['cmake', 'python']
[0.195s] Level 1:colcon.colcon_core.package_identification:_identify(isaacpjt/M0609/Collected_m0609_camera/Collected_m0609_camera_backup/home) by extension 'cmake'
[0.195s] Level 1:colcon.colcon_core.package_identification:_identify(isaacpjt/M0609/Collected_m0609_camera/Collected_m0609_camera_backup/home) by extension 'python'
[0.195s] Level 1:colcon.colcon_core.package_identification:_identify(isaacpjt/M0609/Collected_m0609_camera/Collected_m0609_camera_backup/home) by extensions ['python_setup_py']
[0.195s] Level 1:colcon.colcon_core.package_identification:_identify(isaacpjt/M0609/Collected_m0609_camera/Collected_m0609_camera_backup/home) by extension 'python_setup_py'
[0.195s] Level 1:colcon.colcon_core.package_identification:_identify(isaacpjt/M0609/Collected_m0609_camera/Collected_m0609_camera_backup/home/rokey) by extensions ['ignore', 'ignore_ament_install']
[0.195s] Level 1:colcon.colcon_core.package_identification:_identify(isaacpjt/M0609/Collected_m0609_camera/Collected_m0609_camera_backup/home/rokey) by extension 'ignore'
[0.195s] Level 1:colcon.colcon_core.package_identification:_identify(isaacpjt/M0609/Collected_m0609_camera/Collected_m0609_camera_backup/home/rokey) by extension 'ignore_ament_install'
[0.195s] Level 1:colcon.colcon_core.package_identification:_identify(isaacpjt/M0609/Collected_m0609_camera/Collected_m0609_camera_backup/home/rokey) by extensions ['colcon_pkg']
[0.195s] Level 1:colcon.colcon_core.package_identification:_identify(isaacpjt/M0609/Collected_m0609_camera/Collected_m0609_camera_backup/home/rokey) by extension 'colcon_pkg'
[0.195s] Level 1:colcon.colcon_core.package_identification:_identify(isaacpjt/M0609/Collected_m0609_camera/Collected_m0609_camera_backup/home/rokey) by extensions ['colcon_meta']
[0.195s] Level 1:colcon.colcon_core.package_identification:_identify(isaacpjt/M0609/Collected_m0609_camera/Collected_m0609_camera_backup/home/rokey) by extension 'colcon_meta'
[0.195s] Level 1:colcon.colcon_core.package_identification:_identify(isaacpjt/M0609/Collected_m0609_camera/Collected_m0609_camera_backup/home/rokey) by extensions ['ros']
[0.195s] Level 1:colcon.colcon_core.package_identification:_identify(isaacpjt/M0609/Collected_m0609_camera/Collected_m0609_camera_backup/home/rokey) by extension 'ros'
[0.195s] Level 1:colcon.colcon_core.package_identification:_identify(isaacpjt/M0609/Collected_m0609_camera/Collected_m0609_camera_backup/home/rokey) by extensions ['cmake', 'python']
[0.195s] Level 1:colcon.colcon_core.package_identification:_identify(isaacpjt/M0609/Collected_m0609_camera/Collected_m0609_camera_backup/home/rokey) by extension 'cmake'
[0.195s] Level 1:colcon.colcon_core.package_identification:_identify(isaacpjt/M0609/Collected_m0609_camera/Collected_m0609_camera_backup/home/rokey) by extension 'python'
[0.195s] Level 1:colcon.colcon_core.package_identification:_identify(isaacpjt/M0609/Collected_m0609_camera/Collected_m0609_camera_backup/home/rokey) by extensions ['python_setup_py']
[0.195s] Level 1:colcon.colcon_core.package_identification:_identify(isaacpjt/M0609/Collected_m0609_camera/Collected_m0609_camera_backup/home/rokey) by extension 'python_setup_py'
[0.195s] Level 1:colcon.colcon_core.package_identification:_identify(isaacpjt/M0609/Collected_m0609_camera/Collected_m0609_camera_backup/home/rokey/cobot3_ws) by extensions ['ignore', 'ignore_ament_install']
[0.195s] Level 1:colcon.colcon_core.package_identification:_identify(isaacpjt/M0609/Collected_m0609_camera/Collected_m0609_camera_backup/home/rokey/cobot3_ws) by extension 'ignore'
[0.195s] Level 1:colcon.colcon_core.package_identification:_identify(isaacpjt/M0609/Collected_m0609_camera/Collected_m0609_camera_backup/home/rokey/cobot3_ws) by extension 'ignore_ament_install'
[0.195s] Level 1:colcon.colcon_core.package_identification:_identify(isaacpjt/M0609/Collected_m0609_camera/Collected_m0609_camera_backup/home/rokey/cobot3_ws) by extensions ['colcon_pkg']
[0.196s] Level 1:colcon.colcon_core.package_identification:_identify(isaacpjt/M0609/Collected_m0609_camera/Collected_m0609_camera_backup/home/rokey/cobot3_ws) by extension 'colcon_pkg'
[0.196s] Level 1:colcon.colcon_core.package_identification:_identify(isaacpjt/M0609/Collected_m0609_camera/Collected_m0609_camera_backup/home/rokey/cobot3_ws) by extensions ['colcon_meta']
[0.196s] Level 1:colcon.colcon_core.package_identification:_identify(isaacpjt/M0609/Collected_m0609_camera/Collected_m0609_camera_backup/home/rokey/cobot3_ws) by extension 'colcon_meta'
[0.196s] Level 1:colcon.colcon_core.package_identification:_identify(isaacpjt/M0609/Collected_m0609_camera/Collected_m0609_camera_backup/home/rokey/cobot3_ws) by extensions ['ros']
[0.196s] Level 1:colcon.colcon_core.package_identification:_identify(isaacpjt/M0609/Collected_m0609_camera/Collected_m0609_camera_backup/home/rokey/cobot3_ws) by extension 'ros'
[0.196s] Level 1:colcon.colcon_core.package_identification:_identify(isaacpjt/M0609/Collected_m0609_camera/Collected_m0609_camera_backup/home/rokey/cobot3_ws) by extensions ['cmake', 'python']
[0.196s] Level 1:colcon.colcon_core.package_identification:_identify(isaacpjt/M0609/Collected_m0609_camera/Collected_m0609_camera_backup/home/rokey/cobot3_ws) by extension 'cmake'
[0.196s] Level 1:colcon.colcon_core.package_identification:_identify(isaacpjt/M0609/Collected_m0609_camera/Collected_m0609_camera_backup/home/rokey/cobot3_ws) by extension 'python'
[0.196s] Level 1:colcon.colcon_core.package_identification:_identify(isaacpjt/M0609/Collected_m0609_camera/Collected_m0609_camera_backup/home/rokey/cobot3_ws) by extensions ['python_setup_py']
[0.196s] Level 1:colcon.colcon_core.package_identification:_identify(isaacpjt/M0609/Collected_m0609_camera/Collected_m0609_camera_backup/home/rokey/cobot3_ws) by extension 'python_setup_py'
[0.196s] Level 1:colcon.colcon_core.package_identification:_identify(isaacpjt/M0609/Collected_m0609_camera/Collected_m0609_camera_backup/home/rokey/cobot3_ws/isaacpjt) by extensions ['ignore', 'ignore_ament_install']
[0.196s] Level 1:colcon.colcon_core.package_identification:_identify(isaacpjt/M0609/Collected_m0609_camera/Collected_m0609_camera_backup/home/rokey/cobot3_ws/isaacpjt) by extension 'ignore'
[0.196s] Level 1:colcon.colcon_core.package_identification:_identify(isaacpjt/M0609/Collected_m0609_camera/Collected_m0609_camera_backup/home/rokey/cobot3_ws/isaacpjt) by extension 'ignore_ament_install'
[0.196s] Level 1:colcon.colcon_core.package_identification:_identify(isaacpjt/M0609/Collected_m0609_camera/Collected_m0609_camera_backup/home/rokey/cobot3_ws/isaacpjt) by extensions ['colcon_pkg']
[0.196s] Level 1:colcon.colcon_core.package_identification:_identify(isaacpjt/M0609/Collected_m0609_camera/Collected_m0609_camera_backup/home/rokey/cobot3_ws/isaacpjt) by extension 'colcon_pkg'
[0.196s] Level 1:colcon.colcon_core.package_identification:_identify(isaacpjt/M0609/Collected_m0609_camera/Collected_m0609_camera_backup/home/rokey/cobot3_ws/isaacpjt) by extensions ['colcon_meta']
[0.196s] Level 1:colcon.colcon_core.package_identification:_identify(isaacpjt/M0609/Collected_m0609_camera/Collected_m0609_camera_backup/home/rokey/cobot3_ws/isaacpjt) by extension 'colcon_meta'
[0.196s] Level 1:colcon.colcon_core.package_identification:_identify(isaacpjt/M0609/Collected_m0609_camera/Collected_m0609_camera_backup/home/rokey/cobot3_ws/isaacpjt) by extensions ['ros']
[0.196s] Level 1:colcon.colcon_core.package_identification:_identify(isaacpjt/M0609/Collected_m0609_camera/Collected_m0609_camera_backup/home/rokey/cobot3_ws/isaacpjt) by extension 'ros'
[0.196s] Level 1:colcon.colcon_core.package_identification:_identify(isaacpjt/M0609/Collected_m0609_camera/Collected_m0609_camera_backup/home/rokey/cobot3_ws/isaacpjt) by extensions ['cmake', 'python']
[0.196s] Level 1:colcon.colcon_core.package_identification:_identify(isaacpjt/M0609/Collected_m0609_camera/Collected_m0609_camera_backup/home/rokey/cobot3_ws/isaacpjt) by extension 'cmake'
[0.196s] Level 1:colcon.colcon_core.package_identification:_identify(isaacpjt/M0609/Collected_m0609_camera/Collected_m0609_camera_backup/home/rokey/cobot3_ws/isaacpjt) by extension 'python'
[0.196s] Level 1:colcon.colcon_core.package_identification:_identify(isaacpjt/M0609/Collected_m0609_camera/Collected_m0609_camera_backup/home/rokey/cobot3_ws/isaacpjt) by extensions ['python_setup_py']
[0.196s] Level 1:colcon.colcon_core.package_identification:_identify(isaacpjt/M0609/Collected_m0609_camera/Collected_m0609_camera_backup/home/rokey/cobot3_ws/isaacpjt) by extension 'python_setup_py'
[0.196s] Level 1:colcon.colcon_core.package_identification:_identify(isaacpjt/M0609/Collected_m0609_camera/Collected_m0609_camera_backup/home/rokey/cobot3_ws/isaacpjt/M0609) by extensions ['ignore', 'ignore_ament_install']
[0.196s] Level 1:colcon.colcon_core.package_identification:_identify(isaacpjt/M0609/Collected_m0609_camera/Collected_m0609_camera_backup/home/rokey/cobot3_ws/isaacpjt/M0609) by extension 'ignore'
[0.196s] Level 1:colcon.colcon_core.package_identification:_identify(isaacpjt/M0609/Collected_m0609_camera/Collected_m0609_camera_backup/home/rokey/cobot3_ws/isaacpjt/M0609) by extension 'ignore_ament_install'
[0.196s] Level 1:colcon.colcon_core.package_identification:_identify(isaacpjt/M0609/Collected_m0609_camera/Collected_m0609_camera_backup/home/rokey/cobot3_ws/isaacpjt/M0609) by extensions ['colcon_pkg']
[0.196s] Level 1:colcon.colcon_core.package_identification:_identify(isaacpjt/M0609/Collected_m0609_camera/Collected_m0609_camera_backup/home/rokey/cobot3_ws/isaacpjt/M0609) by extension 'colcon_pkg'
[0.196s] Level 1:colcon.colcon_core.package_identification:_identify(isaacpjt/M0609/Collected_m0609_camera/Collected_m0609_camera_backup/home/rokey/cobot3_ws/isaacpjt/M0609) by extensions ['colcon_meta']
[0.196s] Level 1:colcon.colcon_core.package_identification:_identify(isaacpjt/M0609/Collected_m0609_camera/Collected_m0609_camera_backup/home/rokey/cobot3_ws/isaacpjt/M0609) by extension 'colcon_meta'
[0.196s] Level 1:colcon.colcon_core.package_identification:_identify(isaacpjt/M0609/Collected_m0609_camera/Collected_m0609_camera_backup/home/rokey/cobot3_ws/isaacpjt/M0609) by extensions ['ros']
[0.196s] Level 1:colcon.colcon_core.package_identification:_identify(isaacpjt/M0609/Collected_m0609_camera/Collected_m0609_camera_backup/home/rokey/cobot3_ws/isaacpjt/M0609) by extension 'ros'
[0.196s] Level 1:colcon.colcon_core.package_identification:_identify(isaacpjt/M0609/Collected_m0609_camera/Collected_m0609_camera_backup/home/rokey/cobot3_ws/isaacpjt/M0609) by extensions ['cmake', 'python']
[0.196s] Level 1:colcon.colcon_core.package_identification:_identify(isaacpjt/M0609/Collected_m0609_camera/Collected_m0609_camera_backup/home/rokey/cobot3_ws/isaacpjt/M0609) by extension 'cmake'
[0.196s] Level 1:colcon.colcon_core.package_identification:_identify(isaacpjt/M0609/Collected_m0609_camera/Collected_m0609_camera_backup/home/rokey/cobot3_ws/isaacpjt/M0609) by extension 'python'
[0.196s] Level 1:colcon.colcon_core.package_identification:_identify(isaacpjt/M0609/Collected_m0609_camera/Collected_m0609_camera_backup/home/rokey/cobot3_ws/isaacpjt/M0609) by extensions ['python_setup_py']
[0.196s] Level 1:colcon.colcon_core.package_identification:_identify(isaacpjt/M0609/Collected_m0609_camera/Collected_m0609_camera_backup/home/rokey/cobot3_ws/isaacpjt/M0609) by extension 'python_setup_py'
[0.196s] Level 1:colcon.colcon_core.package_identification:_identify(isaacpjt/M0609/Collected_m0609_camera/Collected_m0609_camera_backup/home/rokey/cobot3_ws/isaacpjt/M0609/Collected_m0609_camera) by extensions ['ignore', 'ignore_ament_install']
[0.196s] Level 1:colcon.colcon_core.package_identification:_identify(isaacpjt/M0609/Collected_m0609_camera/Collected_m0609_camera_backup/home/rokey/cobot3_ws/isaacpjt/M0609/Collected_m0609_camera) by extension 'ignore'
[0.196s] Level 1:colcon.colcon_core.package_identification:_identify(isaacpjt/M0609/Collected_m0609_camera/Collected_m0609_camera_backup/home/rokey/cobot3_ws/isaacpjt/M0609/Collected_m0609_camera) by extension 'ignore_ament_install'
[0.197s] Level 1:colcon.colcon_core.package_identification:_identify(isaacpjt/M0609/Collected_m0609_camera/Collected_m0609_camera_backup/home/rokey/cobot3_ws/isaacpjt/M0609/Collected_m0609_camera) by extensions ['colcon_pkg']
[0.197s] Level 1:colcon.colcon_core.package_identification:_identify(isaacpjt/M0609/Collected_m0609_camera/Collected_m0609_camera_backup/home/rokey/cobot3_ws/isaacpjt/M0609/Collected_m0609_camera) by extension 'colcon_pkg'
[0.197s] Level 1:colcon.colcon_core.package_identification:_identify(isaacpjt/M0609/Collected_m0609_camera/Collected_m0609_camera_backup/home/rokey/cobot3_ws/isaacpjt/M0609/Collected_m0609_camera) by extensions ['colcon_meta']
[0.197s] Level 1:colcon.colcon_core.package_identification:_identify(isaacpjt/M0609/Collected_m0609_camera/Collected_m0609_camera_backup/home/rokey/cobot3_ws/isaacpjt/M0609/Collected_m0609_camera) by extension 'colcon_meta'
[0.197s] Level 1:colcon.colcon_core.package_identification:_identify(isaacpjt/M0609/Collected_m0609_camera/Collected_m0609_camera_backup/home/rokey/cobot3_ws/isaacpjt/M0609/Collected_m0609_camera) by extensions ['ros']
[0.197s] Level 1:colcon.colcon_core.package_identification:_identify(isaacpjt/M0609/Collected_m0609_camera/Collected_m0609_camera_backup/home/rokey/cobot3_ws/isaacpjt/M0609/Collected_m0609_camera) by extension 'ros'
[0.197s] Level 1:colcon.colcon_core.package_identification:_identify(isaacpjt/M0609/Collected_m0609_camera/Collected_m0609_camera_backup/home/rokey/cobot3_ws/isaacpjt/M0609/Collected_m0609_camera) by extensions ['cmake', 'python']
[0.197s] Level 1:colcon.colcon_core.package_identification:_identify(isaacpjt/M0609/Collected_m0609_camera/Collected_m0609_camera_backup/home/rokey/cobot3_ws/isaacpjt/M0609/Collected_m0609_camera) by extension 'cmake'
[0.197s] Level 1:colcon.colcon_core.package_identification:_identify(isaacpjt/M0609/Collected_m0609_camera/Collected_m0609_camera_backup/home/rokey/cobot3_ws/isaacpjt/M0609/Collected_m0609_camera) by extension 'python'
[0.197s] Level 1:colcon.colcon_core.package_identification:_identify(isaacpjt/M0609/Collected_m0609_camera/Collected_m0609_camera_backup/home/rokey/cobot3_ws/isaacpjt/M0609/Collected_m0609_camera) by extensions ['python_setup_py']
[0.197s] Level 1:colcon.colcon_core.package_identification:_identify(isaacpjt/M0609/Collected_m0609_camera/Collected_m0609_camera_backup/home/rokey/cobot3_ws/isaacpjt/M0609/Collected_m0609_camera) by extension 'python_setup_py'
[0.197s] Level 1:colcon.colcon_core.package_identification:_identify(isaacpjt/M0609/Collected_m0609_camera/Collected_m0609_camera_backup/home/rokey/cobot3_ws/isaacpjt/M0609/Collected_m0609_camera/SubUSDs) by extensions ['ignore', 'ignore_ament_install']
[0.197s] Level 1:colcon.colcon_core.package_identification:_identify(isaacpjt/M0609/Collected_m0609_camera/Collected_m0609_camera_backup/home/rokey/cobot3_ws/isaacpjt/M0609/Collected_m0609_camera/SubUSDs) by extension 'ignore'
[0.197s] Level 1:colcon.colcon_core.package_identification:_identify(isaacpjt/M0609/Collected_m0609_camera/Collected_m0609_camera_backup/home/rokey/cobot3_ws/isaacpjt/M0609/Collected_m0609_camera/SubUSDs) by extension 'ignore_ament_install'
[0.197s] Level 1:colcon.colcon_core.package_identification:_identify(isaacpjt/M0609/Collected_m0609_camera/Collected_m0609_camera_backup/home/rokey/cobot3_ws/isaacpjt/M0609/Collected_m0609_camera/SubUSDs) by extensions ['colcon_pkg']
[0.197s] Level 1:colcon.colcon_core.package_identification:_identify(isaacpjt/M0609/Collected_m0609_camera/Collected_m0609_camera_backup/home/rokey/cobot3_ws/isaacpjt/M0609/Collected_m0609_camera/SubUSDs) by extension 'colcon_pkg'
[0.197s] Level 1:colcon.colcon_core.package_identification:_identify(isaacpjt/M0609/Collected_m0609_camera/Collected_m0609_camera_backup/home/rokey/cobot3_ws/isaacpjt/M0609/Collected_m0609_camera/SubUSDs) by extensions ['colcon_meta']
[0.197s] Level 1:colcon.colcon_core.package_identification:_identify(isaacpjt/M0609/Collected_m0609_camera/Collected_m0609_camera_backup/home/rokey/cobot3_ws/isaacpjt/M0609/Collected_m0609_camera/SubUSDs) by extension 'colcon_meta'
[0.197s] Level 1:colcon.colcon_core.package_identification:_identify(isaacpjt/M0609/Collected_m0609_camera/Collected_m0609_camera_backup/home/rokey/cobot3_ws/isaacpjt/M0609/Collected_m0609_camera/SubUSDs) by extensions ['ros']
[0.197s] Level 1:colcon.colcon_core.package_identification:_identify(isaacpjt/M0609/Collected_m0609_camera/Collected_m0609_camera_backup/home/rokey/cobot3_ws/isaacpjt/M0609/Collected_m0609_camera/SubUSDs) by extension 'ros'
[0.197s] Level 1:colcon.colcon_core.package_identification:_identify(isaacpjt/M0609/Collected_m0609_camera/Collected_m0609_camera_backup/home/rokey/cobot3_ws/isaacpjt/M0609/Collected_m0609_camera/SubUSDs) by extensions ['cmake', 'python']
[0.197s] Level 1:colcon.colcon_core.package_identification:_identify(isaacpjt/M0609/Collected_m0609_camera/Collected_m0609_camera_backup/home/rokey/cobot3_ws/isaacpjt/M0609/Collected_m0609_camera/SubUSDs) by extension 'cmake'
[0.197s] Level 1:colcon.colcon_core.package_identification:_identify(isaacpjt/M0609/Collected_m0609_camera/Collected_m0609_camera_backup/home/rokey/cobot3_ws/isaacpjt/M0609/Collected_m0609_camera/SubUSDs) by extension 'python'
[0.197s] Level 1:colcon.colcon_core.package_identification:_identify(isaacpjt/M0609/Collected_m0609_camera/Collected_m0609_camera_backup/home/rokey/cobot3_ws/isaacpjt/M0609/Collected_m0609_camera/SubUSDs) by extensions ['python_setup_py']
[0.197s] Level 1:colcon.colcon_core.package_identification:_identify(isaacpjt/M0609/Collected_m0609_camera/Collected_m0609_camera_backup/home/rokey/cobot3_ws/isaacpjt/M0609/Collected_m0609_camera/SubUSDs) by extension 'python_setup_py'
[0.197s] Level 1:colcon.colcon_core.package_identification:_identify(isaacpjt/M0609/Collected_m0609_camera/Collected_m0609_camera_backup/home/rokey/cobot3_ws/isaacpjt/M0609/Collected_m0609_camera/SubUSDs/materials) by extensions ['ignore', 'ignore_ament_install']
[0.197s] Level 1:colcon.colcon_core.package_identification:_identify(isaacpjt/M0609/Collected_m0609_camera/Collected_m0609_camera_backup/home/rokey/cobot3_ws/isaacpjt/M0609/Collected_m0609_camera/SubUSDs/materials) by extension 'ignore'
[0.197s] Level 1:colcon.colcon_core.package_identification:_identify(isaacpjt/M0609/Collected_m0609_camera/Collected_m0609_camera_backup/home/rokey/cobot3_ws/isaacpjt/M0609/Collected_m0609_camera/SubUSDs/materials) by extension 'ignore_ament_install'
[0.197s] Level 1:colcon.colcon_core.package_identification:_identify(isaacpjt/M0609/Collected_m0609_camera/Collected_m0609_camera_backup/home/rokey/cobot3_ws/isaacpjt/M0609/Collected_m0609_camera/SubUSDs/materials) by extensions ['colcon_pkg']
[0.197s] Level 1:colcon.colcon_core.package_identification:_identify(isaacpjt/M0609/Collected_m0609_camera/Collected_m0609_camera_backup/home/rokey/cobot3_ws/isaacpjt/M0609/Collected_m0609_camera/SubUSDs/materials) by extension 'colcon_pkg'
[0.197s] Level 1:colcon.colcon_core.package_identification:_identify(isaacpjt/M0609/Collected_m0609_camera/Collected_m0609_camera_backup/home/rokey/cobot3_ws/isaacpjt/M0609/Collected_m0609_camera/SubUSDs/materials) by extensions ['colcon_meta']
[0.197s] Level 1:colcon.colcon_core.package_identification:_identify(isaacpjt/M0609/Collected_m0609_camera/Collected_m0609_camera_backup/home/rokey/cobot3_ws/isaacpjt/M0609/Collected_m0609_camera/SubUSDs/materials) by extension 'colcon_meta'
[0.197s] Level 1:colcon.colcon_core.package_identification:_identify(isaacpjt/M0609/Collected_m0609_camera/Collected_m0609_camera_backup/home/rokey/cobot3_ws/isaacpjt/M0609/Collected_m0609_camera/SubUSDs/materials) by extensions ['ros']
[0.197s] Level 1:colcon.colcon_core.package_identification:_identify(isaacpjt/M0609/Collected_m0609_camera/Collected_m0609_camera_backup/home/rokey/cobot3_ws/isaacpjt/M0609/Collected_m0609_camera/SubUSDs/materials) by extension 'ros'
[0.197s] Level 1:colcon.colcon_core.package_identification:_identify(isaacpjt/M0609/Collected_m0609_camera/Collected_m0609_camera_backup/home/rokey/cobot3_ws/isaacpjt/M0609/Collected_m0609_camera/SubUSDs/materials) by extensions ['cmake', 'python']
[0.197s] Level 1:colcon.colcon_core.package_identification:_identify(isaacpjt/M0609/Collected_m0609_camera/Collected_m0609_camera_backup/home/rokey/cobot3_ws/isaacpjt/M0609/Collected_m0609_camera/SubUSDs/materials) by extension 'cmake'
[0.197s] Level 1:colcon.colcon_core.package_identification:_identify(isaacpjt/M0609/Collected_m0609_camera/Collected_m0609_camera_backup/home/rokey/cobot3_ws/isaacpjt/M0609/Collected_m0609_camera/SubUSDs/materials) by extension 'python'
[0.197s] Level 1:colcon.colcon_core.package_identification:_identify(isaacpjt/M0609/Collected_m0609_camera/Collected_m0609_camera_backup/home/rokey/cobot3_ws/isaacpjt/M0609/Collected_m0609_camera/SubUSDs/materials) by extensions ['python_setup_py']
[0.197s] Level 1:colcon.colcon_core.package_identification:_identify(isaacpjt/M0609/Collected_m0609_camera/Collected_m0609_camera_backup/home/rokey/cobot3_ws/isaacpjt/M0609/Collected_m0609_camera/SubUSDs/materials) by extension 'python_setup_py'
[0.197s] Level 1:colcon.colcon_core.package_identification:_identify(isaacpjt/M0609/Collected_m0609_camera/Collected_m0609_camera_backup/home/rokey/cobot3_ws/isaacpjt/M0609/Collected_m0609_camera/SubUSDs/textures) by extensions ['ignore', 'ignore_ament_install']
[0.198s] Level 1:colcon.colcon_core.package_identification:_identify(isaacpjt/M0609/Collected_m0609_camera/Collected_m0609_camera_backup/home/rokey/cobot3_ws/isaacpjt/M0609/Collected_m0609_camera/SubUSDs/textures) by extension 'ignore'
[0.198s] Level 1:colcon.colcon_core.package_identification:_identify(isaacpjt/M0609/Collected_m0609_camera/Collected_m0609_camera_backup/home/rokey/cobot3_ws/isaacpjt/M0609/Collected_m0609_camera/SubUSDs/textures) by extension 'ignore_ament_install'
[0.198s] Level 1:colcon.colcon_core.package_identification:_identify(isaacpjt/M0609/Collected_m0609_camera/Collected_m0609_camera_backup/home/rokey/cobot3_ws/isaacpjt/M0609/Collected_m0609_camera/SubUSDs/textures) by extensions ['colcon_pkg']
[0.198s] Level 1:colcon.colcon_core.package_identification:_identify(isaacpjt/M0609/Collected_m0609_camera/Collected_m0609_camera_backup/home/rokey/cobot3_ws/isaacpjt/M0609/Collected_m0609_camera/SubUSDs/textures) by extension 'colcon_pkg'
[0.198s] Level 1:colcon.colcon_core.package_identification:_identify(isaacpjt/M0609/Collected_m0609_camera/Collected_m0609_camera_backup/home/rokey/cobot3_ws/isaacpjt/M0609/Collected_m0609_camera/SubUSDs/textures) by extensions ['colcon_meta']
[0.198s] Level 1:colcon.colcon_core.package_identification:_identify(isaacpjt/M0609/Collected_m0609_camera/Collected_m0609_camera_backup/home/rokey/cobot3_ws/isaacpjt/M0609/Collected_m0609_camera/SubUSDs/textures) by extension 'colcon_meta'
[0.198s] Level 1:colcon.colcon_core.package_identification:_identify(isaacpjt/M0609/Collected_m0609_camera/Collected_m0609_camera_backup/home/rokey/cobot3_ws/isaacpjt/M0609/Collected_m0609_camera/SubUSDs/textures) by extensions ['ros']
[0.198s] Level 1:colcon.colcon_core.package_identification:_identify(isaacpjt/M0609/Collected_m0609_camera/Collected_m0609_camera_backup/home/rokey/cobot3_ws/isaacpjt/M0609/Collected_m0609_camera/SubUSDs/textures) by extension 'ros'
[0.198s] Level 1:colcon.colcon_core.package_identification:_identify(isaacpjt/M0609/Collected_m0609_camera/Collected_m0609_camera_backup/home/rokey/cobot3_ws/isaacpjt/M0609/Collected_m0609_camera/SubUSDs/textures) by extensions ['cmake', 'python']
[0.198s] Level 1:colcon.colcon_core.package_identification:_identify(isaacpjt/M0609/Collected_m0609_camera/Collected_m0609_camera_backup/home/rokey/cobot3_ws/isaacpjt/M0609/Collected_m0609_camera/SubUSDs/textures) by extension 'cmake'
[0.198s] Level 1:colcon.colcon_core.package_identification:_identify(isaacpjt/M0609/Collected_m0609_camera/Collected_m0609_camera_backup/home/rokey/cobot3_ws/isaacpjt/M0609/Collected_m0609_camera/SubUSDs/textures) by extension 'python'
[0.198s] Level 1:colcon.colcon_core.package_identification:_identify(isaacpjt/M0609/Collected_m0609_camera/Collected_m0609_camera_backup/home/rokey/cobot3_ws/isaacpjt/M0609/Collected_m0609_camera/SubUSDs/textures) by extensions ['python_setup_py']
[0.198s] Level 1:colcon.colcon_core.package_identification:_identify(isaacpjt/M0609/Collected_m0609_camera/Collected_m0609_camera_backup/home/rokey/cobot3_ws/isaacpjt/M0609/Collected_m0609_camera/SubUSDs/textures) by extension 'python_setup_py'
[0.198s] Level 1:colcon.colcon_core.package_identification:_identify(isaacpjt/M0609/Collected_m0609_camera/Collected_m0609_camera_backup/omniverse-content-production.s3-us-west-2.amazonaws.com) by extensions ['ignore', 'ignore_ament_install']
[0.198s] Level 1:colcon.colcon_core.package_identification:_identify(isaacpjt/M0609/Collected_m0609_camera/Collected_m0609_camera_backup/omniverse-content-production.s3-us-west-2.amazonaws.com) by extension 'ignore'
[0.198s] Level 1:colcon.colcon_core.package_identification:_identify(isaacpjt/M0609/Collected_m0609_camera/Collected_m0609_camera_backup/omniverse-content-production.s3-us-west-2.amazonaws.com) by extension 'ignore_ament_install'
[0.198s] Level 1:colcon.colcon_core.package_identification:_identify(isaacpjt/M0609/Collected_m0609_camera/Collected_m0609_camera_backup/omniverse-content-production.s3-us-west-2.amazonaws.com) by extensions ['colcon_pkg']
[0.198s] Level 1:colcon.colcon_core.package_identification:_identify(isaacpjt/M0609/Collected_m0609_camera/Collected_m0609_camera_backup/omniverse-content-production.s3-us-west-2.amazonaws.com) by extension 'colcon_pkg'
[0.198s] Level 1:colcon.colcon_core.package_identification:_identify(isaacpjt/M0609/Collected_m0609_camera/Collected_m0609_camera_backup/omniverse-content-production.s3-us-west-2.amazonaws.com) by extensions ['colcon_meta']
[0.198s] Level 1:colcon.colcon_core.package_identification:_identify(isaacpjt/M0609/Collected_m0609_camera/Collected_m0609_camera_backup/omniverse-content-production.s3-us-west-2.amazonaws.com) by extension 'colcon_meta'
[0.198s] Level 1:colcon.colcon_core.package_identification:_identify(isaacpjt/M0609/Collected_m0609_camera/Collected_m0609_camera_backup/omniverse-content-production.s3-us-west-2.amazonaws.com) by extensions ['ros']
[0.198s] Level 1:colcon.colcon_core.package_identification:_identify(isaacpjt/M0609/Collected_m0609_camera/Collected_m0609_camera_backup/omniverse-content-production.s3-us-west-2.amazonaws.com) by extension 'ros'
[0.198s] Level 1:colcon.colcon_core.package_identification:_identify(isaacpjt/M0609/Collected_m0609_camera/Collected_m0609_camera_backup/omniverse-content-production.s3-us-west-2.amazonaws.com) by extensions ['cmake', 'python']
[0.198s] Level 1:colcon.colcon_core.package_identification:_identify(isaacpjt/M0609/Collected_m0609_camera/Collected_m0609_camera_backup/omniverse-content-production.s3-us-west-2.amazonaws.com) by extension 'cmake'
[0.198s] Level 1:colcon.colcon_core.package_identification:_identify(isaacpjt/M0609/Collected_m0609_camera/Collected_m0609_camera_backup/omniverse-content-production.s3-us-west-2.amazonaws.com) by extension 'python'
[0.198s] Level 1:colcon.colcon_core.package_identification:_identify(isaacpjt/M0609/Collected_m0609_camera/Collected_m0609_camera_backup/omniverse-content-production.s3-us-west-2.amazonaws.com) by extensions ['python_setup_py']
[0.198s] Level 1:colcon.colcon_core.package_identification:_identify(isaacpjt/M0609/Collected_m0609_camera/Collected_m0609_camera_backup/omniverse-content-production.s3-us-west-2.amazonaws.com) by extension 'python_setup_py'
[0.198s] Level 1:colcon.colcon_core.package_identification:_identify(isaacpjt/M0609/Collected_m0609_camera/Collected_m0609_camera_backup/omniverse-content-production.s3-us-west-2.amazonaws.com/Assets) by extensions ['ignore', 'ignore_ament_install']
[0.198s] Level 1:colcon.colcon_core.package_identification:_identify(isaacpjt/M0609/Collected_m0609_camera/Collected_m0609_camera_backup/omniverse-content-production.s3-us-west-2.amazonaws.com/Assets) by extension 'ignore'
[0.198s] Level 1:colcon.colcon_core.package_identification:_identify(isaacpjt/M0609/Collected_m0609_camera/Collected_m0609_camera_backup/omniverse-content-production.s3-us-west-2.amazonaws.com/Assets) by extension 'ignore_ament_install'
[0.198s] Level 1:colcon.colcon_core.package_identification:_identify(isaacpjt/M0609/Collected_m0609_camera/Collected_m0609_camera_backup/omniverse-content-production.s3-us-west-2.amazonaws.com/Assets) by extensions ['colcon_pkg']
[0.198s] Level 1:colcon.colcon_core.package_identification:_identify(isaacpjt/M0609/Collected_m0609_camera/Collected_m0609_camera_backup/omniverse-content-production.s3-us-west-2.amazonaws.com/Assets) by extension 'colcon_pkg'
[0.198s] Level 1:colcon.colcon_core.package_identification:_identify(isaacpjt/M0609/Collected_m0609_camera/Collected_m0609_camera_backup/omniverse-content-production.s3-us-west-2.amazonaws.com/Assets) by extensions ['colcon_meta']
[0.198s] Level 1:colcon.colcon_core.package_identification:_identify(isaacpjt/M0609/Collected_m0609_camera/Collected_m0609_camera_backup/omniverse-content-production.s3-us-west-2.amazonaws.com/Assets) by extension 'colcon_meta'
[0.198s] Level 1:colcon.colcon_core.package_identification:_identify(isaacpjt/M0609/Collected_m0609_camera/Collected_m0609_camera_backup/omniverse-content-production.s3-us-west-2.amazonaws.com/Assets) by extensions ['ros']
[0.198s] Level 1:colcon.colcon_core.package_identification:_identify(isaacpjt/M0609/Collected_m0609_camera/Collected_m0609_camera_backup/omniverse-content-production.s3-us-west-2.amazonaws.com/Assets) by extension 'ros'
[0.198s] Level 1:colcon.colcon_core.package_identification:_identify(isaacpjt/M0609/Collected_m0609_camera/Collected_m0609_camera_backup/omniverse-content-production.s3-us-west-2.amazonaws.com/Assets) by extensions ['cmake', 'python']
[0.198s] Level 1:colcon.colcon_core.package_identification:_identify(isaacpjt/M0609/Collected_m0609_camera/Collected_m0609_camera_backup/omniverse-content-production.s3-us-west-2.amazonaws.com/Assets) by extension 'cmake'
[0.198s] Level 1:colcon.colcon_core.package_identification:_identify(isaacpjt/M0609/Collected_m0609_camera/Collected_m0609_camera_backup/omniverse-content-production.s3-us-west-2.amazonaws.com/Assets) by extension 'python'
[0.198s] Level 1:colcon.colcon_core.package_identification:_identify(isaacpjt/M0609/Collected_m0609_camera/Collected_m0609_camera_backup/omniverse-content-production.s3-us-west-2.amazonaws.com/Assets) by extensions ['python_setup_py']
[0.198s] Level 1:colcon.colcon_core.package_identification:_identify(isaacpjt/M0609/Collected_m0609_camera/Collected_m0609_camera_backup/omniverse-content-production.s3-us-west-2.amazonaws.com/Assets) by extension 'python_setup_py'
[0.198s] Level 1:colcon.colcon_core.package_identification:_identify(isaacpjt/M0609/Collected_m0609_camera/Collected_m0609_camera_backup/omniverse-content-production.s3-us-west-2.amazonaws.com/Assets/Isaac) by extensions ['ignore', 'ignore_ament_install']
[0.198s] Level 1:colcon.colcon_core.package_identification:_identify(isaacpjt/M0609/Collected_m0609_camera/Collected_m0609_camera_backup/omniverse-content-production.s3-us-west-2.amazonaws.com/Assets/Isaac) by extension 'ignore'
[0.199s] Level 1:colcon.colcon_core.package_identification:_identify(isaacpjt/M0609/Collected_m0609_camera/Collected_m0609_camera_backup/omniverse-content-production.s3-us-west-2.amazonaws.com/Assets/Isaac) by extension 'ignore_ament_install'
[0.199s] Level 1:colcon.colcon_core.package_identification:_identify(isaacpjt/M0609/Collected_m0609_camera/Collected_m0609_camera_backup/omniverse-content-production.s3-us-west-2.amazonaws.com/Assets/Isaac) by extensions ['colcon_pkg']
[0.199s] Level 1:colcon.colcon_core.package_identification:_identify(isaacpjt/M0609/Collected_m0609_camera/Collected_m0609_camera_backup/omniverse-content-production.s3-us-west-2.amazonaws.com/Assets/Isaac) by extension 'colcon_pkg'
[0.199s] Level 1:colcon.colcon_core.package_identification:_identify(isaacpjt/M0609/Collected_m0609_camera/Collected_m0609_camera_backup/omniverse-content-production.s3-us-west-2.amazonaws.com/Assets/Isaac) by extensions ['colcon_meta']
[0.199s] Level 1:colcon.colcon_core.package_identification:_identify(isaacpjt/M0609/Collected_m0609_camera/Collected_m0609_camera_backup/omniverse-content-production.s3-us-west-2.amazonaws.com/Assets/Isaac) by extension 'colcon_meta'
[0.199s] Level 1:colcon.colcon_core.package_identification:_identify(isaacpjt/M0609/Collected_m0609_camera/Collected_m0609_camera_backup/omniverse-content-production.s3-us-west-2.amazonaws.com/Assets/Isaac) by extensions ['ros']
[0.199s] Level 1:colcon.colcon_core.package_identification:_identify(isaacpjt/M0609/Collected_m0609_camera/Collected_m0609_camera_backup/omniverse-content-production.s3-us-west-2.amazonaws.com/Assets/Isaac) by extension 'ros'
[0.199s] Level 1:colcon.colcon_core.package_identification:_identify(isaacpjt/M0609/Collected_m0609_camera/Collected_m0609_camera_backup/omniverse-content-production.s3-us-west-2.amazonaws.com/Assets/Isaac) by extensions ['cmake', 'python']
[0.199s] Level 1:colcon.colcon_core.package_identification:_identify(isaacpjt/M0609/Collected_m0609_camera/Collected_m0609_camera_backup/omniverse-content-production.s3-us-west-2.amazonaws.com/Assets/Isaac) by extension 'cmake'
[0.199s] Level 1:colcon.colcon_core.package_identification:_identify(isaacpjt/M0609/Collected_m0609_camera/Collected_m0609_camera_backup/omniverse-content-production.s3-us-west-2.amazonaws.com/Assets/Isaac) by extension 'python'
[0.199s] Level 1:colcon.colcon_core.package_identification:_identify(isaacpjt/M0609/Collected_m0609_camera/Collected_m0609_camera_backup/omniverse-content-production.s3-us-west-2.amazonaws.com/Assets/Isaac) by extensions ['python_setup_py']
[0.199s] Level 1:colcon.colcon_core.package_identification:_identify(isaacpjt/M0609/Collected_m0609_camera/Collected_m0609_camera_backup/omniverse-content-production.s3-us-west-2.amazonaws.com/Assets/Isaac) by extension 'python_setup_py'
[0.199s] Level 1:colcon.colcon_core.package_identification:_identify(isaacpjt/M0609/Collected_m0609_camera/Collected_m0609_camera_backup/omniverse-content-production.s3-us-west-2.amazonaws.com/Assets/Isaac/5.1) by extensions ['ignore', 'ignore_ament_install']
[0.199s] Level 1:colcon.colcon_core.package_identification:_identify(isaacpjt/M0609/Collected_m0609_camera/Collected_m0609_camera_backup/omniverse-content-production.s3-us-west-2.amazonaws.com/Assets/Isaac/5.1) by extension 'ignore'
[0.199s] Level 1:colcon.colcon_core.package_identification:_identify(isaacpjt/M0609/Collected_m0609_camera/Collected_m0609_camera_backup/omniverse-content-production.s3-us-west-2.amazonaws.com/Assets/Isaac/5.1) by extension 'ignore_ament_install'
[0.199s] Level 1:colcon.colcon_core.package_identification:_identify(isaacpjt/M0609/Collected_m0609_camera/Collected_m0609_camera_backup/omniverse-content-production.s3-us-west-2.amazonaws.com/Assets/Isaac/5.1) by extensions ['colcon_pkg']
[0.199s] Level 1:colcon.colcon_core.package_identification:_identify(isaacpjt/M0609/Collected_m0609_camera/Collected_m0609_camera_backup/omniverse-content-production.s3-us-west-2.amazonaws.com/Assets/Isaac/5.1) by extension 'colcon_pkg'
[0.199s] Level 1:colcon.colcon_core.package_identification:_identify(isaacpjt/M0609/Collected_m0609_camera/Collected_m0609_camera_backup/omniverse-content-production.s3-us-west-2.amazonaws.com/Assets/Isaac/5.1) by extensions ['colcon_meta']
[0.199s] Level 1:colcon.colcon_core.package_identification:_identify(isaacpjt/M0609/Collected_m0609_camera/Collected_m0609_camera_backup/omniverse-content-production.s3-us-west-2.amazonaws.com/Assets/Isaac/5.1) by extension 'colcon_meta'
[0.199s] Level 1:colcon.colcon_core.package_identification:_identify(isaacpjt/M0609/Collected_m0609_camera/Collected_m0609_camera_backup/omniverse-content-production.s3-us-west-2.amazonaws.com/Assets/Isaac/5.1) by extensions ['ros']
[0.199s] Level 1:colcon.colcon_core.package_identification:_identify(isaacpjt/M0609/Collected_m0609_camera/Collected_m0609_camera_backup/omniverse-content-production.s3-us-west-2.amazonaws.com/Assets/Isaac/5.1) by extension 'ros'
[0.199s] Level 1:colcon.colcon_core.package_identification:_identify(isaacpjt/M0609/Collected_m0609_camera/Collected_m0609_camera_backup/omniverse-content-production.s3-us-west-2.amazonaws.com/Assets/Isaac/5.1) by extensions ['cmake', 'python']
[0.199s] Level 1:colcon.colcon_core.package_identification:_identify(isaacpjt/M0609/Collected_m0609_camera/Collected_m0609_camera_backup/omniverse-content-production.s3-us-west-2.amazonaws.com/Assets/Isaac/5.1) by extension 'cmake'
[0.199s] Level 1:colcon.colcon_core.package_identification:_identify(isaacpjt/M0609/Collected_m0609_camera/Collected_m0609_camera_backup/omniverse-content-production.s3-us-west-2.amazonaws.com/Assets/Isaac/5.1) by extension 'python'
[0.199s] Level 1:colcon.colcon_core.package_identification:_identify(isaacpjt/M0609/Collected_m0609_camera/Collected_m0609_camera_backup/omniverse-content-production.s3-us-west-2.amazonaws.com/Assets/Isaac/5.1) by extensions ['python_setup_py']
[0.199s] Level 1:colcon.colcon_core.package_identification:_identify(isaacpjt/M0609/Collected_m0609_camera/Collected_m0609_camera_backup/omniverse-content-production.s3-us-west-2.amazonaws.com/Assets/Isaac/5.1) by extension 'python_setup_py'
[0.199s] Level 1:colcon.colcon_core.package_identification:_identify(isaacpjt/M0609/Collected_m0609_camera/Collected_m0609_camera_backup/omniverse-content-production.s3-us-west-2.amazonaws.com/Assets/Isaac/5.1/Isaac) by extensions ['ignore', 'ignore_ament_install']
[0.199s] Level 1:colcon.colcon_core.package_identification:_identify(isaacpjt/M0609/Collected_m0609_camera/Collected_m0609_camera_backup/omniverse-content-production.s3-us-west-2.amazonaws.com/Assets/Isaac/5.1/Isaac) by extension 'ignore'
[0.199s] Level 1:colcon.colcon_core.package_identification:_identify(isaacpjt/M0609/Collected_m0609_camera/Collected_m0609_camera_backup/omniverse-content-production.s3-us-west-2.amazonaws.com/Assets/Isaac/5.1/Isaac) by extension 'ignore_ament_install'
[0.199s] Level 1:colcon.colcon_core.package_identification:_identify(isaacpjt/M0609/Collected_m0609_camera/Collected_m0609_camera_backup/omniverse-content-production.s3-us-west-2.amazonaws.com/Assets/Isaac/5.1/Isaac) by extensions ['colcon_pkg']
[0.199s] Level 1:colcon.colcon_core.package_identification:_identify(isaacpjt/M0609/Collected_m0609_camera/Collected_m0609_camera_backup/omniverse-content-production.s3-us-west-2.amazonaws.com/Assets/Isaac/5.1/Isaac) by extension 'colcon_pkg'
[0.199s] Level 1:colcon.colcon_core.package_identification:_identify(isaacpjt/M0609/Collected_m0609_camera/Collected_m0609_camera_backup/omniverse-content-production.s3-us-west-2.amazonaws.com/Assets/Isaac/5.1/Isaac) by extensions ['colcon_meta']
[0.199s] Level 1:colcon.colcon_core.package_identification:_identify(isaacpjt/M0609/Collected_m0609_camera/Collected_m0609_camera_backup/omniverse-content-production.s3-us-west-2.amazonaws.com/Assets/Isaac/5.1/Isaac) by extension 'colcon_meta'
[0.199s] Level 1:colcon.colcon_core.package_identification:_identify(isaacpjt/M0609/Collected_m0609_camera/Collected_m0609_camera_backup/omniverse-content-production.s3-us-west-2.amazonaws.com/Assets/Isaac/5.1/Isaac) by extensions ['ros']
[0.199s] Level 1:colcon.colcon_core.package_identification:_identify(isaacpjt/M0609/Collected_m0609_camera/Collected_m0609_camera_backup/omniverse-content-production.s3-us-west-2.amazonaws.com/Assets/Isaac/5.1/Isaac) by extension 'ros'
[0.199s] Level 1:colcon.colcon_core.package_identification:_identify(isaacpjt/M0609/Collected_m0609_camera/Collected_m0609_camera_backup/omniverse-content-production.s3-us-west-2.amazonaws.com/Assets/Isaac/5.1/Isaac) by extensions ['cmake', 'python']
[0.199s] Level 1:colcon.colcon_core.package_identification:_identify(isaacpjt/M0609/Collected_m0609_camera/Collected_m0609_camera_backup/omniverse-content-production.s3-us-west-2.amazonaws.com/Assets/Isaac/5.1/Isaac) by extension 'cmake'
[0.199s] Level 1:colcon.colcon_core.package_identification:_identify(isaacpjt/M0609/Collected_m0609_camera/Collected_m0609_camera_backup/omniverse-content-production.s3-us-west-2.amazonaws.com/Assets/Isaac/5.1/Isaac) by extension 'python'
[0.199s] Level 1:colcon.colcon_core.package_identification:_identify(isaacpjt/M0609/Collected_m0609_camera/Collected_m0609_camera_backup/omniverse-content-production.s3-us-west-2.amazonaws.com/Assets/Isaac/5.1/Isaac) by extensions ['python_setup_py']
[0.199s] Level 1:colcon.colcon_core.package_identification:_identify(isaacpjt/M0609/Collected_m0609_camera/Collected_m0609_camera_backup/omniverse-content-production.s3-us-west-2.amazonaws.com/Assets/Isaac/5.1/Isaac) by extension 'python_setup_py'
[0.199s] Level 1:colcon.colcon_core.package_identification:_identify(isaacpjt/M0609/Collected_m0609_camera/Collected_m0609_camera_backup/omniverse-content-production.s3-us-west-2.amazonaws.com/Assets/Isaac/5.1/Isaac/Props) by extensions ['ignore', 'ignore_ament_install']
[0.199s] Level 1:colcon.colcon_core.package_identification:_identify(isaacpjt/M0609/Collected_m0609_camera/Collected_m0609_camera_backup/omniverse-content-production.s3-us-west-2.amazonaws.com/Assets/Isaac/5.1/Isaac/Props) by extension 'ignore'
[0.200s] Level 1:colcon.colcon_core.package_identification:_identify(isaacpjt/M0609/Collected_m0609_camera/Collected_m0609_camera_backup/omniverse-content-production.s3-us-west-2.amazonaws.com/Assets/Isaac/5.1/Isaac/Props) by extension 'ignore_ament_install'
[0.200s] Level 1:colcon.colcon_core.package_identification:_identify(isaacpjt/M0609/Collected_m0609_camera/Collected_m0609_camera_backup/omniverse-content-production.s3-us-west-2.amazonaws.com/Assets/Isaac/5.1/Isaac/Props) by extensions ['colcon_pkg']
[0.200s] Level 1:colcon.colcon_core.package_identification:_identify(isaacpjt/M0609/Collected_m0609_camera/Collected_m0609_camera_backup/omniverse-content-production.s3-us-west-2.amazonaws.com/Assets/Isaac/5.1/Isaac/Props) by extension 'colcon_pkg'
[0.200s] Level 1:colcon.colcon_core.package_identification:_identify(isaacpjt/M0609/Collected_m0609_camera/Collected_m0609_camera_backup/omniverse-content-production.s3-us-west-2.amazonaws.com/Assets/Isaac/5.1/Isaac/Props) by extensions ['colcon_meta']
[0.200s] Level 1:colcon.colcon_core.package_identification:_identify(isaacpjt/M0609/Collected_m0609_camera/Collected_m0609_camera_backup/omniverse-content-production.s3-us-west-2.amazonaws.com/Assets/Isaac/5.1/Isaac/Props) by extension 'colcon_meta'
[0.200s] Level 1:colcon.colcon_core.package_identification:_identify(isaacpjt/M0609/Collected_m0609_camera/Collected_m0609_camera_backup/omniverse-content-production.s3-us-west-2.amazonaws.com/Assets/Isaac/5.1/Isaac/Props) by extensions ['ros']
[0.200s] Level 1:colcon.colcon_core.package_identification:_identify(isaacpjt/M0609/Collected_m0609_camera/Collected_m0609_camera_backup/omniverse-content-production.s3-us-west-2.amazonaws.com/Assets/Isaac/5.1/Isaac/Props) by extension 'ros'
[0.200s] Level 1:colcon.colcon_core.package_identification:_identify(isaacpjt/M0609/Collected_m0609_camera/Collected_m0609_camera_backup/omniverse-content-production.s3-us-west-2.amazonaws.com/Assets/Isaac/5.1/Isaac/Props) by extensions ['cmake', 'python']
[0.200s] Level 1:colcon.colcon_core.package_identification:_identify(isaacpjt/M0609/Collected_m0609_camera/Collected_m0609_camera_backup/omniverse-content-production.s3-us-west-2.amazonaws.com/Assets/Isaac/5.1/Isaac/Props) by extension 'cmake'
[0.200s] Level 1:colcon.colcon_core.package_identification:_identify(isaacpjt/M0609/Collected_m0609_camera/Collected_m0609_camera_backup/omniverse-content-production.s3-us-west-2.amazonaws.com/Assets/Isaac/5.1/Isaac/Props) by extension 'python'
[0.200s] Level 1:colcon.colcon_core.package_identification:_identify(isaacpjt/M0609/Collected_m0609_camera/Collected_m0609_camera_backup/omniverse-content-production.s3-us-west-2.amazonaws.com/Assets/Isaac/5.1/Isaac/Props) by extensions ['python_setup_py']
[0.200s] Level 1:colcon.colcon_core.package_identification:_identify(isaacpjt/M0609/Collected_m0609_camera/Collected_m0609_camera_backup/omniverse-content-production.s3-us-west-2.amazonaws.com/Assets/Isaac/5.1/Isaac/Props) by extension 'python_setup_py'
[0.200s] Level 1:colcon.colcon_core.package_identification:_identify(isaacpjt/M0609/Collected_m0609_camera/Collected_m0609_camera_backup/omniverse-content-production.s3-us-west-2.amazonaws.com/Assets/Isaac/5.1/Isaac/Props/Blocks) by extensions ['ignore', 'ignore_ament_install']
[0.200s] Level 1:colcon.colcon_core.package_identification:_identify(isaacpjt/M0609/Collected_m0609_camera/Collected_m0609_camera_backup/omniverse-content-production.s3-us-west-2.amazonaws.com/Assets/Isaac/5.1/Isaac/Props/Blocks) by extension 'ignore'
[0.200s] Level 1:colcon.colcon_core.package_identification:_identify(isaacpjt/M0609/Collected_m0609_camera/Collected_m0609_camera_backup/omniverse-content-production.s3-us-west-2.amazonaws.com/Assets/Isaac/5.1/Isaac/Props/Blocks) by extension 'ignore_ament_install'
[0.200s] Level 1:colcon.colcon_core.package_identification:_identify(isaacpjt/M0609/Collected_m0609_camera/Collected_m0609_camera_backup/omniverse-content-production.s3-us-west-2.amazonaws.com/Assets/Isaac/5.1/Isaac/Props/Blocks) by extensions ['colcon_pkg']
[0.200s] Level 1:colcon.colcon_core.package_identification:_identify(isaacpjt/M0609/Collected_m0609_camera/Collected_m0609_camera_backup/omniverse-content-production.s3-us-west-2.amazonaws.com/Assets/Isaac/5.1/Isaac/Props/Blocks) by extension 'colcon_pkg'
[0.200s] Level 1:colcon.colcon_core.package_identification:_identify(isaacpjt/M0609/Collected_m0609_camera/Collected_m0609_camera_backup/omniverse-content-production.s3-us-west-2.amazonaws.com/Assets/Isaac/5.1/Isaac/Props/Blocks) by extensions ['colcon_meta']
[0.200s] Level 1:colcon.colcon_core.package_identification:_identify(isaacpjt/M0609/Collected_m0609_camera/Collected_m0609_camera_backup/omniverse-content-production.s3-us-west-2.amazonaws.com/Assets/Isaac/5.1/Isaac/Props/Blocks) by extension 'colcon_meta'
[0.200s] Level 1:colcon.colcon_core.package_identification:_identify(isaacpjt/M0609/Collected_m0609_camera/Collected_m0609_camera_backup/omniverse-content-production.s3-us-west-2.amazonaws.com/Assets/Isaac/5.1/Isaac/Props/Blocks) by extensions ['ros']
[0.200s] Level 1:colcon.colcon_core.package_identification:_identify(isaacpjt/M0609/Collected_m0609_camera/Collected_m0609_camera_backup/omniverse-content-production.s3-us-west-2.amazonaws.com/Assets/Isaac/5.1/Isaac/Props/Blocks) by extension 'ros'
[0.200s] Level 1:colcon.colcon_core.package_identification:_identify(isaacpjt/M0609/Collected_m0609_camera/Collected_m0609_camera_backup/omniverse-content-production.s3-us-west-2.amazonaws.com/Assets/Isaac/5.1/Isaac/Props/Blocks) by extensions ['cmake', 'python']
[0.200s] Level 1:colcon.colcon_core.package_identification:_identify(isaacpjt/M0609/Collected_m0609_camera/Collected_m0609_camera_backup/omniverse-content-production.s3-us-west-2.amazonaws.com/Assets/Isaac/5.1/Isaac/Props/Blocks) by extension 'cmake'
[0.200s] Level 1:colcon.colcon_core.package_identification:_identify(isaacpjt/M0609/Collected_m0609_camera/Collected_m0609_camera_backup/omniverse-content-production.s3-us-west-2.amazonaws.com/Assets/Isaac/5.1/Isaac/Props/Blocks) by extension 'python'
[0.200s] Level 1:colcon.colcon_core.package_identification:_identify(isaacpjt/M0609/Collected_m0609_camera/Collected_m0609_camera_backup/omniverse-content-production.s3-us-west-2.amazonaws.com/Assets/Isaac/5.1/Isaac/Props/Blocks) by extensions ['python_setup_py']
[0.200s] Level 1:colcon.colcon_core.package_identification:_identify(isaacpjt/M0609/Collected_m0609_camera/Collected_m0609_camera_backup/omniverse-content-production.s3-us-west-2.amazonaws.com/Assets/Isaac/5.1/Isaac/Props/Blocks) by extension 'python_setup_py'
[0.200s] Level 1:colcon.colcon_core.package_identification:_identify(isaacpjt/M0609/Collected_m0609_camera/Collected_m0609_camera_backup/omniverse-content-production.s3-us-west-2.amazonaws.com/Assets/Isaac/5.1/Isaac/Props/Blocks/Materials) by extensions ['ignore', 'ignore_ament_install']
[0.200s] Level 1:colcon.colcon_core.package_identification:_identify(isaacpjt/M0609/Collected_m0609_camera/Collected_m0609_camera_backup/omniverse-content-production.s3-us-west-2.amazonaws.com/Assets/Isaac/5.1/Isaac/Props/Blocks/Materials) by extension 'ignore'
[0.200s] Level 1:colcon.colcon_core.package_identification:_identify(isaacpjt/M0609/Collected_m0609_camera/Collected_m0609_camera_backup/omniverse-content-production.s3-us-west-2.amazonaws.com/Assets/Isaac/5.1/Isaac/Props/Blocks/Materials) by extension 'ignore_ament_install'
[0.200s] Level 1:colcon.colcon_core.package_identification:_identify(isaacpjt/M0609/Collected_m0609_camera/Collected_m0609_camera_backup/omniverse-content-production.s3-us-west-2.amazonaws.com/Assets/Isaac/5.1/Isaac/Props/Blocks/Materials) by extensions ['colcon_pkg']
[0.200s] Level 1:colcon.colcon_core.package_identification:_identify(isaacpjt/M0609/Collected_m0609_camera/Collected_m0609_camera_backup/omniverse-content-production.s3-us-west-2.amazonaws.com/Assets/Isaac/5.1/Isaac/Props/Blocks/Materials) by extension 'colcon_pkg'
[0.200s] Level 1:colcon.colcon_core.package_identification:_identify(isaacpjt/M0609/Collected_m0609_camera/Collected_m0609_camera_backup/omniverse-content-production.s3-us-west-2.amazonaws.com/Assets/Isaac/5.1/Isaac/Props/Blocks/Materials) by extensions ['colcon_meta']
[0.200s] Level 1:colcon.colcon_core.package_identification:_identify(isaacpjt/M0609/Collected_m0609_camera/Collected_m0609_camera_backup/omniverse-content-production.s3-us-west-2.amazonaws.com/Assets/Isaac/5.1/Isaac/Props/Blocks/Materials) by extension 'colcon_meta'
[0.200s] Level 1:colcon.colcon_core.package_identification:_identify(isaacpjt/M0609/Collected_m0609_camera/Collected_m0609_camera_backup/omniverse-content-production.s3-us-west-2.amazonaws.com/Assets/Isaac/5.1/Isaac/Props/Blocks/Materials) by extensions ['ros']
[0.200s] Level 1:colcon.colcon_core.package_identification:_identify(isaacpjt/M0609/Collected_m0609_camera/Collected_m0609_camera_backup/omniverse-content-production.s3-us-west-2.amazonaws.com/Assets/Isaac/5.1/Isaac/Props/Blocks/Materials) by extension 'ros'
[0.200s] Level 1:colcon.colcon_core.package_identification:_identify(isaacpjt/M0609/Collected_m0609_camera/Collected_m0609_camera_backup/omniverse-content-production.s3-us-west-2.amazonaws.com/Assets/Isaac/5.1/Isaac/Props/Blocks/Materials) by extensions ['cmake', 'python']
[0.200s] Level 1:colcon.colcon_core.package_identification:_identify(isaacpjt/M0609/Collected_m0609_camera/Collected_m0609_camera_backup/omniverse-content-production.s3-us-west-2.amazonaws.com/Assets/Isaac/5.1/Isaac/Props/Blocks/Materials) by extension 'cmake'
[0.200s] Level 1:colcon.colcon_core.package_identification:_identify(isaacpjt/M0609/Collected_m0609_camera/Collected_m0609_camera_backup/omniverse-content-production.s3-us-west-2.amazonaws.com/Assets/Isaac/5.1/Isaac/Props/Blocks/Materials) by extension 'python'
[0.200s] Level 1:colcon.colcon_core.package_identification:_identify(isaacpjt/M0609/Collected_m0609_camera/Collected_m0609_camera_backup/omniverse-content-production.s3-us-west-2.amazonaws.com/Assets/Isaac/5.1/Isaac/Props/Blocks/Materials) by extensions ['python_setup_py']
[0.200s] Level 1:colcon.colcon_core.package_identification:_identify(isaacpjt/M0609/Collected_m0609_camera/Collected_m0609_camera_backup/omniverse-content-production.s3-us-west-2.amazonaws.com/Assets/Isaac/5.1/Isaac/Props/Blocks/Materials) by extension 'python_setup_py'
[0.201s] Level 1:colcon.colcon_core.package_identification:_identify(isaacpjt/M0609/Collected_m0609_camera/Collected_m0609_camera_backup/omniverse-content-production.s3-us-west-2.amazonaws.com/Assets/Isaac/5.1/Isaac/Props/Blocks/Materials/Textures) by extensions ['ignore', 'ignore_ament_install']
[0.201s] Level 1:colcon.colcon_core.package_identification:_identify(isaacpjt/M0609/Collected_m0609_camera/Collected_m0609_camera_backup/omniverse-content-production.s3-us-west-2.amazonaws.com/Assets/Isaac/5.1/Isaac/Props/Blocks/Materials/Textures) by extension 'ignore'
[0.201s] Level 1:colcon.colcon_core.package_identification:_identify(isaacpjt/M0609/Collected_m0609_camera/Collected_m0609_camera_backup/omniverse-content-production.s3-us-west-2.amazonaws.com/Assets/Isaac/5.1/Isaac/Props/Blocks/Materials/Textures) by extension 'ignore_ament_install'
[0.201s] Level 1:colcon.colcon_core.package_identification:_identify(isaacpjt/M0609/Collected_m0609_camera/Collected_m0609_camera_backup/omniverse-content-production.s3-us-west-2.amazonaws.com/Assets/Isaac/5.1/Isaac/Props/Blocks/Materials/Textures) by extensions ['colcon_pkg']
[0.201s] Level 1:colcon.colcon_core.package_identification:_identify(isaacpjt/M0609/Collected_m0609_camera/Collected_m0609_camera_backup/omniverse-content-production.s3-us-west-2.amazonaws.com/Assets/Isaac/5.1/Isaac/Props/Blocks/Materials/Textures) by extension 'colcon_pkg'
[0.201s] Level 1:colcon.colcon_core.package_identification:_identify(isaacpjt/M0609/Collected_m0609_camera/Collected_m0609_camera_backup/omniverse-content-production.s3-us-west-2.amazonaws.com/Assets/Isaac/5.1/Isaac/Props/Blocks/Materials/Textures) by extensions ['colcon_meta']
[0.201s] Level 1:colcon.colcon_core.package_identification:_identify(isaacpjt/M0609/Collected_m0609_camera/Collected_m0609_camera_backup/omniverse-content-production.s3-us-west-2.amazonaws.com/Assets/Isaac/5.1/Isaac/Props/Blocks/Materials/Textures) by extension 'colcon_meta'
[0.201s] Level 1:colcon.colcon_core.package_identification:_identify(isaacpjt/M0609/Collected_m0609_camera/Collected_m0609_camera_backup/omniverse-content-production.s3-us-west-2.amazonaws.com/Assets/Isaac/5.1/Isaac/Props/Blocks/Materials/Textures) by extensions ['ros']
[0.201s] Level 1:colcon.colcon_core.package_identification:_identify(isaacpjt/M0609/Collected_m0609_camera/Collected_m0609_camera_backup/omniverse-content-production.s3-us-west-2.amazonaws.com/Assets/Isaac/5.1/Isaac/Props/Blocks/Materials/Textures) by extension 'ros'
[0.201s] Level 1:colcon.colcon_core.package_identification:_identify(isaacpjt/M0609/Collected_m0609_camera/Collected_m0609_camera_backup/omniverse-content-production.s3-us-west-2.amazonaws.com/Assets/Isaac/5.1/Isaac/Props/Blocks/Materials/Textures) by extensions ['cmake', 'python']
[0.201s] Level 1:colcon.colcon_core.package_identification:_identify(isaacpjt/M0609/Collected_m0609_camera/Collected_m0609_camera_backup/omniverse-content-production.s3-us-west-2.amazonaws.com/Assets/Isaac/5.1/Isaac/Props/Blocks/Materials/Textures) by extension 'cmake'
[0.201s] Level 1:colcon.colcon_core.package_identification:_identify(isaacpjt/M0609/Collected_m0609_camera/Collected_m0609_camera_backup/omniverse-content-production.s3-us-west-2.amazonaws.com/Assets/Isaac/5.1/Isaac/Props/Blocks/Materials/Textures) by extension 'python'
[0.201s] Level 1:colcon.colcon_core.package_identification:_identify(isaacpjt/M0609/Collected_m0609_camera/Collected_m0609_camera_backup/omniverse-content-production.s3-us-west-2.amazonaws.com/Assets/Isaac/5.1/Isaac/Props/Blocks/Materials/Textures) by extensions ['python_setup_py']
[0.201s] Level 1:colcon.colcon_core.package_identification:_identify(isaacpjt/M0609/Collected_m0609_camera/Collected_m0609_camera_backup/omniverse-content-production.s3-us-west-2.amazonaws.com/Assets/Isaac/5.1/Isaac/Props/Blocks/Materials/Textures) by extension 'python_setup_py'
[0.201s] Level 1:colcon.colcon_core.package_identification:_identify(isaacpjt/M0609/Collected_m0609_camera/SubUSDs) by extensions ['ignore', 'ignore_ament_install']
[0.201s] Level 1:colcon.colcon_core.package_identification:_identify(isaacpjt/M0609/Collected_m0609_camera/SubUSDs) by extension 'ignore'
[0.201s] Level 1:colcon.colcon_core.package_identification:_identify(isaacpjt/M0609/Collected_m0609_camera/SubUSDs) by extension 'ignore_ament_install'
[0.201s] Level 1:colcon.colcon_core.package_identification:_identify(isaacpjt/M0609/Collected_m0609_camera/SubUSDs) by extensions ['colcon_pkg']
[0.201s] Level 1:colcon.colcon_core.package_identification:_identify(isaacpjt/M0609/Collected_m0609_camera/SubUSDs) by extension 'colcon_pkg'
[0.201s] Level 1:colcon.colcon_core.package_identification:_identify(isaacpjt/M0609/Collected_m0609_camera/SubUSDs) by extensions ['colcon_meta']
[0.201s] Level 1:colcon.colcon_core.package_identification:_identify(isaacpjt/M0609/Collected_m0609_camera/SubUSDs) by extension 'colcon_meta'
[0.201s] Level 1:colcon.colcon_core.package_identification:_identify(isaacpjt/M0609/Collected_m0609_camera/SubUSDs) by extensions ['ros']
[0.201s] Level 1:colcon.colcon_core.package_identification:_identify(isaacpjt/M0609/Collected_m0609_camera/SubUSDs) by extension 'ros'
[0.201s] Level 1:colcon.colcon_core.package_identification:_identify(isaacpjt/M0609/Collected_m0609_camera/SubUSDs) by extensions ['cmake', 'python']
[0.201s] Level 1:colcon.colcon_core.package_identification:_identify(isaacpjt/M0609/Collected_m0609_camera/SubUSDs) by extension 'cmake'
[0.201s] Level 1:colcon.colcon_core.package_identification:_identify(isaacpjt/M0609/Collected_m0609_camera/SubUSDs) by extension 'python'
[0.201s] Level 1:colcon.colcon_core.package_identification:_identify(isaacpjt/M0609/Collected_m0609_camera/SubUSDs) by extensions ['python_setup_py']
[0.201s] Level 1:colcon.colcon_core.package_identification:_identify(isaacpjt/M0609/Collected_m0609_camera/SubUSDs) by extension 'python_setup_py'
[0.201s] Level 1:colcon.colcon_core.package_identification:_identify(isaacpjt/M0609/Collected_m0609_camera/SubUSDs/materials) by extensions ['ignore', 'ignore_ament_install']
[0.201s] Level 1:colcon.colcon_core.package_identification:_identify(isaacpjt/M0609/Collected_m0609_camera/SubUSDs/materials) by extension 'ignore'
[0.201s] Level 1:colcon.colcon_core.package_identification:_identify(isaacpjt/M0609/Collected_m0609_camera/SubUSDs/materials) by extension 'ignore_ament_install'
[0.201s] Level 1:colcon.colcon_core.package_identification:_identify(isaacpjt/M0609/Collected_m0609_camera/SubUSDs/materials) by extensions ['colcon_pkg']
[0.201s] Level 1:colcon.colcon_core.package_identification:_identify(isaacpjt/M0609/Collected_m0609_camera/SubUSDs/materials) by extension 'colcon_pkg'
[0.201s] Level 1:colcon.colcon_core.package_identification:_identify(isaacpjt/M0609/Collected_m0609_camera/SubUSDs/materials) by extensions ['colcon_meta']
[0.201s] Level 1:colcon.colcon_core.package_identification:_identify(isaacpjt/M0609/Collected_m0609_camera/SubUSDs/materials) by extension 'colcon_meta'
[0.201s] Level 1:colcon.colcon_core.package_identification:_identify(isaacpjt/M0609/Collected_m0609_camera/SubUSDs/materials) by extensions ['ros']
[0.201s] Level 1:colcon.colcon_core.package_identification:_identify(isaacpjt/M0609/Collected_m0609_camera/SubUSDs/materials) by extension 'ros'
[0.202s] Level 1:colcon.colcon_core.package_identification:_identify(isaacpjt/M0609/Collected_m0609_camera/SubUSDs/materials) by extensions ['cmake', 'python']
[0.202s] Level 1:colcon.colcon_core.package_identification:_identify(isaacpjt/M0609/Collected_m0609_camera/SubUSDs/materials) by extension 'cmake'
[0.202s] Level 1:colcon.colcon_core.package_identification:_identify(isaacpjt/M0609/Collected_m0609_camera/SubUSDs/materials) by extension 'python'
[0.202s] Level 1:colcon.colcon_core.package_identification:_identify(isaacpjt/M0609/Collected_m0609_camera/SubUSDs/materials) by extensions ['python_setup_py']
[0.202s] Level 1:colcon.colcon_core.package_identification:_identify(isaacpjt/M0609/Collected_m0609_camera/SubUSDs/materials) by extension 'python_setup_py'
[0.202s] Level 1:colcon.colcon_core.package_identification:_identify(isaacpjt/M0609/Collected_m0609_camera/SubUSDs/textures) by extensions ['ignore', 'ignore_ament_install']
[0.202s] Level 1:colcon.colcon_core.package_identification:_identify(isaacpjt/M0609/Collected_m0609_camera/SubUSDs/textures) by extension 'ignore'
[0.202s] Level 1:colcon.colcon_core.package_identification:_identify(isaacpjt/M0609/Collected_m0609_camera/SubUSDs/textures) by extension 'ignore_ament_install'
[0.202s] Level 1:colcon.colcon_core.package_identification:_identify(isaacpjt/M0609/Collected_m0609_camera/SubUSDs/textures) by extensions ['colcon_pkg']
[0.202s] Level 1:colcon.colcon_core.package_identification:_identify(isaacpjt/M0609/Collected_m0609_camera/SubUSDs/textures) by extension 'colcon_pkg'
[0.202s] Level 1:colcon.colcon_core.package_identification:_identify(isaacpjt/M0609/Collected_m0609_camera/SubUSDs/textures) by extensions ['colcon_meta']
[0.202s] Level 1:colcon.colcon_core.package_identification:_identify(isaacpjt/M0609/Collected_m0609_camera/SubUSDs/textures) by extension 'colcon_meta'
[0.202s] Level 1:colcon.colcon_core.package_identification:_identify(isaacpjt/M0609/Collected_m0609_camera/SubUSDs/textures) by extensions ['ros']
[0.202s] Level 1:colcon.colcon_core.package_identification:_identify(isaacpjt/M0609/Collected_m0609_camera/SubUSDs/textures) by extension 'ros'
[0.202s] Level 1:colcon.colcon_core.package_identification:_identify(isaacpjt/M0609/Collected_m0609_camera/SubUSDs/textures) by extensions ['cmake', 'python']
[0.202s] Level 1:colcon.colcon_core.package_identification:_identify(isaacpjt/M0609/Collected_m0609_camera/SubUSDs/textures) by extension 'cmake'
[0.202s] Level 1:colcon.colcon_core.package_identification:_identify(isaacpjt/M0609/Collected_m0609_camera/SubUSDs/textures) by extension 'python'
[0.202s] Level 1:colcon.colcon_core.package_identification:_identify(isaacpjt/M0609/Collected_m0609_camera/SubUSDs/textures) by extensions ['python_setup_py']
[0.202s] Level 1:colcon.colcon_core.package_identification:_identify(isaacpjt/M0609/Collected_m0609_camera/SubUSDs/textures) by extension 'python_setup_py'
[0.202s] Level 1:colcon.colcon_core.package_identification:_identify(isaacpjt/M0609/Collected_m0609_camera/omniverse-content-production.s3-us-west-2.amazonaws.com) by extensions ['ignore', 'ignore_ament_install']
[0.202s] Level 1:colcon.colcon_core.package_identification:_identify(isaacpjt/M0609/Collected_m0609_camera/omniverse-content-production.s3-us-west-2.amazonaws.com) by extension 'ignore'
[0.202s] Level 1:colcon.colcon_core.package_identification:_identify(isaacpjt/M0609/Collected_m0609_camera/omniverse-content-production.s3-us-west-2.amazonaws.com) by extension 'ignore_ament_install'
[0.202s] Level 1:colcon.colcon_core.package_identification:_identify(isaacpjt/M0609/Collected_m0609_camera/omniverse-content-production.s3-us-west-2.amazonaws.com) by extensions ['colcon_pkg']
[0.202s] Level 1:colcon.colcon_core.package_identification:_identify(isaacpjt/M0609/Collected_m0609_camera/omniverse-content-production.s3-us-west-2.amazonaws.com) by extension 'colcon_pkg'
[0.202s] Level 1:colcon.colcon_core.package_identification:_identify(isaacpjt/M0609/Collected_m0609_camera/omniverse-content-production.s3-us-west-2.amazonaws.com) by extensions ['colcon_meta']
[0.202s] Level 1:colcon.colcon_core.package_identification:_identify(isaacpjt/M0609/Collected_m0609_camera/omniverse-content-production.s3-us-west-2.amazonaws.com) by extension 'colcon_meta'
[0.202s] Level 1:colcon.colcon_core.package_identification:_identify(isaacpjt/M0609/Collected_m0609_camera/omniverse-content-production.s3-us-west-2.amazonaws.com) by extensions ['ros']
[0.202s] Level 1:colcon.colcon_core.package_identification:_identify(isaacpjt/M0609/Collected_m0609_camera/omniverse-content-production.s3-us-west-2.amazonaws.com) by extension 'ros'
[0.202s] Level 1:colcon.colcon_core.package_identification:_identify(isaacpjt/M0609/Collected_m0609_camera/omniverse-content-production.s3-us-west-2.amazonaws.com) by extensions ['cmake', 'python']
[0.202s] Level 1:colcon.colcon_core.package_identification:_identify(isaacpjt/M0609/Collected_m0609_camera/omniverse-content-production.s3-us-west-2.amazonaws.com) by extension 'cmake'
[0.202s] Level 1:colcon.colcon_core.package_identification:_identify(isaacpjt/M0609/Collected_m0609_camera/omniverse-content-production.s3-us-west-2.amazonaws.com) by extension 'python'
[0.202s] Level 1:colcon.colcon_core.package_identification:_identify(isaacpjt/M0609/Collected_m0609_camera/omniverse-content-production.s3-us-west-2.amazonaws.com) by extensions ['python_setup_py']
[0.202s] Level 1:colcon.colcon_core.package_identification:_identify(isaacpjt/M0609/Collected_m0609_camera/omniverse-content-production.s3-us-west-2.amazonaws.com) by extension 'python_setup_py'
[0.202s] Level 1:colcon.colcon_core.package_identification:_identify(isaacpjt/M0609/Collected_m0609_camera/omniverse-content-production.s3-us-west-2.amazonaws.com/Assets) by extensions ['ignore', 'ignore_ament_install']
[0.202s] Level 1:colcon.colcon_core.package_identification:_identify(isaacpjt/M0609/Collected_m0609_camera/omniverse-content-production.s3-us-west-2.amazonaws.com/Assets) by extension 'ignore'
[0.202s] Level 1:colcon.colcon_core.package_identification:_identify(isaacpjt/M0609/Collected_m0609_camera/omniverse-content-production.s3-us-west-2.amazonaws.com/Assets) by extension 'ignore_ament_install'
[0.203s] Level 1:colcon.colcon_core.package_identification:_identify(isaacpjt/M0609/Collected_m0609_camera/omniverse-content-production.s3-us-west-2.amazonaws.com/Assets) by extensions ['colcon_pkg']
[0.203s] Level 1:colcon.colcon_core.package_identification:_identify(isaacpjt/M0609/Collected_m0609_camera/omniverse-content-production.s3-us-west-2.amazonaws.com/Assets) by extension 'colcon_pkg'
[0.203s] Level 1:colcon.colcon_core.package_identification:_identify(isaacpjt/M0609/Collected_m0609_camera/omniverse-content-production.s3-us-west-2.amazonaws.com/Assets) by extensions ['colcon_meta']
[0.203s] Level 1:colcon.colcon_core.package_identification:_identify(isaacpjt/M0609/Collected_m0609_camera/omniverse-content-production.s3-us-west-2.amazonaws.com/Assets) by extension 'colcon_meta'
[0.203s] Level 1:colcon.colcon_core.package_identification:_identify(isaacpjt/M0609/Collected_m0609_camera/omniverse-content-production.s3-us-west-2.amazonaws.com/Assets) by extensions ['ros']
[0.203s] Level 1:colcon.colcon_core.package_identification:_identify(isaacpjt/M0609/Collected_m0609_camera/omniverse-content-production.s3-us-west-2.amazonaws.com/Assets) by extension 'ros'
[0.203s] Level 1:colcon.colcon_core.package_identification:_identify(isaacpjt/M0609/Collected_m0609_camera/omniverse-content-production.s3-us-west-2.amazonaws.com/Assets) by extensions ['cmake', 'python']
[0.203s] Level 1:colcon.colcon_core.package_identification:_identify(isaacpjt/M0609/Collected_m0609_camera/omniverse-content-production.s3-us-west-2.amazonaws.com/Assets) by extension 'cmake'
[0.203s] Level 1:colcon.colcon_core.package_identification:_identify(isaacpjt/M0609/Collected_m0609_camera/omniverse-content-production.s3-us-west-2.amazonaws.com/Assets) by extension 'python'
[0.203s] Level 1:colcon.colcon_core.package_identification:_identify(isaacpjt/M0609/Collected_m0609_camera/omniverse-content-production.s3-us-west-2.amazonaws.com/Assets) by extensions ['python_setup_py']
[0.203s] Level 1:colcon.colcon_core.package_identification:_identify(isaacpjt/M0609/Collected_m0609_camera/omniverse-content-production.s3-us-west-2.amazonaws.com/Assets) by extension 'python_setup_py'
[0.203s] Level 1:colcon.colcon_core.package_identification:_identify(isaacpjt/M0609/Collected_m0609_camera/omniverse-content-production.s3-us-west-2.amazonaws.com/Assets/Isaac) by extensions ['ignore', 'ignore_ament_install']
[0.203s] Level 1:colcon.colcon_core.package_identification:_identify(isaacpjt/M0609/Collected_m0609_camera/omniverse-content-production.s3-us-west-2.amazonaws.com/Assets/Isaac) by extension 'ignore'
[0.203s] Level 1:colcon.colcon_core.package_identification:_identify(isaacpjt/M0609/Collected_m0609_camera/omniverse-content-production.s3-us-west-2.amazonaws.com/Assets/Isaac) by extension 'ignore_ament_install'
[0.203s] Level 1:colcon.colcon_core.package_identification:_identify(isaacpjt/M0609/Collected_m0609_camera/omniverse-content-production.s3-us-west-2.amazonaws.com/Assets/Isaac) by extensions ['colcon_pkg']
[0.203s] Level 1:colcon.colcon_core.package_identification:_identify(isaacpjt/M0609/Collected_m0609_camera/omniverse-content-production.s3-us-west-2.amazonaws.com/Assets/Isaac) by extension 'colcon_pkg'
[0.203s] Level 1:colcon.colcon_core.package_identification:_identify(isaacpjt/M0609/Collected_m0609_camera/omniverse-content-production.s3-us-west-2.amazonaws.com/Assets/Isaac) by extensions ['colcon_meta']
[0.203s] Level 1:colcon.colcon_core.package_identification:_identify(isaacpjt/M0609/Collected_m0609_camera/omniverse-content-production.s3-us-west-2.amazonaws.com/Assets/Isaac) by extension 'colcon_meta'
[0.203s] Level 1:colcon.colcon_core.package_identification:_identify(isaacpjt/M0609/Collected_m0609_camera/omniverse-content-production.s3-us-west-2.amazonaws.com/Assets/Isaac) by extensions ['ros']
[0.203s] Level 1:colcon.colcon_core.package_identification:_identify(isaacpjt/M0609/Collected_m0609_camera/omniverse-content-production.s3-us-west-2.amazonaws.com/Assets/Isaac) by extension 'ros'
[0.203s] Level 1:colcon.colcon_core.package_identification:_identify(isaacpjt/M0609/Collected_m0609_camera/omniverse-content-production.s3-us-west-2.amazonaws.com/Assets/Isaac) by extensions ['cmake', 'python']
[0.203s] Level 1:colcon.colcon_core.package_identification:_identify(isaacpjt/M0609/Collected_m0609_camera/omniverse-content-production.s3-us-west-2.amazonaws.com/Assets/Isaac) by extension 'cmake'
[0.203s] Level 1:colcon.colcon_core.package_identification:_identify(isaacpjt/M0609/Collected_m0609_camera/omniverse-content-production.s3-us-west-2.amazonaws.com/Assets/Isaac) by extension 'python'
[0.203s] Level 1:colcon.colcon_core.package_identification:_identify(isaacpjt/M0609/Collected_m0609_camera/omniverse-content-production.s3-us-west-2.amazonaws.com/Assets/Isaac) by extensions ['python_setup_py']
[0.203s] Level 1:colcon.colcon_core.package_identification:_identify(isaacpjt/M0609/Collected_m0609_camera/omniverse-content-production.s3-us-west-2.amazonaws.com/Assets/Isaac) by extension 'python_setup_py'
[0.203s] Level 1:colcon.colcon_core.package_identification:_identify(isaacpjt/M0609/Collected_m0609_camera/omniverse-content-production.s3-us-west-2.amazonaws.com/Assets/Isaac/5.1) by extensions ['ignore', 'ignore_ament_install']
[0.203s] Level 1:colcon.colcon_core.package_identification:_identify(isaacpjt/M0609/Collected_m0609_camera/omniverse-content-production.s3-us-west-2.amazonaws.com/Assets/Isaac/5.1) by extension 'ignore'
[0.203s] Level 1:colcon.colcon_core.package_identification:_identify(isaacpjt/M0609/Collected_m0609_camera/omniverse-content-production.s3-us-west-2.amazonaws.com/Assets/Isaac/5.1) by extension 'ignore_ament_install'
[0.203s] Level 1:colcon.colcon_core.package_identification:_identify(isaacpjt/M0609/Collected_m0609_camera/omniverse-content-production.s3-us-west-2.amazonaws.com/Assets/Isaac/5.1) by extensions ['colcon_pkg']
[0.203s] Level 1:colcon.colcon_core.package_identification:_identify(isaacpjt/M0609/Collected_m0609_camera/omniverse-content-production.s3-us-west-2.amazonaws.com/Assets/Isaac/5.1) by extension 'colcon_pkg'
[0.203s] Level 1:colcon.colcon_core.package_identification:_identify(isaacpjt/M0609/Collected_m0609_camera/omniverse-content-production.s3-us-west-2.amazonaws.com/Assets/Isaac/5.1) by extensions ['colcon_meta']
[0.203s] Level 1:colcon.colcon_core.package_identification:_identify(isaacpjt/M0609/Collected_m0609_camera/omniverse-content-production.s3-us-west-2.amazonaws.com/Assets/Isaac/5.1) by extension 'colcon_meta'
[0.203s] Level 1:colcon.colcon_core.package_identification:_identify(isaacpjt/M0609/Collected_m0609_camera/omniverse-content-production.s3-us-west-2.amazonaws.com/Assets/Isaac/5.1) by extensions ['ros']
[0.203s] Level 1:colcon.colcon_core.package_identification:_identify(isaacpjt/M0609/Collected_m0609_camera/omniverse-content-production.s3-us-west-2.amazonaws.com/Assets/Isaac/5.1) by extension 'ros'
[0.203s] Level 1:colcon.colcon_core.package_identification:_identify(isaacpjt/M0609/Collected_m0609_camera/omniverse-content-production.s3-us-west-2.amazonaws.com/Assets/Isaac/5.1) by extensions ['cmake', 'python']
[0.203s] Level 1:colcon.colcon_core.package_identification:_identify(isaacpjt/M0609/Collected_m0609_camera/omniverse-content-production.s3-us-west-2.amazonaws.com/Assets/Isaac/5.1) by extension 'cmake'
[0.203s] Level 1:colcon.colcon_core.package_identification:_identify(isaacpjt/M0609/Collected_m0609_camera/omniverse-content-production.s3-us-west-2.amazonaws.com/Assets/Isaac/5.1) by extension 'python'
[0.203s] Level 1:colcon.colcon_core.package_identification:_identify(isaacpjt/M0609/Collected_m0609_camera/omniverse-content-production.s3-us-west-2.amazonaws.com/Assets/Isaac/5.1) by extensions ['python_setup_py']
[0.203s] Level 1:colcon.colcon_core.package_identification:_identify(isaacpjt/M0609/Collected_m0609_camera/omniverse-content-production.s3-us-west-2.amazonaws.com/Assets/Isaac/5.1) by extension 'python_setup_py'
[0.203s] Level 1:colcon.colcon_core.package_identification:_identify(isaacpjt/M0609/Collected_m0609_camera/omniverse-content-production.s3-us-west-2.amazonaws.com/Assets/Isaac/5.1/Isaac) by extensions ['ignore', 'ignore_ament_install']
[0.203s] Level 1:colcon.colcon_core.package_identification:_identify(isaacpjt/M0609/Collected_m0609_camera/omniverse-content-production.s3-us-west-2.amazonaws.com/Assets/Isaac/5.1/Isaac) by extension 'ignore'
[0.203s] Level 1:colcon.colcon_core.package_identification:_identify(isaacpjt/M0609/Collected_m0609_camera/omniverse-content-production.s3-us-west-2.amazonaws.com/Assets/Isaac/5.1/Isaac) by extension 'ignore_ament_install'
[0.203s] Level 1:colcon.colcon_core.package_identification:_identify(isaacpjt/M0609/Collected_m0609_camera/omniverse-content-production.s3-us-west-2.amazonaws.com/Assets/Isaac/5.1/Isaac) by extensions ['colcon_pkg']
[0.203s] Level 1:colcon.colcon_core.package_identification:_identify(isaacpjt/M0609/Collected_m0609_camera/omniverse-content-production.s3-us-west-2.amazonaws.com/Assets/Isaac/5.1/Isaac) by extension 'colcon_pkg'
[0.203s] Level 1:colcon.colcon_core.package_identification:_identify(isaacpjt/M0609/Collected_m0609_camera/omniverse-content-production.s3-us-west-2.amazonaws.com/Assets/Isaac/5.1/Isaac) by extensions ['colcon_meta']
[0.203s] Level 1:colcon.colcon_core.package_identification:_identify(isaacpjt/M0609/Collected_m0609_camera/omniverse-content-production.s3-us-west-2.amazonaws.com/Assets/Isaac/5.1/Isaac) by extension 'colcon_meta'
[0.203s] Level 1:colcon.colcon_core.package_identification:_identify(isaacpjt/M0609/Collected_m0609_camera/omniverse-content-production.s3-us-west-2.amazonaws.com/Assets/Isaac/5.1/Isaac) by extensions ['ros']
[0.203s] Level 1:colcon.colcon_core.package_identification:_identify(isaacpjt/M0609/Collected_m0609_camera/omniverse-content-production.s3-us-west-2.amazonaws.com/Assets/Isaac/5.1/Isaac) by extension 'ros'
[0.203s] Level 1:colcon.colcon_core.package_identification:_identify(isaacpjt/M0609/Collected_m0609_camera/omniverse-content-production.s3-us-west-2.amazonaws.com/Assets/Isaac/5.1/Isaac) by extensions ['cmake', 'python']
[0.204s] Level 1:colcon.colcon_core.package_identification:_identify(isaacpjt/M0609/Collected_m0609_camera/omniverse-content-production.s3-us-west-2.amazonaws.com/Assets/Isaac/5.1/Isaac) by extension 'cmake'
[0.204s] Level 1:colcon.colcon_core.package_identification:_identify(isaacpjt/M0609/Collected_m0609_camera/omniverse-content-production.s3-us-west-2.amazonaws.com/Assets/Isaac/5.1/Isaac) by extension 'python'
[0.204s] Level 1:colcon.colcon_core.package_identification:_identify(isaacpjt/M0609/Collected_m0609_camera/omniverse-content-production.s3-us-west-2.amazonaws.com/Assets/Isaac/5.1/Isaac) by extensions ['python_setup_py']
[0.204s] Level 1:colcon.colcon_core.package_identification:_identify(isaacpjt/M0609/Collected_m0609_camera/omniverse-content-production.s3-us-west-2.amazonaws.com/Assets/Isaac/5.1/Isaac) by extension 'python_setup_py'
[0.204s] Level 1:colcon.colcon_core.package_identification:_identify(isaacpjt/M0609/Collected_m0609_camera/omniverse-content-production.s3-us-west-2.amazonaws.com/Assets/Isaac/5.1/Isaac/Props) by extensions ['ignore', 'ignore_ament_install']
[0.204s] Level 1:colcon.colcon_core.package_identification:_identify(isaacpjt/M0609/Collected_m0609_camera/omniverse-content-production.s3-us-west-2.amazonaws.com/Assets/Isaac/5.1/Isaac/Props) by extension 'ignore'
[0.204s] Level 1:colcon.colcon_core.package_identification:_identify(isaacpjt/M0609/Collected_m0609_camera/omniverse-content-production.s3-us-west-2.amazonaws.com/Assets/Isaac/5.1/Isaac/Props) by extension 'ignore_ament_install'
[0.204s] Level 1:colcon.colcon_core.package_identification:_identify(isaacpjt/M0609/Collected_m0609_camera/omniverse-content-production.s3-us-west-2.amazonaws.com/Assets/Isaac/5.1/Isaac/Props) by extensions ['colcon_pkg']
[0.204s] Level 1:colcon.colcon_core.package_identification:_identify(isaacpjt/M0609/Collected_m0609_camera/omniverse-content-production.s3-us-west-2.amazonaws.com/Assets/Isaac/5.1/Isaac/Props) by extension 'colcon_pkg'
[0.204s] Level 1:colcon.colcon_core.package_identification:_identify(isaacpjt/M0609/Collected_m0609_camera/omniverse-content-production.s3-us-west-2.amazonaws.com/Assets/Isaac/5.1/Isaac/Props) by extensions ['colcon_meta']
[0.204s] Level 1:colcon.colcon_core.package_identification:_identify(isaacpjt/M0609/Collected_m0609_camera/omniverse-content-production.s3-us-west-2.amazonaws.com/Assets/Isaac/5.1/Isaac/Props) by extension 'colcon_meta'
[0.204s] Level 1:colcon.colcon_core.package_identification:_identify(isaacpjt/M0609/Collected_m0609_camera/omniverse-content-production.s3-us-west-2.amazonaws.com/Assets/Isaac/5.1/Isaac/Props) by extensions ['ros']
[0.204s] Level 1:colcon.colcon_core.package_identification:_identify(isaacpjt/M0609/Collected_m0609_camera/omniverse-content-production.s3-us-west-2.amazonaws.com/Assets/Isaac/5.1/Isaac/Props) by extension 'ros'
[0.204s] Level 1:colcon.colcon_core.package_identification:_identify(isaacpjt/M0609/Collected_m0609_camera/omniverse-content-production.s3-us-west-2.amazonaws.com/Assets/Isaac/5.1/Isaac/Props) by extensions ['cmake', 'python']
[0.204s] Level 1:colcon.colcon_core.package_identification:_identify(isaacpjt/M0609/Collected_m0609_camera/omniverse-content-production.s3-us-west-2.amazonaws.com/Assets/Isaac/5.1/Isaac/Props) by extension 'cmake'
[0.204s] Level 1:colcon.colcon_core.package_identification:_identify(isaacpjt/M0609/Collected_m0609_camera/omniverse-content-production.s3-us-west-2.amazonaws.com/Assets/Isaac/5.1/Isaac/Props) by extension 'python'
[0.204s] Level 1:colcon.colcon_core.package_identification:_identify(isaacpjt/M0609/Collected_m0609_camera/omniverse-content-production.s3-us-west-2.amazonaws.com/Assets/Isaac/5.1/Isaac/Props) by extensions ['python_setup_py']
[0.204s] Level 1:colcon.colcon_core.package_identification:_identify(isaacpjt/M0609/Collected_m0609_camera/omniverse-content-production.s3-us-west-2.amazonaws.com/Assets/Isaac/5.1/Isaac/Props) by extension 'python_setup_py'
[0.204s] Level 1:colcon.colcon_core.package_identification:_identify(isaacpjt/M0609/Collected_m0609_camera/omniverse-content-production.s3-us-west-2.amazonaws.com/Assets/Isaac/5.1/Isaac/Props/Blocks) by extensions ['ignore', 'ignore_ament_install']
[0.204s] Level 1:colcon.colcon_core.package_identification:_identify(isaacpjt/M0609/Collected_m0609_camera/omniverse-content-production.s3-us-west-2.amazonaws.com/Assets/Isaac/5.1/Isaac/Props/Blocks) by extension 'ignore'
[0.204s] Level 1:colcon.colcon_core.package_identification:_identify(isaacpjt/M0609/Collected_m0609_camera/omniverse-content-production.s3-us-west-2.amazonaws.com/Assets/Isaac/5.1/Isaac/Props/Blocks) by extension 'ignore_ament_install'
[0.204s] Level 1:colcon.colcon_core.package_identification:_identify(isaacpjt/M0609/Collected_m0609_camera/omniverse-content-production.s3-us-west-2.amazonaws.com/Assets/Isaac/5.1/Isaac/Props/Blocks) by extensions ['colcon_pkg']
[0.204s] Level 1:colcon.colcon_core.package_identification:_identify(isaacpjt/M0609/Collected_m0609_camera/omniverse-content-production.s3-us-west-2.amazonaws.com/Assets/Isaac/5.1/Isaac/Props/Blocks) by extension 'colcon_pkg'
[0.204s] Level 1:colcon.colcon_core.package_identification:_identify(isaacpjt/M0609/Collected_m0609_camera/omniverse-content-production.s3-us-west-2.amazonaws.com/Assets/Isaac/5.1/Isaac/Props/Blocks) by extensions ['colcon_meta']
[0.204s] Level 1:colcon.colcon_core.package_identification:_identify(isaacpjt/M0609/Collected_m0609_camera/omniverse-content-production.s3-us-west-2.amazonaws.com/Assets/Isaac/5.1/Isaac/Props/Blocks) by extension 'colcon_meta'
[0.204s] Level 1:colcon.colcon_core.package_identification:_identify(isaacpjt/M0609/Collected_m0609_camera/omniverse-content-production.s3-us-west-2.amazonaws.com/Assets/Isaac/5.1/Isaac/Props/Blocks) by extensions ['ros']
[0.204s] Level 1:colcon.colcon_core.package_identification:_identify(isaacpjt/M0609/Collected_m0609_camera/omniverse-content-production.s3-us-west-2.amazonaws.com/Assets/Isaac/5.1/Isaac/Props/Blocks) by extension 'ros'
[0.204s] Level 1:colcon.colcon_core.package_identification:_identify(isaacpjt/M0609/Collected_m0609_camera/omniverse-content-production.s3-us-west-2.amazonaws.com/Assets/Isaac/5.1/Isaac/Props/Blocks) by extensions ['cmake', 'python']
[0.204s] Level 1:colcon.colcon_core.package_identification:_identify(isaacpjt/M0609/Collected_m0609_camera/omniverse-content-production.s3-us-west-2.amazonaws.com/Assets/Isaac/5.1/Isaac/Props/Blocks) by extension 'cmake'
[0.204s] Level 1:colcon.colcon_core.package_identification:_identify(isaacpjt/M0609/Collected_m0609_camera/omniverse-content-production.s3-us-west-2.amazonaws.com/Assets/Isaac/5.1/Isaac/Props/Blocks) by extension 'python'
[0.204s] Level 1:colcon.colcon_core.package_identification:_identify(isaacpjt/M0609/Collected_m0609_camera/omniverse-content-production.s3-us-west-2.amazonaws.com/Assets/Isaac/5.1/Isaac/Props/Blocks) by extensions ['python_setup_py']
[0.204s] Level 1:colcon.colcon_core.package_identification:_identify(isaacpjt/M0609/Collected_m0609_camera/omniverse-content-production.s3-us-west-2.amazonaws.com/Assets/Isaac/5.1/Isaac/Props/Blocks) by extension 'python_setup_py'
[0.204s] Level 1:colcon.colcon_core.package_identification:_identify(isaacpjt/M0609/Collected_m0609_camera/omniverse-content-production.s3-us-west-2.amazonaws.com/Assets/Isaac/5.1/Isaac/Props/Blocks/Materials) by extensions ['ignore', 'ignore_ament_install']
[0.204s] Level 1:colcon.colcon_core.package_identification:_identify(isaacpjt/M0609/Collected_m0609_camera/omniverse-content-production.s3-us-west-2.amazonaws.com/Assets/Isaac/5.1/Isaac/Props/Blocks/Materials) by extension 'ignore'
[0.204s] Level 1:colcon.colcon_core.package_identification:_identify(isaacpjt/M0609/Collected_m0609_camera/omniverse-content-production.s3-us-west-2.amazonaws.com/Assets/Isaac/5.1/Isaac/Props/Blocks/Materials) by extension 'ignore_ament_install'
[0.204s] Level 1:colcon.colcon_core.package_identification:_identify(isaacpjt/M0609/Collected_m0609_camera/omniverse-content-production.s3-us-west-2.amazonaws.com/Assets/Isaac/5.1/Isaac/Props/Blocks/Materials) by extensions ['colcon_pkg']
[0.204s] Level 1:colcon.colcon_core.package_identification:_identify(isaacpjt/M0609/Collected_m0609_camera/omniverse-content-production.s3-us-west-2.amazonaws.com/Assets/Isaac/5.1/Isaac/Props/Blocks/Materials) by extension 'colcon_pkg'
[0.204s] Level 1:colcon.colcon_core.package_identification:_identify(isaacpjt/M0609/Collected_m0609_camera/omniverse-content-production.s3-us-west-2.amazonaws.com/Assets/Isaac/5.1/Isaac/Props/Blocks/Materials) by extensions ['colcon_meta']
[0.204s] Level 1:colcon.colcon_core.package_identification:_identify(isaacpjt/M0609/Collected_m0609_camera/omniverse-content-production.s3-us-west-2.amazonaws.com/Assets/Isaac/5.1/Isaac/Props/Blocks/Materials) by extension 'colcon_meta'
[0.204s] Level 1:colcon.colcon_core.package_identification:_identify(isaacpjt/M0609/Collected_m0609_camera/omniverse-content-production.s3-us-west-2.amazonaws.com/Assets/Isaac/5.1/Isaac/Props/Blocks/Materials) by extensions ['ros']
[0.204s] Level 1:colcon.colcon_core.package_identification:_identify(isaacpjt/M0609/Collected_m0609_camera/omniverse-content-production.s3-us-west-2.amazonaws.com/Assets/Isaac/5.1/Isaac/Props/Blocks/Materials) by extension 'ros'
[0.204s] Level 1:colcon.colcon_core.package_identification:_identify(isaacpjt/M0609/Collected_m0609_camera/omniverse-content-production.s3-us-west-2.amazonaws.com/Assets/Isaac/5.1/Isaac/Props/Blocks/Materials) by extensions ['cmake', 'python']
[0.204s] Level 1:colcon.colcon_core.package_identification:_identify(isaacpjt/M0609/Collected_m0609_camera/omniverse-content-production.s3-us-west-2.amazonaws.com/Assets/Isaac/5.1/Isaac/Props/Blocks/Materials) by extension 'cmake'
[0.204s] Level 1:colcon.colcon_core.package_identification:_identify(isaacpjt/M0609/Collected_m0609_camera/omniverse-content-production.s3-us-west-2.amazonaws.com/Assets/Isaac/5.1/Isaac/Props/Blocks/Materials) by extension 'python'
[0.204s] Level 1:colcon.colcon_core.package_identification:_identify(isaacpjt/M0609/Collected_m0609_camera/omniverse-content-production.s3-us-west-2.amazonaws.com/Assets/Isaac/5.1/Isaac/Props/Blocks/Materials) by extensions ['python_setup_py']
[0.204s] Level 1:colcon.colcon_core.package_identification:_identify(isaacpjt/M0609/Collected_m0609_camera/omniverse-content-production.s3-us-west-2.amazonaws.com/Assets/Isaac/5.1/Isaac/Props/Blocks/Materials) by extension 'python_setup_py'
[0.205s] Level 1:colcon.colcon_core.package_identification:_identify(isaacpjt/M0609/Collected_m0609_camera/omniverse-content-production.s3-us-west-2.amazonaws.com/Assets/Isaac/5.1/Isaac/Props/Blocks/Materials/Textures) by extensions ['ignore', 'ignore_ament_install']
[0.205s] Level 1:colcon.colcon_core.package_identification:_identify(isaacpjt/M0609/Collected_m0609_camera/omniverse-content-production.s3-us-west-2.amazonaws.com/Assets/Isaac/5.1/Isaac/Props/Blocks/Materials/Textures) by extension 'ignore'
[0.205s] Level 1:colcon.colcon_core.package_identification:_identify(isaacpjt/M0609/Collected_m0609_camera/omniverse-content-production.s3-us-west-2.amazonaws.com/Assets/Isaac/5.1/Isaac/Props/Blocks/Materials/Textures) by extension 'ignore_ament_install'
[0.205s] Level 1:colcon.colcon_core.package_identification:_identify(isaacpjt/M0609/Collected_m0609_camera/omniverse-content-production.s3-us-west-2.amazonaws.com/Assets/Isaac/5.1/Isaac/Props/Blocks/Materials/Textures) by extensions ['colcon_pkg']
[0.205s] Level 1:colcon.colcon_core.package_identification:_identify(isaacpjt/M0609/Collected_m0609_camera/omniverse-content-production.s3-us-west-2.amazonaws.com/Assets/Isaac/5.1/Isaac/Props/Blocks/Materials/Textures) by extension 'colcon_pkg'
[0.205s] Level 1:colcon.colcon_core.package_identification:_identify(isaacpjt/M0609/Collected_m0609_camera/omniverse-content-production.s3-us-west-2.amazonaws.com/Assets/Isaac/5.1/Isaac/Props/Blocks/Materials/Textures) by extensions ['colcon_meta']
[0.205s] Level 1:colcon.colcon_core.package_identification:_identify(isaacpjt/M0609/Collected_m0609_camera/omniverse-content-production.s3-us-west-2.amazonaws.com/Assets/Isaac/5.1/Isaac/Props/Blocks/Materials/Textures) by extension 'colcon_meta'
[0.205s] Level 1:colcon.colcon_core.package_identification:_identify(isaacpjt/M0609/Collected_m0609_camera/omniverse-content-production.s3-us-west-2.amazonaws.com/Assets/Isaac/5.1/Isaac/Props/Blocks/Materials/Textures) by extensions ['ros']
[0.205s] Level 1:colcon.colcon_core.package_identification:_identify(isaacpjt/M0609/Collected_m0609_camera/omniverse-content-production.s3-us-west-2.amazonaws.com/Assets/Isaac/5.1/Isaac/Props/Blocks/Materials/Textures) by extension 'ros'
[0.205s] Level 1:colcon.colcon_core.package_identification:_identify(isaacpjt/M0609/Collected_m0609_camera/omniverse-content-production.s3-us-west-2.amazonaws.com/Assets/Isaac/5.1/Isaac/Props/Blocks/Materials/Textures) by extensions ['cmake', 'python']
[0.205s] Level 1:colcon.colcon_core.package_identification:_identify(isaacpjt/M0609/Collected_m0609_camera/omniverse-content-production.s3-us-west-2.amazonaws.com/Assets/Isaac/5.1/Isaac/Props/Blocks/Materials/Textures) by extension 'cmake'
[0.205s] Level 1:colcon.colcon_core.package_identification:_identify(isaacpjt/M0609/Collected_m0609_camera/omniverse-content-production.s3-us-west-2.amazonaws.com/Assets/Isaac/5.1/Isaac/Props/Blocks/Materials/Textures) by extension 'python'
[0.205s] Level 1:colcon.colcon_core.package_identification:_identify(isaacpjt/M0609/Collected_m0609_camera/omniverse-content-production.s3-us-west-2.amazonaws.com/Assets/Isaac/5.1/Isaac/Props/Blocks/Materials/Textures) by extensions ['python_setup_py']
[0.205s] Level 1:colcon.colcon_core.package_identification:_identify(isaacpjt/M0609/Collected_m0609_camera/omniverse-content-production.s3-us-west-2.amazonaws.com/Assets/Isaac/5.1/Isaac/Props/Blocks/Materials/Textures) by extension 'python_setup_py'
[0.205s] Level 1:colcon.colcon_core.package_identification:_identify(isaacpjt/M0609/Collected_m0609_gripper) by extensions ['ignore', 'ignore_ament_install']
[0.205s] Level 1:colcon.colcon_core.package_identification:_identify(isaacpjt/M0609/Collected_m0609_gripper) by extension 'ignore'
[0.205s] Level 1:colcon.colcon_core.package_identification:_identify(isaacpjt/M0609/Collected_m0609_gripper) by extension 'ignore_ament_install'
[0.205s] Level 1:colcon.colcon_core.package_identification:_identify(isaacpjt/M0609/Collected_m0609_gripper) by extensions ['colcon_pkg']
[0.205s] Level 1:colcon.colcon_core.package_identification:_identify(isaacpjt/M0609/Collected_m0609_gripper) by extension 'colcon_pkg'
[0.205s] Level 1:colcon.colcon_core.package_identification:_identify(isaacpjt/M0609/Collected_m0609_gripper) by extensions ['colcon_meta']
[0.205s] Level 1:colcon.colcon_core.package_identification:_identify(isaacpjt/M0609/Collected_m0609_gripper) by extension 'colcon_meta'
[0.205s] Level 1:colcon.colcon_core.package_identification:_identify(isaacpjt/M0609/Collected_m0609_gripper) by extensions ['ros']
[0.205s] Level 1:colcon.colcon_core.package_identification:_identify(isaacpjt/M0609/Collected_m0609_gripper) by extension 'ros'
[0.205s] Level 1:colcon.colcon_core.package_identification:_identify(isaacpjt/M0609/Collected_m0609_gripper) by extensions ['cmake', 'python']
[0.205s] Level 1:colcon.colcon_core.package_identification:_identify(isaacpjt/M0609/Collected_m0609_gripper) by extension 'cmake'
[0.205s] Level 1:colcon.colcon_core.package_identification:_identify(isaacpjt/M0609/Collected_m0609_gripper) by extension 'python'
[0.205s] Level 1:colcon.colcon_core.package_identification:_identify(isaacpjt/M0609/Collected_m0609_gripper) by extensions ['python_setup_py']
[0.205s] Level 1:colcon.colcon_core.package_identification:_identify(isaacpjt/M0609/Collected_m0609_gripper) by extension 'python_setup_py'
[0.205s] Level 1:colcon.colcon_core.package_identification:_identify(isaacpjt/M0609/Collected_m0609_gripper/SubUSDs) by extensions ['ignore', 'ignore_ament_install']
[0.205s] Level 1:colcon.colcon_core.package_identification:_identify(isaacpjt/M0609/Collected_m0609_gripper/SubUSDs) by extension 'ignore'
[0.205s] Level 1:colcon.colcon_core.package_identification:_identify(isaacpjt/M0609/Collected_m0609_gripper/SubUSDs) by extension 'ignore_ament_install'
[0.205s] Level 1:colcon.colcon_core.package_identification:_identify(isaacpjt/M0609/Collected_m0609_gripper/SubUSDs) by extensions ['colcon_pkg']
[0.205s] Level 1:colcon.colcon_core.package_identification:_identify(isaacpjt/M0609/Collected_m0609_gripper/SubUSDs) by extension 'colcon_pkg'
[0.206s] Level 1:colcon.colcon_core.package_identification:_identify(isaacpjt/M0609/Collected_m0609_gripper/SubUSDs) by extensions ['colcon_meta']
[0.206s] Level 1:colcon.colcon_core.package_identification:_identify(isaacpjt/M0609/Collected_m0609_gripper/SubUSDs) by extension 'colcon_meta'
[0.206s] Level 1:colcon.colcon_core.package_identification:_identify(isaacpjt/M0609/Collected_m0609_gripper/SubUSDs) by extensions ['ros']
[0.206s] Level 1:colcon.colcon_core.package_identification:_identify(isaacpjt/M0609/Collected_m0609_gripper/SubUSDs) by extension 'ros'
[0.206s] Level 1:colcon.colcon_core.package_identification:_identify(isaacpjt/M0609/Collected_m0609_gripper/SubUSDs) by extensions ['cmake', 'python']
[0.206s] Level 1:colcon.colcon_core.package_identification:_identify(isaacpjt/M0609/Collected_m0609_gripper/SubUSDs) by extension 'cmake'
[0.206s] Level 1:colcon.colcon_core.package_identification:_identify(isaacpjt/M0609/Collected_m0609_gripper/SubUSDs) by extension 'python'
[0.206s] Level 1:colcon.colcon_core.package_identification:_identify(isaacpjt/M0609/Collected_m0609_gripper/SubUSDs) by extensions ['python_setup_py']
[0.206s] Level 1:colcon.colcon_core.package_identification:_identify(isaacpjt/M0609/Collected_m0609_gripper/SubUSDs) by extension 'python_setup_py'
[0.206s] Level 1:colcon.colcon_core.package_identification:_identify(isaacpjt/M0609/doosan-robot2) by extensions ['ignore', 'ignore_ament_install']
[0.206s] Level 1:colcon.colcon_core.package_identification:_identify(isaacpjt/M0609/doosan-robot2) by extension 'ignore'
[0.206s] Level 1:colcon.colcon_core.package_identification:_identify(isaacpjt/M0609/doosan-robot2) by extension 'ignore_ament_install'
[0.206s] Level 1:colcon.colcon_core.package_identification:_identify(isaacpjt/M0609/doosan-robot2) by extensions ['colcon_pkg']
[0.206s] Level 1:colcon.colcon_core.package_identification:_identify(isaacpjt/M0609/doosan-robot2) by extension 'colcon_pkg'
[0.206s] Level 1:colcon.colcon_core.package_identification:_identify(isaacpjt/M0609/doosan-robot2) by extensions ['colcon_meta']
[0.206s] Level 1:colcon.colcon_core.package_identification:_identify(isaacpjt/M0609/doosan-robot2) by extension 'colcon_meta'
[0.206s] Level 1:colcon.colcon_core.package_identification:_identify(isaacpjt/M0609/doosan-robot2) by extensions ['ros']
[0.206s] Level 1:colcon.colcon_core.package_identification:_identify(isaacpjt/M0609/doosan-robot2) by extension 'ros'
[0.206s] Level 1:colcon.colcon_core.package_identification:_identify(isaacpjt/M0609/doosan-robot2) by extensions ['cmake', 'python']
[0.206s] Level 1:colcon.colcon_core.package_identification:_identify(isaacpjt/M0609/doosan-robot2) by extension 'cmake'
[0.206s] Level 1:colcon.colcon_core.package_identification:_identify(isaacpjt/M0609/doosan-robot2) by extension 'python'
[0.206s] Level 1:colcon.colcon_core.package_identification:_identify(isaacpjt/M0609/doosan-robot2) by extensions ['python_setup_py']
[0.206s] Level 1:colcon.colcon_core.package_identification:_identify(isaacpjt/M0609/doosan-robot2) by extension 'python_setup_py'
[0.206s] Level 1:colcon.colcon_core.package_identification:_identify(isaacpjt/M0609/doosan-robot2/urdf) by extensions ['ignore', 'ignore_ament_install']
[0.206s] Level 1:colcon.colcon_core.package_identification:_identify(isaacpjt/M0609/doosan-robot2/urdf) by extension 'ignore'
[0.206s] Level 1:colcon.colcon_core.package_identification:_identify(isaacpjt/M0609/doosan-robot2/urdf) by extension 'ignore_ament_install'
[0.206s] Level 1:colcon.colcon_core.package_identification:_identify(isaacpjt/M0609/doosan-robot2/urdf) by extensions ['colcon_pkg']
[0.206s] Level 1:colcon.colcon_core.package_identification:_identify(isaacpjt/M0609/doosan-robot2/urdf) by extension 'colcon_pkg'
[0.206s] Level 1:colcon.colcon_core.package_identification:_identify(isaacpjt/M0609/doosan-robot2/urdf) by extensions ['colcon_meta']
[0.206s] Level 1:colcon.colcon_core.package_identification:_identify(isaacpjt/M0609/doosan-robot2/urdf) by extension 'colcon_meta'
[0.206s] Level 1:colcon.colcon_core.package_identification:_identify(isaacpjt/M0609/doosan-robot2/urdf) by extensions ['ros']
[0.206s] Level 1:colcon.colcon_core.package_identification:_identify(isaacpjt/M0609/doosan-robot2/urdf) by extension 'ros'
[0.206s] Level 1:colcon.colcon_core.package_identification:_identify(isaacpjt/M0609/doosan-robot2/urdf) by extensions ['cmake', 'python']
[0.206s] Level 1:colcon.colcon_core.package_identification:_identify(isaacpjt/M0609/doosan-robot2/urdf) by extension 'cmake'
[0.206s] Level 1:colcon.colcon_core.package_identification:_identify(isaacpjt/M0609/doosan-robot2/urdf) by extension 'python'
[0.206s] Level 1:colcon.colcon_core.package_identification:_identify(isaacpjt/M0609/doosan-robot2/urdf) by extensions ['python_setup_py']
[0.206s] Level 1:colcon.colcon_core.package_identification:_identify(isaacpjt/M0609/doosan-robot2/urdf) by extension 'python_setup_py'
[0.206s] Level 1:colcon.colcon_core.package_identification:_identify(isaacpjt/M0609/doosan-robot2/urdf/m0609_isaac_sim) by extensions ['ignore', 'ignore_ament_install']
[0.206s] Level 1:colcon.colcon_core.package_identification:_identify(isaacpjt/M0609/doosan-robot2/urdf/m0609_isaac_sim) by extension 'ignore'
[0.206s] Level 1:colcon.colcon_core.package_identification:_identify(isaacpjt/M0609/doosan-robot2/urdf/m0609_isaac_sim) by extension 'ignore_ament_install'
[0.206s] Level 1:colcon.colcon_core.package_identification:_identify(isaacpjt/M0609/doosan-robot2/urdf/m0609_isaac_sim) by extensions ['colcon_pkg']
[0.206s] Level 1:colcon.colcon_core.package_identification:_identify(isaacpjt/M0609/doosan-robot2/urdf/m0609_isaac_sim) by extension 'colcon_pkg'
[0.206s] Level 1:colcon.colcon_core.package_identification:_identify(isaacpjt/M0609/doosan-robot2/urdf/m0609_isaac_sim) by extensions ['colcon_meta']
[0.206s] Level 1:colcon.colcon_core.package_identification:_identify(isaacpjt/M0609/doosan-robot2/urdf/m0609_isaac_sim) by extension 'colcon_meta'
[0.206s] Level 1:colcon.colcon_core.package_identification:_identify(isaacpjt/M0609/doosan-robot2/urdf/m0609_isaac_sim) by extensions ['ros']
[0.206s] Level 1:colcon.colcon_core.package_identification:_identify(isaacpjt/M0609/doosan-robot2/urdf/m0609_isaac_sim) by extension 'ros'
[0.206s] Level 1:colcon.colcon_core.package_identification:_identify(isaacpjt/M0609/doosan-robot2/urdf/m0609_isaac_sim) by extensions ['cmake', 'python']
[0.206s] Level 1:colcon.colcon_core.package_identification:_identify(isaacpjt/M0609/doosan-robot2/urdf/m0609_isaac_sim) by extension 'cmake'
[0.206s] Level 1:colcon.colcon_core.package_identification:_identify(isaacpjt/M0609/doosan-robot2/urdf/m0609_isaac_sim) by extension 'python'
[0.207s] Level 1:colcon.colcon_core.package_identification:_identify(isaacpjt/M0609/doosan-robot2/urdf/m0609_isaac_sim) by extensions ['python_setup_py']
[0.207s] Level 1:colcon.colcon_core.package_identification:_identify(isaacpjt/M0609/doosan-robot2/urdf/m0609_isaac_sim) by extension 'python_setup_py'
[0.207s] Level 1:colcon.colcon_core.package_identification:_identify(isaacpjt/M0609/doosan-robot2/urdf/m0609_isaac_sim/configuration) by extensions ['ignore', 'ignore_ament_install']
[0.207s] Level 1:colcon.colcon_core.package_identification:_identify(isaacpjt/M0609/doosan-robot2/urdf/m0609_isaac_sim/configuration) by extension 'ignore'
[0.207s] Level 1:colcon.colcon_core.package_identification:_identify(isaacpjt/M0609/doosan-robot2/urdf/m0609_isaac_sim/configuration) by extension 'ignore_ament_install'
[0.207s] Level 1:colcon.colcon_core.package_identification:_identify(isaacpjt/M0609/doosan-robot2/urdf/m0609_isaac_sim/configuration) by extensions ['colcon_pkg']
[0.207s] Level 1:colcon.colcon_core.package_identification:_identify(isaacpjt/M0609/doosan-robot2/urdf/m0609_isaac_sim/configuration) by extension 'colcon_pkg'
[0.207s] Level 1:colcon.colcon_core.package_identification:_identify(isaacpjt/M0609/doosan-robot2/urdf/m0609_isaac_sim/configuration) by extensions ['colcon_meta']
[0.207s] Level 1:colcon.colcon_core.package_identification:_identify(isaacpjt/M0609/doosan-robot2/urdf/m0609_isaac_sim/configuration) by extension 'colcon_meta'
[0.207s] Level 1:colcon.colcon_core.package_identification:_identify(isaacpjt/M0609/doosan-robot2/urdf/m0609_isaac_sim/configuration) by extensions ['ros']
[0.207s] Level 1:colcon.colcon_core.package_identification:_identify(isaacpjt/M0609/doosan-robot2/urdf/m0609_isaac_sim/configuration) by extension 'ros'
[0.207s] Level 1:colcon.colcon_core.package_identification:_identify(isaacpjt/M0609/doosan-robot2/urdf/m0609_isaac_sim/configuration) by extensions ['cmake', 'python']
[0.207s] Level 1:colcon.colcon_core.package_identification:_identify(isaacpjt/M0609/doosan-robot2/urdf/m0609_isaac_sim/configuration) by extension 'cmake'
[0.207s] Level 1:colcon.colcon_core.package_identification:_identify(isaacpjt/M0609/doosan-robot2/urdf/m0609_isaac_sim/configuration) by extension 'python'
[0.207s] Level 1:colcon.colcon_core.package_identification:_identify(isaacpjt/M0609/doosan-robot2/urdf/m0609_isaac_sim/configuration) by extensions ['python_setup_py']
[0.207s] Level 1:colcon.colcon_core.package_identification:_identify(isaacpjt/M0609/doosan-robot2/urdf/m0609_isaac_sim/configuration) by extension 'python_setup_py'
[0.207s] Level 1:colcon.colcon_core.package_identification:_identify(isaacpjt/M0609/doosan-robot2/urdf/meshes) by extensions ['ignore', 'ignore_ament_install']
[0.207s] Level 1:colcon.colcon_core.package_identification:_identify(isaacpjt/M0609/doosan-robot2/urdf/meshes) by extension 'ignore'
[0.207s] Level 1:colcon.colcon_core.package_identification:_identify(isaacpjt/M0609/doosan-robot2/urdf/meshes) by extension 'ignore_ament_install'
[0.207s] Level 1:colcon.colcon_core.package_identification:_identify(isaacpjt/M0609/doosan-robot2/urdf/meshes) by extensions ['colcon_pkg']
[0.207s] Level 1:colcon.colcon_core.package_identification:_identify(isaacpjt/M0609/doosan-robot2/urdf/meshes) by extension 'colcon_pkg'
[0.207s] Level 1:colcon.colcon_core.package_identification:_identify(isaacpjt/M0609/doosan-robot2/urdf/meshes) by extensions ['colcon_meta']
[0.207s] Level 1:colcon.colcon_core.package_identification:_identify(isaacpjt/M0609/doosan-robot2/urdf/meshes) by extension 'colcon_meta'
[0.207s] Level 1:colcon.colcon_core.package_identification:_identify(isaacpjt/M0609/doosan-robot2/urdf/meshes) by extensions ['ros']
[0.207s] Level 1:colcon.colcon_core.package_identification:_identify(isaacpjt/M0609/doosan-robot2/urdf/meshes) by extension 'ros'
[0.207s] Level 1:colcon.colcon_core.package_identification:_identify(isaacpjt/M0609/doosan-robot2/urdf/meshes) by extensions ['cmake', 'python']
[0.207s] Level 1:colcon.colcon_core.package_identification:_identify(isaacpjt/M0609/doosan-robot2/urdf/meshes) by extension 'cmake'
[0.207s] Level 1:colcon.colcon_core.package_identification:_identify(isaacpjt/M0609/doosan-robot2/urdf/meshes) by extension 'python'
[0.207s] Level 1:colcon.colcon_core.package_identification:_identify(isaacpjt/M0609/doosan-robot2/urdf/meshes) by extensions ['python_setup_py']
[0.207s] Level 1:colcon.colcon_core.package_identification:_identify(isaacpjt/M0609/doosan-robot2/urdf/meshes) by extension 'python_setup_py'
[0.207s] Level 1:colcon.colcon_core.package_identification:_identify(isaacpjt/M0609/doosan-robot2/urdf/meshes/gripper) by extensions ['ignore', 'ignore_ament_install']
[0.207s] Level 1:colcon.colcon_core.package_identification:_identify(isaacpjt/M0609/doosan-robot2/urdf/meshes/gripper) by extension 'ignore'
[0.207s] Level 1:colcon.colcon_core.package_identification:_identify(isaacpjt/M0609/doosan-robot2/urdf/meshes/gripper) by extension 'ignore_ament_install'
[0.207s] Level 1:colcon.colcon_core.package_identification:_identify(isaacpjt/M0609/doosan-robot2/urdf/meshes/gripper) by extensions ['colcon_pkg']
[0.207s] Level 1:colcon.colcon_core.package_identification:_identify(isaacpjt/M0609/doosan-robot2/urdf/meshes/gripper) by extension 'colcon_pkg'
[0.207s] Level 1:colcon.colcon_core.package_identification:_identify(isaacpjt/M0609/doosan-robot2/urdf/meshes/gripper) by extensions ['colcon_meta']
[0.207s] Level 1:colcon.colcon_core.package_identification:_identify(isaacpjt/M0609/doosan-robot2/urdf/meshes/gripper) by extension 'colcon_meta'
[0.207s] Level 1:colcon.colcon_core.package_identification:_identify(isaacpjt/M0609/doosan-robot2/urdf/meshes/gripper) by extensions ['ros']
[0.207s] Level 1:colcon.colcon_core.package_identification:_identify(isaacpjt/M0609/doosan-robot2/urdf/meshes/gripper) by extension 'ros'
[0.207s] Level 1:colcon.colcon_core.package_identification:_identify(isaacpjt/M0609/doosan-robot2/urdf/meshes/gripper) by extensions ['cmake', 'python']
[0.207s] Level 1:colcon.colcon_core.package_identification:_identify(isaacpjt/M0609/doosan-robot2/urdf/meshes/gripper) by extension 'cmake'
[0.207s] Level 1:colcon.colcon_core.package_identification:_identify(isaacpjt/M0609/doosan-robot2/urdf/meshes/gripper) by extension 'python'
[0.207s] Level 1:colcon.colcon_core.package_identification:_identify(isaacpjt/M0609/doosan-robot2/urdf/meshes/gripper) by extensions ['python_setup_py']
[0.207s] Level 1:colcon.colcon_core.package_identification:_identify(isaacpjt/M0609/doosan-robot2/urdf/meshes/gripper) by extension 'python_setup_py'
[0.207s] Level 1:colcon.colcon_core.package_identification:_identify(isaacpjt/M0609/doosan-robot2/urdf/meshes/gripper/robotiq) by extensions ['ignore', 'ignore_ament_install']
[0.207s] Level 1:colcon.colcon_core.package_identification:_identify(isaacpjt/M0609/doosan-robot2/urdf/meshes/gripper/robotiq) by extension 'ignore'
[0.207s] Level 1:colcon.colcon_core.package_identification:_identify(isaacpjt/M0609/doosan-robot2/urdf/meshes/gripper/robotiq) by extension 'ignore_ament_install'
[0.208s] Level 1:colcon.colcon_core.package_identification:_identify(isaacpjt/M0609/doosan-robot2/urdf/meshes/gripper/robotiq) by extensions ['colcon_pkg']
[0.208s] Level 1:colcon.colcon_core.package_identification:_identify(isaacpjt/M0609/doosan-robot2/urdf/meshes/gripper/robotiq) by extension 'colcon_pkg'
[0.208s] Level 1:colcon.colcon_core.package_identification:_identify(isaacpjt/M0609/doosan-robot2/urdf/meshes/gripper/robotiq) by extensions ['colcon_meta']
[0.208s] Level 1:colcon.colcon_core.package_identification:_identify(isaacpjt/M0609/doosan-robot2/urdf/meshes/gripper/robotiq) by extension 'colcon_meta'
[0.208s] Level 1:colcon.colcon_core.package_identification:_identify(isaacpjt/M0609/doosan-robot2/urdf/meshes/gripper/robotiq) by extensions ['ros']
[0.208s] Level 1:colcon.colcon_core.package_identification:_identify(isaacpjt/M0609/doosan-robot2/urdf/meshes/gripper/robotiq) by extension 'ros'
[0.208s] Level 1:colcon.colcon_core.package_identification:_identify(isaacpjt/M0609/doosan-robot2/urdf/meshes/gripper/robotiq) by extensions ['cmake', 'python']
[0.208s] Level 1:colcon.colcon_core.package_identification:_identify(isaacpjt/M0609/doosan-robot2/urdf/meshes/gripper/robotiq) by extension 'cmake'
[0.208s] Level 1:colcon.colcon_core.package_identification:_identify(isaacpjt/M0609/doosan-robot2/urdf/meshes/gripper/robotiq) by extension 'python'
[0.208s] Level 1:colcon.colcon_core.package_identification:_identify(isaacpjt/M0609/doosan-robot2/urdf/meshes/gripper/robotiq) by extensions ['python_setup_py']
[0.208s] Level 1:colcon.colcon_core.package_identification:_identify(isaacpjt/M0609/doosan-robot2/urdf/meshes/gripper/robotiq) by extension 'python_setup_py'
[0.208s] Level 1:colcon.colcon_core.package_identification:_identify(isaacpjt/M0609/doosan-robot2/urdf/meshes/gripper/robotiq/85_2f) by extensions ['ignore', 'ignore_ament_install']
[0.208s] Level 1:colcon.colcon_core.package_identification:_identify(isaacpjt/M0609/doosan-robot2/urdf/meshes/gripper/robotiq/85_2f) by extension 'ignore'
[0.208s] Level 1:colcon.colcon_core.package_identification:_identify(isaacpjt/M0609/doosan-robot2/urdf/meshes/gripper/robotiq/85_2f) by extension 'ignore_ament_install'
[0.208s] Level 1:colcon.colcon_core.package_identification:_identify(isaacpjt/M0609/doosan-robot2/urdf/meshes/gripper/robotiq/85_2f) by extensions ['colcon_pkg']
[0.208s] Level 1:colcon.colcon_core.package_identification:_identify(isaacpjt/M0609/doosan-robot2/urdf/meshes/gripper/robotiq/85_2f) by extension 'colcon_pkg'
[0.208s] Level 1:colcon.colcon_core.package_identification:_identify(isaacpjt/M0609/doosan-robot2/urdf/meshes/gripper/robotiq/85_2f) by extensions ['colcon_meta']
[0.208s] Level 1:colcon.colcon_core.package_identification:_identify(isaacpjt/M0609/doosan-robot2/urdf/meshes/gripper/robotiq/85_2f) by extension 'colcon_meta'
[0.208s] Level 1:colcon.colcon_core.package_identification:_identify(isaacpjt/M0609/doosan-robot2/urdf/meshes/gripper/robotiq/85_2f) by extensions ['ros']
[0.208s] Level 1:colcon.colcon_core.package_identification:_identify(isaacpjt/M0609/doosan-robot2/urdf/meshes/gripper/robotiq/85_2f) by extension 'ros'
[0.208s] Level 1:colcon.colcon_core.package_identification:_identify(isaacpjt/M0609/doosan-robot2/urdf/meshes/gripper/robotiq/85_2f) by extensions ['cmake', 'python']
[0.208s] Level 1:colcon.colcon_core.package_identification:_identify(isaacpjt/M0609/doosan-robot2/urdf/meshes/gripper/robotiq/85_2f) by extension 'cmake'
[0.208s] Level 1:colcon.colcon_core.package_identification:_identify(isaacpjt/M0609/doosan-robot2/urdf/meshes/gripper/robotiq/85_2f) by extension 'python'
[0.208s] Level 1:colcon.colcon_core.package_identification:_identify(isaacpjt/M0609/doosan-robot2/urdf/meshes/gripper/robotiq/85_2f) by extensions ['python_setup_py']
[0.208s] Level 1:colcon.colcon_core.package_identification:_identify(isaacpjt/M0609/doosan-robot2/urdf/meshes/gripper/robotiq/85_2f) by extension 'python_setup_py'
[0.208s] Level 1:colcon.colcon_core.package_identification:_identify(isaacpjt/M0609/doosan-robot2/urdf/meshes/gripper/robotiq/85_2f/collision) by extensions ['ignore', 'ignore_ament_install']
[0.208s] Level 1:colcon.colcon_core.package_identification:_identify(isaacpjt/M0609/doosan-robot2/urdf/meshes/gripper/robotiq/85_2f/collision) by extension 'ignore'
[0.208s] Level 1:colcon.colcon_core.package_identification:_identify(isaacpjt/M0609/doosan-robot2/urdf/meshes/gripper/robotiq/85_2f/collision) by extension 'ignore_ament_install'
[0.208s] Level 1:colcon.colcon_core.package_identification:_identify(isaacpjt/M0609/doosan-robot2/urdf/meshes/gripper/robotiq/85_2f/collision) by extensions ['colcon_pkg']
[0.208s] Level 1:colcon.colcon_core.package_identification:_identify(isaacpjt/M0609/doosan-robot2/urdf/meshes/gripper/robotiq/85_2f/collision) by extension 'colcon_pkg'
[0.208s] Level 1:colcon.colcon_core.package_identification:_identify(isaacpjt/M0609/doosan-robot2/urdf/meshes/gripper/robotiq/85_2f/collision) by extensions ['colcon_meta']
[0.208s] Level 1:colcon.colcon_core.package_identification:_identify(isaacpjt/M0609/doosan-robot2/urdf/meshes/gripper/robotiq/85_2f/collision) by extension 'colcon_meta'
[0.208s] Level 1:colcon.colcon_core.package_identification:_identify(isaacpjt/M0609/doosan-robot2/urdf/meshes/gripper/robotiq/85_2f/collision) by extensions ['ros']
[0.208s] Level 1:colcon.colcon_core.package_identification:_identify(isaacpjt/M0609/doosan-robot2/urdf/meshes/gripper/robotiq/85_2f/collision) by extension 'ros'
[0.208s] Level 1:colcon.colcon_core.package_identification:_identify(isaacpjt/M0609/doosan-robot2/urdf/meshes/gripper/robotiq/85_2f/collision) by extensions ['cmake', 'python']
[0.208s] Level 1:colcon.colcon_core.package_identification:_identify(isaacpjt/M0609/doosan-robot2/urdf/meshes/gripper/robotiq/85_2f/collision) by extension 'cmake'
[0.208s] Level 1:colcon.colcon_core.package_identification:_identify(isaacpjt/M0609/doosan-robot2/urdf/meshes/gripper/robotiq/85_2f/collision) by extension 'python'
[0.208s] Level 1:colcon.colcon_core.package_identification:_identify(isaacpjt/M0609/doosan-robot2/urdf/meshes/gripper/robotiq/85_2f/collision) by extensions ['python_setup_py']
[0.208s] Level 1:colcon.colcon_core.package_identification:_identify(isaacpjt/M0609/doosan-robot2/urdf/meshes/gripper/robotiq/85_2f/collision) by extension 'python_setup_py'
[0.208s] Level 1:colcon.colcon_core.package_identification:_identify(isaacpjt/M0609/doosan-robot2/urdf/meshes/gripper/robotiq/85_2f/visual) by extensions ['ignore', 'ignore_ament_install']
[0.208s] Level 1:colcon.colcon_core.package_identification:_identify(isaacpjt/M0609/doosan-robot2/urdf/meshes/gripper/robotiq/85_2f/visual) by extension 'ignore'
[0.208s] Level 1:colcon.colcon_core.package_identification:_identify(isaacpjt/M0609/doosan-robot2/urdf/meshes/gripper/robotiq/85_2f/visual) by extension 'ignore_ament_install'
[0.208s] Level 1:colcon.colcon_core.package_identification:_identify(isaacpjt/M0609/doosan-robot2/urdf/meshes/gripper/robotiq/85_2f/visual) by extensions ['colcon_pkg']
[0.208s] Level 1:colcon.colcon_core.package_identification:_identify(isaacpjt/M0609/doosan-robot2/urdf/meshes/gripper/robotiq/85_2f/visual) by extension 'colcon_pkg'
[0.208s] Level 1:colcon.colcon_core.package_identification:_identify(isaacpjt/M0609/doosan-robot2/urdf/meshes/gripper/robotiq/85_2f/visual) by extensions ['colcon_meta']
[0.208s] Level 1:colcon.colcon_core.package_identification:_identify(isaacpjt/M0609/doosan-robot2/urdf/meshes/gripper/robotiq/85_2f/visual) by extension 'colcon_meta'
[0.208s] Level 1:colcon.colcon_core.package_identification:_identify(isaacpjt/M0609/doosan-robot2/urdf/meshes/gripper/robotiq/85_2f/visual) by extensions ['ros']
[0.208s] Level 1:colcon.colcon_core.package_identification:_identify(isaacpjt/M0609/doosan-robot2/urdf/meshes/gripper/robotiq/85_2f/visual) by extension 'ros'
[0.208s] Level 1:colcon.colcon_core.package_identification:_identify(isaacpjt/M0609/doosan-robot2/urdf/meshes/gripper/robotiq/85_2f/visual) by extensions ['cmake', 'python']
[0.208s] Level 1:colcon.colcon_core.package_identification:_identify(isaacpjt/M0609/doosan-robot2/urdf/meshes/gripper/robotiq/85_2f/visual) by extension 'cmake'
[0.208s] Level 1:colcon.colcon_core.package_identification:_identify(isaacpjt/M0609/doosan-robot2/urdf/meshes/gripper/robotiq/85_2f/visual) by extension 'python'
[0.208s] Level 1:colcon.colcon_core.package_identification:_identify(isaacpjt/M0609/doosan-robot2/urdf/meshes/gripper/robotiq/85_2f/visual) by extensions ['python_setup_py']
[0.208s] Level 1:colcon.colcon_core.package_identification:_identify(isaacpjt/M0609/doosan-robot2/urdf/meshes/gripper/robotiq/85_2f/visual) by extension 'python_setup_py'
[0.209s] Level 1:colcon.colcon_core.package_identification:_identify(isaacpjt/M0609/doosan-robot2/urdf/meshes/m0609_blue) by extensions ['ignore', 'ignore_ament_install']
[0.209s] Level 1:colcon.colcon_core.package_identification:_identify(isaacpjt/M0609/doosan-robot2/urdf/meshes/m0609_blue) by extension 'ignore'
[0.209s] Level 1:colcon.colcon_core.package_identification:_identify(isaacpjt/M0609/doosan-robot2/urdf/meshes/m0609_blue) by extension 'ignore_ament_install'
[0.209s] Level 1:colcon.colcon_core.package_identification:_identify(isaacpjt/M0609/doosan-robot2/urdf/meshes/m0609_blue) by extensions ['colcon_pkg']
[0.209s] Level 1:colcon.colcon_core.package_identification:_identify(isaacpjt/M0609/doosan-robot2/urdf/meshes/m0609_blue) by extension 'colcon_pkg'
[0.209s] Level 1:colcon.colcon_core.package_identification:_identify(isaacpjt/M0609/doosan-robot2/urdf/meshes/m0609_blue) by extensions ['colcon_meta']
[0.209s] Level 1:colcon.colcon_core.package_identification:_identify(isaacpjt/M0609/doosan-robot2/urdf/meshes/m0609_blue) by extension 'colcon_meta'
[0.209s] Level 1:colcon.colcon_core.package_identification:_identify(isaacpjt/M0609/doosan-robot2/urdf/meshes/m0609_blue) by extensions ['ros']
[0.209s] Level 1:colcon.colcon_core.package_identification:_identify(isaacpjt/M0609/doosan-robot2/urdf/meshes/m0609_blue) by extension 'ros'
[0.209s] Level 1:colcon.colcon_core.package_identification:_identify(isaacpjt/M0609/doosan-robot2/urdf/meshes/m0609_blue) by extensions ['cmake', 'python']
[0.209s] Level 1:colcon.colcon_core.package_identification:_identify(isaacpjt/M0609/doosan-robot2/urdf/meshes/m0609_blue) by extension 'cmake'
[0.209s] Level 1:colcon.colcon_core.package_identification:_identify(isaacpjt/M0609/doosan-robot2/urdf/meshes/m0609_blue) by extension 'python'
[0.209s] Level 1:colcon.colcon_core.package_identification:_identify(isaacpjt/M0609/doosan-robot2/urdf/meshes/m0609_blue) by extensions ['python_setup_py']
[0.209s] Level 1:colcon.colcon_core.package_identification:_identify(isaacpjt/M0609/doosan-robot2/urdf/meshes/m0609_blue) by extension 'python_setup_py'
[0.209s] Level 1:colcon.colcon_core.package_identification:_identify(isaacpjt/M0609/doosan-robot2/urdf/meshes/m0609_collision) by extensions ['ignore', 'ignore_ament_install']
[0.209s] Level 1:colcon.colcon_core.package_identification:_identify(isaacpjt/M0609/doosan-robot2/urdf/meshes/m0609_collision) by extension 'ignore'
[0.209s] Level 1:colcon.colcon_core.package_identification:_identify(isaacpjt/M0609/doosan-robot2/urdf/meshes/m0609_collision) by extension 'ignore_ament_install'
[0.209s] Level 1:colcon.colcon_core.package_identification:_identify(isaacpjt/M0609/doosan-robot2/urdf/meshes/m0609_collision) by extensions ['colcon_pkg']
[0.209s] Level 1:colcon.colcon_core.package_identification:_identify(isaacpjt/M0609/doosan-robot2/urdf/meshes/m0609_collision) by extension 'colcon_pkg'
[0.209s] Level 1:colcon.colcon_core.package_identification:_identify(isaacpjt/M0609/doosan-robot2/urdf/meshes/m0609_collision) by extensions ['colcon_meta']
[0.209s] Level 1:colcon.colcon_core.package_identification:_identify(isaacpjt/M0609/doosan-robot2/urdf/meshes/m0609_collision) by extension 'colcon_meta'
[0.209s] Level 1:colcon.colcon_core.package_identification:_identify(isaacpjt/M0609/doosan-robot2/urdf/meshes/m0609_collision) by extensions ['ros']
[0.209s] Level 1:colcon.colcon_core.package_identification:_identify(isaacpjt/M0609/doosan-robot2/urdf/meshes/m0609_collision) by extension 'ros'
[0.209s] Level 1:colcon.colcon_core.package_identification:_identify(isaacpjt/M0609/doosan-robot2/urdf/meshes/m0609_collision) by extensions ['cmake', 'python']
[0.209s] Level 1:colcon.colcon_core.package_identification:_identify(isaacpjt/M0609/doosan-robot2/urdf/meshes/m0609_collision) by extension 'cmake'
[0.209s] Level 1:colcon.colcon_core.package_identification:_identify(isaacpjt/M0609/doosan-robot2/urdf/meshes/m0609_collision) by extension 'python'
[0.209s] Level 1:colcon.colcon_core.package_identification:_identify(isaacpjt/M0609/doosan-robot2/urdf/meshes/m0609_collision) by extensions ['python_setup_py']
[0.209s] Level 1:colcon.colcon_core.package_identification:_identify(isaacpjt/M0609/doosan-robot2/urdf/meshes/m0609_collision) by extension 'python_setup_py'
[0.210s] Level 1:colcon.colcon_core.package_identification:_identify(isaacpjt/M0609/doosan-robot2/urdf/meshes/m0609_white) by extensions ['ignore', 'ignore_ament_install']
[0.210s] Level 1:colcon.colcon_core.package_identification:_identify(isaacpjt/M0609/doosan-robot2/urdf/meshes/m0609_white) by extension 'ignore'
[0.210s] Level 1:colcon.colcon_core.package_identification:_identify(isaacpjt/M0609/doosan-robot2/urdf/meshes/m0609_white) by extension 'ignore_ament_install'
[0.210s] Level 1:colcon.colcon_core.package_identification:_identify(isaacpjt/M0609/doosan-robot2/urdf/meshes/m0609_white) by extensions ['colcon_pkg']
[0.210s] Level 1:colcon.colcon_core.package_identification:_identify(isaacpjt/M0609/doosan-robot2/urdf/meshes/m0609_white) by extension 'colcon_pkg'
[0.210s] Level 1:colcon.colcon_core.package_identification:_identify(isaacpjt/M0609/doosan-robot2/urdf/meshes/m0609_white) by extensions ['colcon_meta']
[0.210s] Level 1:colcon.colcon_core.package_identification:_identify(isaacpjt/M0609/doosan-robot2/urdf/meshes/m0609_white) by extension 'colcon_meta'
[0.210s] Level 1:colcon.colcon_core.package_identification:_identify(isaacpjt/M0609/doosan-robot2/urdf/meshes/m0609_white) by extensions ['ros']
[0.210s] Level 1:colcon.colcon_core.package_identification:_identify(isaacpjt/M0609/doosan-robot2/urdf/meshes/m0609_white) by extension 'ros'
[0.210s] Level 1:colcon.colcon_core.package_identification:_identify(isaacpjt/M0609/doosan-robot2/urdf/meshes/m0609_white) by extensions ['cmake', 'python']
[0.210s] Level 1:colcon.colcon_core.package_identification:_identify(isaacpjt/M0609/doosan-robot2/urdf/meshes/m0609_white) by extension 'cmake'
[0.210s] Level 1:colcon.colcon_core.package_identification:_identify(isaacpjt/M0609/doosan-robot2/urdf/meshes/m0609_white) by extension 'python'
[0.210s] Level 1:colcon.colcon_core.package_identification:_identify(isaacpjt/M0609/doosan-robot2/urdf/meshes/m0609_white) by extensions ['python_setup_py']
[0.210s] Level 1:colcon.colcon_core.package_identification:_identify(isaacpjt/M0609/doosan-robot2/urdf/meshes/m0609_white) by extension 'python_setup_py'
[0.211s] Level 1:colcon.colcon_core.package_identification:_identify(isaacpjt/M0609/doosan-robot2/usd) by extensions ['ignore', 'ignore_ament_install']
[0.211s] Level 1:colcon.colcon_core.package_identification:_identify(isaacpjt/M0609/doosan-robot2/usd) by extension 'ignore'
[0.211s] Level 1:colcon.colcon_core.package_identification:_identify(isaacpjt/M0609/doosan-robot2/usd) by extension 'ignore_ament_install'
[0.211s] Level 1:colcon.colcon_core.package_identification:_identify(isaacpjt/M0609/doosan-robot2/usd) by extensions ['colcon_pkg']
[0.211s] Level 1:colcon.colcon_core.package_identification:_identify(isaacpjt/M0609/doosan-robot2/usd) by extension 'colcon_pkg'
[0.211s] Level 1:colcon.colcon_core.package_identification:_identify(isaacpjt/M0609/doosan-robot2/usd) by extensions ['colcon_meta']
[0.211s] Level 1:colcon.colcon_core.package_identification:_identify(isaacpjt/M0609/doosan-robot2/usd) by extension 'colcon_meta'
[0.211s] Level 1:colcon.colcon_core.package_identification:_identify(isaacpjt/M0609/doosan-robot2/usd) by extensions ['ros']
[0.211s] Level 1:colcon.colcon_core.package_identification:_identify(isaacpjt/M0609/doosan-robot2/usd) by extension 'ros'
[0.211s] Level 1:colcon.colcon_core.package_identification:_identify(isaacpjt/M0609/doosan-robot2/usd) by extensions ['cmake', 'python']
[0.211s] Level 1:colcon.colcon_core.package_identification:_identify(isaacpjt/M0609/doosan-robot2/usd) by extension 'cmake'
[0.211s] Level 1:colcon.colcon_core.package_identification:_identify(isaacpjt/M0609/doosan-robot2/usd) by extension 'python'
[0.211s] Level 1:colcon.colcon_core.package_identification:_identify(isaacpjt/M0609/doosan-robot2/usd) by extensions ['python_setup_py']
[0.211s] Level 1:colcon.colcon_core.package_identification:_identify(isaacpjt/M0609/doosan-robot2/usd) by extension 'python_setup_py'
[0.211s] Level 1:colcon.colcon_core.package_identification:_identify(isaacpjt/M0609/m0609_isaac_sim) by extensions ['ignore', 'ignore_ament_install']
[0.211s] Level 1:colcon.colcon_core.package_identification:_identify(isaacpjt/M0609/m0609_isaac_sim) by extension 'ignore'
[0.211s] Level 1:colcon.colcon_core.package_identification:_identify(isaacpjt/M0609/m0609_isaac_sim) by extension 'ignore_ament_install'
[0.211s] Level 1:colcon.colcon_core.package_identification:_identify(isaacpjt/M0609/m0609_isaac_sim) by extensions ['colcon_pkg']
[0.211s] Level 1:colcon.colcon_core.package_identification:_identify(isaacpjt/M0609/m0609_isaac_sim) by extension 'colcon_pkg'
[0.211s] Level 1:colcon.colcon_core.package_identification:_identify(isaacpjt/M0609/m0609_isaac_sim) by extensions ['colcon_meta']
[0.211s] Level 1:colcon.colcon_core.package_identification:_identify(isaacpjt/M0609/m0609_isaac_sim) by extension 'colcon_meta'
[0.211s] Level 1:colcon.colcon_core.package_identification:_identify(isaacpjt/M0609/m0609_isaac_sim) by extensions ['ros']
[0.211s] Level 1:colcon.colcon_core.package_identification:_identify(isaacpjt/M0609/m0609_isaac_sim) by extension 'ros'
[0.211s] Level 1:colcon.colcon_core.package_identification:_identify(isaacpjt/M0609/m0609_isaac_sim) by extensions ['cmake', 'python']
[0.211s] Level 1:colcon.colcon_core.package_identification:_identify(isaacpjt/M0609/m0609_isaac_sim) by extension 'cmake'
[0.211s] Level 1:colcon.colcon_core.package_identification:_identify(isaacpjt/M0609/m0609_isaac_sim) by extension 'python'
[0.211s] Level 1:colcon.colcon_core.package_identification:_identify(isaacpjt/M0609/m0609_isaac_sim) by extensions ['python_setup_py']
[0.211s] Level 1:colcon.colcon_core.package_identification:_identify(isaacpjt/M0609/m0609_isaac_sim) by extension 'python_setup_py'
[0.211s] Level 1:colcon.colcon_core.package_identification:_identify(isaacpjt/M0609/m0609_isaac_sim/configuration) by extensions ['ignore', 'ignore_ament_install']
[0.211s] Level 1:colcon.colcon_core.package_identification:_identify(isaacpjt/M0609/m0609_isaac_sim/configuration) by extension 'ignore'
[0.211s] Level 1:colcon.colcon_core.package_identification:_identify(isaacpjt/M0609/m0609_isaac_sim/configuration) by extension 'ignore_ament_install'
[0.211s] Level 1:colcon.colcon_core.package_identification:_identify(isaacpjt/M0609/m0609_isaac_sim/configuration) by extensions ['colcon_pkg']
[0.211s] Level 1:colcon.colcon_core.package_identification:_identify(isaacpjt/M0609/m0609_isaac_sim/configuration) by extension 'colcon_pkg'
[0.211s] Level 1:colcon.colcon_core.package_identification:_identify(isaacpjt/M0609/m0609_isaac_sim/configuration) by extensions ['colcon_meta']
[0.211s] Level 1:colcon.colcon_core.package_identification:_identify(isaacpjt/M0609/m0609_isaac_sim/configuration) by extension 'colcon_meta'
[0.211s] Level 1:colcon.colcon_core.package_identification:_identify(isaacpjt/M0609/m0609_isaac_sim/configuration) by extensions ['ros']
[0.211s] Level 1:colcon.colcon_core.package_identification:_identify(isaacpjt/M0609/m0609_isaac_sim/configuration) by extension 'ros'
[0.211s] Level 1:colcon.colcon_core.package_identification:_identify(isaacpjt/M0609/m0609_isaac_sim/configuration) by extensions ['cmake', 'python']
[0.211s] Level 1:colcon.colcon_core.package_identification:_identify(isaacpjt/M0609/m0609_isaac_sim/configuration) by extension 'cmake'
[0.211s] Level 1:colcon.colcon_core.package_identification:_identify(isaacpjt/M0609/m0609_isaac_sim/configuration) by extension 'python'
[0.212s] Level 1:colcon.colcon_core.package_identification:_identify(isaacpjt/M0609/m0609_isaac_sim/configuration) by extensions ['python_setup_py']
[0.212s] Level 1:colcon.colcon_core.package_identification:_identify(isaacpjt/M0609/m0609_isaac_sim/configuration) by extension 'python_setup_py'
[0.212s] Level 1:colcon.colcon_core.package_identification:_identify(isaacpjt/M0609/onrobot_rg2) by extensions ['ignore', 'ignore_ament_install']
[0.212s] Level 1:colcon.colcon_core.package_identification:_identify(isaacpjt/M0609/onrobot_rg2) by extension 'ignore'
[0.212s] Level 1:colcon.colcon_core.package_identification:_identify(isaacpjt/M0609/onrobot_rg2) by extension 'ignore_ament_install'
[0.212s] Level 1:colcon.colcon_core.package_identification:_identify(isaacpjt/M0609/onrobot_rg2) by extensions ['colcon_pkg']
[0.212s] Level 1:colcon.colcon_core.package_identification:_identify(isaacpjt/M0609/onrobot_rg2) by extension 'colcon_pkg'
[0.212s] Level 1:colcon.colcon_core.package_identification:_identify(isaacpjt/M0609/onrobot_rg2) by extensions ['colcon_meta']
[0.212s] Level 1:colcon.colcon_core.package_identification:_identify(isaacpjt/M0609/onrobot_rg2) by extension 'colcon_meta'
[0.212s] Level 1:colcon.colcon_core.package_identification:_identify(isaacpjt/M0609/onrobot_rg2) by extensions ['ros']
[0.212s] Level 1:colcon.colcon_core.package_identification:_identify(isaacpjt/M0609/onrobot_rg2) by extension 'ros'
[0.212s] Level 1:colcon.colcon_core.package_identification:_identify(isaacpjt/M0609/onrobot_rg2) by extensions ['cmake', 'python']
[0.212s] Level 1:colcon.colcon_core.package_identification:_identify(isaacpjt/M0609/onrobot_rg2) by extension 'cmake'
[0.212s] Level 1:colcon.colcon_core.package_identification:_identify(isaacpjt/M0609/onrobot_rg2) by extension 'python'
[0.212s] Level 1:colcon.colcon_core.package_identification:_identify(isaacpjt/M0609/onrobot_rg2) by extensions ['python_setup_py']
[0.212s] Level 1:colcon.colcon_core.package_identification:_identify(isaacpjt/M0609/onrobot_rg2) by extension 'python_setup_py'
[0.212s] Level 1:colcon.colcon_core.package_identification:_identify(isaacpjt/M0609/onrobot_rg2/meshes) by extensions ['ignore', 'ignore_ament_install']
[0.212s] Level 1:colcon.colcon_core.package_identification:_identify(isaacpjt/M0609/onrobot_rg2/meshes) by extension 'ignore'
[0.212s] Level 1:colcon.colcon_core.package_identification:_identify(isaacpjt/M0609/onrobot_rg2/meshes) by extension 'ignore_ament_install'
[0.212s] Level 1:colcon.colcon_core.package_identification:_identify(isaacpjt/M0609/onrobot_rg2/meshes) by extensions ['colcon_pkg']
[0.212s] Level 1:colcon.colcon_core.package_identification:_identify(isaacpjt/M0609/onrobot_rg2/meshes) by extension 'colcon_pkg'
[0.212s] Level 1:colcon.colcon_core.package_identification:_identify(isaacpjt/M0609/onrobot_rg2/meshes) by extensions ['colcon_meta']
[0.212s] Level 1:colcon.colcon_core.package_identification:_identify(isaacpjt/M0609/onrobot_rg2/meshes) by extension 'colcon_meta'
[0.212s] Level 1:colcon.colcon_core.package_identification:_identify(isaacpjt/M0609/onrobot_rg2/meshes) by extensions ['ros']
[0.212s] Level 1:colcon.colcon_core.package_identification:_identify(isaacpjt/M0609/onrobot_rg2/meshes) by extension 'ros'
[0.212s] Level 1:colcon.colcon_core.package_identification:_identify(isaacpjt/M0609/onrobot_rg2/meshes) by extensions ['cmake', 'python']
[0.212s] Level 1:colcon.colcon_core.package_identification:_identify(isaacpjt/M0609/onrobot_rg2/meshes) by extension 'cmake'
[0.212s] Level 1:colcon.colcon_core.package_identification:_identify(isaacpjt/M0609/onrobot_rg2/meshes) by extension 'python'
[0.212s] Level 1:colcon.colcon_core.package_identification:_identify(isaacpjt/M0609/onrobot_rg2/meshes) by extensions ['python_setup_py']
[0.212s] Level 1:colcon.colcon_core.package_identification:_identify(isaacpjt/M0609/onrobot_rg2/meshes) by extension 'python_setup_py'
[0.212s] Level 1:colcon.colcon_core.package_identification:_identify(isaacpjt/M0609/onrobot_rg2/meshes/collision) by extensions ['ignore', 'ignore_ament_install']
[0.212s] Level 1:colcon.colcon_core.package_identification:_identify(isaacpjt/M0609/onrobot_rg2/meshes/collision) by extension 'ignore'
[0.212s] Level 1:colcon.colcon_core.package_identification:_identify(isaacpjt/M0609/onrobot_rg2/meshes/collision) by extension 'ignore_ament_install'
[0.212s] Level 1:colcon.colcon_core.package_identification:_identify(isaacpjt/M0609/onrobot_rg2/meshes/collision) by extensions ['colcon_pkg']
[0.212s] Level 1:colcon.colcon_core.package_identification:_identify(isaacpjt/M0609/onrobot_rg2/meshes/collision) by extension 'colcon_pkg'
[0.212s] Level 1:colcon.colcon_core.package_identification:_identify(isaacpjt/M0609/onrobot_rg2/meshes/collision) by extensions ['colcon_meta']
[0.212s] Level 1:colcon.colcon_core.package_identification:_identify(isaacpjt/M0609/onrobot_rg2/meshes/collision) by extension 'colcon_meta'
[0.212s] Level 1:colcon.colcon_core.package_identification:_identify(isaacpjt/M0609/onrobot_rg2/meshes/collision) by extensions ['ros']
[0.212s] Level 1:colcon.colcon_core.package_identification:_identify(isaacpjt/M0609/onrobot_rg2/meshes/collision) by extension 'ros'
[0.212s] Level 1:colcon.colcon_core.package_identification:_identify(isaacpjt/M0609/onrobot_rg2/meshes/collision) by extensions ['cmake', 'python']
[0.212s] Level 1:colcon.colcon_core.package_identification:_identify(isaacpjt/M0609/onrobot_rg2/meshes/collision) by extension 'cmake'
[0.212s] Level 1:colcon.colcon_core.package_identification:_identify(isaacpjt/M0609/onrobot_rg2/meshes/collision) by extension 'python'
[0.212s] Level 1:colcon.colcon_core.package_identification:_identify(isaacpjt/M0609/onrobot_rg2/meshes/collision) by extensions ['python_setup_py']
[0.212s] Level 1:colcon.colcon_core.package_identification:_identify(isaacpjt/M0609/onrobot_rg2/meshes/collision) by extension 'python_setup_py'
[0.213s] Level 1:colcon.colcon_core.package_identification:_identify(isaacpjt/M0609/onrobot_rg2/meshes/visual) by extensions ['ignore', 'ignore_ament_install']
[0.213s] Level 1:colcon.colcon_core.package_identification:_identify(isaacpjt/M0609/onrobot_rg2/meshes/visual) by extension 'ignore'
[0.213s] Level 1:colcon.colcon_core.package_identification:_identify(isaacpjt/M0609/onrobot_rg2/meshes/visual) by extension 'ignore_ament_install'
[0.213s] Level 1:colcon.colcon_core.package_identification:_identify(isaacpjt/M0609/onrobot_rg2/meshes/visual) by extensions ['colcon_pkg']
[0.213s] Level 1:colcon.colcon_core.package_identification:_identify(isaacpjt/M0609/onrobot_rg2/meshes/visual) by extension 'colcon_pkg'
[0.213s] Level 1:colcon.colcon_core.package_identification:_identify(isaacpjt/M0609/onrobot_rg2/meshes/visual) by extensions ['colcon_meta']
[0.213s] Level 1:colcon.colcon_core.package_identification:_identify(isaacpjt/M0609/onrobot_rg2/meshes/visual) by extension 'colcon_meta'
[0.213s] Level 1:colcon.colcon_core.package_identification:_identify(isaacpjt/M0609/onrobot_rg2/meshes/visual) by extensions ['ros']
[0.213s] Level 1:colcon.colcon_core.package_identification:_identify(isaacpjt/M0609/onrobot_rg2/meshes/visual) by extension 'ros'
[0.213s] Level 1:colcon.colcon_core.package_identification:_identify(isaacpjt/M0609/onrobot_rg2/meshes/visual) by extensions ['cmake', 'python']
[0.213s] Level 1:colcon.colcon_core.package_identification:_identify(isaacpjt/M0609/onrobot_rg2/meshes/visual) by extension 'cmake'
[0.213s] Level 1:colcon.colcon_core.package_identification:_identify(isaacpjt/M0609/onrobot_rg2/meshes/visual) by extension 'python'
[0.213s] Level 1:colcon.colcon_core.package_identification:_identify(isaacpjt/M0609/onrobot_rg2/meshes/visual) by extensions ['python_setup_py']
[0.213s] Level 1:colcon.colcon_core.package_identification:_identify(isaacpjt/M0609/onrobot_rg2/meshes/visual) by extension 'python_setup_py'
[0.213s] Level 1:colcon.colcon_core.package_identification:_identify(isaacpjt/M0609/onrobot_rg2/urdf) by extensions ['ignore', 'ignore_ament_install']
[0.213s] Level 1:colcon.colcon_core.package_identification:_identify(isaacpjt/M0609/onrobot_rg2/urdf) by extension 'ignore'
[0.213s] Level 1:colcon.colcon_core.package_identification:_identify(isaacpjt/M0609/onrobot_rg2/urdf) by extension 'ignore_ament_install'
[0.213s] Level 1:colcon.colcon_core.package_identification:_identify(isaacpjt/M0609/onrobot_rg2/urdf) by extensions ['colcon_pkg']
[0.213s] Level 1:colcon.colcon_core.package_identification:_identify(isaacpjt/M0609/onrobot_rg2/urdf) by extension 'colcon_pkg'
[0.213s] Level 1:colcon.colcon_core.package_identification:_identify(isaacpjt/M0609/onrobot_rg2/urdf) by extensions ['colcon_meta']
[0.213s] Level 1:colcon.colcon_core.package_identification:_identify(isaacpjt/M0609/onrobot_rg2/urdf) by extension 'colcon_meta'
[0.213s] Level 1:colcon.colcon_core.package_identification:_identify(isaacpjt/M0609/onrobot_rg2/urdf) by extensions ['ros']
[0.213s] Level 1:colcon.colcon_core.package_identification:_identify(isaacpjt/M0609/onrobot_rg2/urdf) by extension 'ros'
[0.213s] Level 1:colcon.colcon_core.package_identification:_identify(isaacpjt/M0609/onrobot_rg2/urdf) by extensions ['cmake', 'python']
[0.213s] Level 1:colcon.colcon_core.package_identification:_identify(isaacpjt/M0609/onrobot_rg2/urdf) by extension 'cmake'
[0.213s] Level 1:colcon.colcon_core.package_identification:_identify(isaacpjt/M0609/onrobot_rg2/urdf) by extension 'python'
[0.213s] Level 1:colcon.colcon_core.package_identification:_identify(isaacpjt/M0609/onrobot_rg2/urdf) by extensions ['python_setup_py']
[0.213s] Level 1:colcon.colcon_core.package_identification:_identify(isaacpjt/M0609/onrobot_rg2/urdf) by extension 'python_setup_py'
[0.213s] Level 1:colcon.colcon_core.package_identification:_identify(isaacpjt/M0609/onrobot_rg2/urdf/onrobot_rg2) by extensions ['ignore', 'ignore_ament_install']
[0.213s] Level 1:colcon.colcon_core.package_identification:_identify(isaacpjt/M0609/onrobot_rg2/urdf/onrobot_rg2) by extension 'ignore'
[0.213s] Level 1:colcon.colcon_core.package_identification:_identify(isaacpjt/M0609/onrobot_rg2/urdf/onrobot_rg2) by extension 'ignore_ament_install'
[0.213s] Level 1:colcon.colcon_core.package_identification:_identify(isaacpjt/M0609/onrobot_rg2/urdf/onrobot_rg2) by extensions ['colcon_pkg']
[0.213s] Level 1:colcon.colcon_core.package_identification:_identify(isaacpjt/M0609/onrobot_rg2/urdf/onrobot_rg2) by extension 'colcon_pkg'
[0.213s] Level 1:colcon.colcon_core.package_identification:_identify(isaacpjt/M0609/onrobot_rg2/urdf/onrobot_rg2) by extensions ['colcon_meta']
[0.213s] Level 1:colcon.colcon_core.package_identification:_identify(isaacpjt/M0609/onrobot_rg2/urdf/onrobot_rg2) by extension 'colcon_meta'
[0.213s] Level 1:colcon.colcon_core.package_identification:_identify(isaacpjt/M0609/onrobot_rg2/urdf/onrobot_rg2) by extensions ['ros']
[0.213s] Level 1:colcon.colcon_core.package_identification:_identify(isaacpjt/M0609/onrobot_rg2/urdf/onrobot_rg2) by extension 'ros'
[0.213s] Level 1:colcon.colcon_core.package_identification:_identify(isaacpjt/M0609/onrobot_rg2/urdf/onrobot_rg2) by extensions ['cmake', 'python']
[0.213s] Level 1:colcon.colcon_core.package_identification:_identify(isaacpjt/M0609/onrobot_rg2/urdf/onrobot_rg2) by extension 'cmake'
[0.213s] Level 1:colcon.colcon_core.package_identification:_identify(isaacpjt/M0609/onrobot_rg2/urdf/onrobot_rg2) by extension 'python'
[0.213s] Level 1:colcon.colcon_core.package_identification:_identify(isaacpjt/M0609/onrobot_rg2/urdf/onrobot_rg2) by extensions ['python_setup_py']
[0.213s] Level 1:colcon.colcon_core.package_identification:_identify(isaacpjt/M0609/onrobot_rg2/urdf/onrobot_rg2) by extension 'python_setup_py'
[0.213s] Level 1:colcon.colcon_core.package_identification:_identify(isaacpjt/M0609/onrobot_rg2/urdf/onrobot_rg2/configuration) by extensions ['ignore', 'ignore_ament_install']
[0.213s] Level 1:colcon.colcon_core.package_identification:_identify(isaacpjt/M0609/onrobot_rg2/urdf/onrobot_rg2/configuration) by extension 'ignore'
[0.213s] Level 1:colcon.colcon_core.package_identification:_identify(isaacpjt/M0609/onrobot_rg2/urdf/onrobot_rg2/configuration) by extension 'ignore_ament_install'
[0.213s] Level 1:colcon.colcon_core.package_identification:_identify(isaacpjt/M0609/onrobot_rg2/urdf/onrobot_rg2/configuration) by extensions ['colcon_pkg']
[0.213s] Level 1:colcon.colcon_core.package_identification:_identify(isaacpjt/M0609/onrobot_rg2/urdf/onrobot_rg2/configuration) by extension 'colcon_pkg'
[0.213s] Level 1:colcon.colcon_core.package_identification:_identify(isaacpjt/M0609/onrobot_rg2/urdf/onrobot_rg2/configuration) by extensions ['colcon_meta']
[0.213s] Level 1:colcon.colcon_core.package_identification:_identify(isaacpjt/M0609/onrobot_rg2/urdf/onrobot_rg2/configuration) by extension 'colcon_meta'
[0.213s] Level 1:colcon.colcon_core.package_identification:_identify(isaacpjt/M0609/onrobot_rg2/urdf/onrobot_rg2/configuration) by extensions ['ros']
[0.213s] Level 1:colcon.colcon_core.package_identification:_identify(isaacpjt/M0609/onrobot_rg2/urdf/onrobot_rg2/configuration) by extension 'ros'
[0.213s] Level 1:colcon.colcon_core.package_identification:_identify(isaacpjt/M0609/onrobot_rg2/urdf/onrobot_rg2/configuration) by extensions ['cmake', 'python']
[0.213s] Level 1:colcon.colcon_core.package_identification:_identify(isaacpjt/M0609/onrobot_rg2/urdf/onrobot_rg2/configuration) by extension 'cmake'
[0.214s] Level 1:colcon.colcon_core.package_identification:_identify(isaacpjt/M0609/onrobot_rg2/urdf/onrobot_rg2/configuration) by extension 'python'
[0.214s] Level 1:colcon.colcon_core.package_identification:_identify(isaacpjt/M0609/onrobot_rg2/urdf/onrobot_rg2/configuration) by extensions ['python_setup_py']
[0.214s] Level 1:colcon.colcon_core.package_identification:_identify(isaacpjt/M0609/onrobot_rg2/urdf/onrobot_rg2/configuration) by extension 'python_setup_py'
[0.214s] Level 1:colcon.colcon_core.package_identification:_identify(isaacpjt/M0609/rmpflow) by extensions ['ignore', 'ignore_ament_install']
[0.214s] Level 1:colcon.colcon_core.package_identification:_identify(isaacpjt/M0609/rmpflow) by extension 'ignore'
[0.214s] Level 1:colcon.colcon_core.package_identification:_identify(isaacpjt/M0609/rmpflow) by extension 'ignore_ament_install'
[0.214s] Level 1:colcon.colcon_core.package_identification:_identify(isaacpjt/M0609/rmpflow) by extensions ['colcon_pkg']
[0.214s] Level 1:colcon.colcon_core.package_identification:_identify(isaacpjt/M0609/rmpflow) by extension 'colcon_pkg'
[0.214s] Level 1:colcon.colcon_core.package_identification:_identify(isaacpjt/M0609/rmpflow) by extensions ['colcon_meta']
[0.214s] Level 1:colcon.colcon_core.package_identification:_identify(isaacpjt/M0609/rmpflow) by extension 'colcon_meta'
[0.214s] Level 1:colcon.colcon_core.package_identification:_identify(isaacpjt/M0609/rmpflow) by extensions ['ros']
[0.214s] Level 1:colcon.colcon_core.package_identification:_identify(isaacpjt/M0609/rmpflow) by extension 'ros'
[0.214s] Level 1:colcon.colcon_core.package_identification:_identify(isaacpjt/M0609/rmpflow) by extensions ['cmake', 'python']
[0.214s] Level 1:colcon.colcon_core.package_identification:_identify(isaacpjt/M0609/rmpflow) by extension 'cmake'
[0.214s] Level 1:colcon.colcon_core.package_identification:_identify(isaacpjt/M0609/rmpflow) by extension 'python'
[0.214s] Level 1:colcon.colcon_core.package_identification:_identify(isaacpjt/M0609/rmpflow) by extensions ['python_setup_py']
[0.214s] Level 1:colcon.colcon_core.package_identification:_identify(isaacpjt/M0609/rmpflow) by extension 'python_setup_py'
[0.214s] Level 1:colcon.colcon_core.package_identification:_identify(isaacpjt/M0609/rmpflow/__pycache__) by extensions ['ignore', 'ignore_ament_install']
[0.214s] Level 1:colcon.colcon_core.package_identification:_identify(isaacpjt/M0609/rmpflow/__pycache__) by extension 'ignore'
[0.214s] Level 1:colcon.colcon_core.package_identification:_identify(isaacpjt/M0609/rmpflow/__pycache__) by extension 'ignore_ament_install'
[0.214s] Level 1:colcon.colcon_core.package_identification:_identify(isaacpjt/M0609/rmpflow/__pycache__) by extensions ['colcon_pkg']
[0.214s] Level 1:colcon.colcon_core.package_identification:_identify(isaacpjt/M0609/rmpflow/__pycache__) by extension 'colcon_pkg'
[0.214s] Level 1:colcon.colcon_core.package_identification:_identify(isaacpjt/M0609/rmpflow/__pycache__) by extensions ['colcon_meta']
[0.214s] Level 1:colcon.colcon_core.package_identification:_identify(isaacpjt/M0609/rmpflow/__pycache__) by extension 'colcon_meta'
[0.214s] Level 1:colcon.colcon_core.package_identification:_identify(isaacpjt/M0609/rmpflow/__pycache__) by extensions ['ros']
[0.214s] Level 1:colcon.colcon_core.package_identification:_identify(isaacpjt/M0609/rmpflow/__pycache__) by extension 'ros'
[0.214s] Level 1:colcon.colcon_core.package_identification:_identify(isaacpjt/M0609/rmpflow/__pycache__) by extensions ['cmake', 'python']
[0.214s] Level 1:colcon.colcon_core.package_identification:_identify(isaacpjt/M0609/rmpflow/__pycache__) by extension 'cmake'
[0.214s] Level 1:colcon.colcon_core.package_identification:_identify(isaacpjt/M0609/rmpflow/__pycache__) by extension 'python'
[0.214s] Level 1:colcon.colcon_core.package_identification:_identify(isaacpjt/M0609/rmpflow/__pycache__) by extensions ['python_setup_py']
[0.214s] Level 1:colcon.colcon_core.package_identification:_identify(isaacpjt/M0609/rmpflow/__pycache__) by extension 'python_setup_py'
[0.214s] Level 1:colcon.colcon_core.package_identification:_identify(isaacpjt/Polishing_Tuto) by extensions ['ignore', 'ignore_ament_install']
[0.214s] Level 1:colcon.colcon_core.package_identification:_identify(isaacpjt/Polishing_Tuto) by extension 'ignore'
[0.214s] Level 1:colcon.colcon_core.package_identification:_identify(isaacpjt/Polishing_Tuto) by extension 'ignore_ament_install'
[0.214s] Level 1:colcon.colcon_core.package_identification:_identify(isaacpjt/Polishing_Tuto) by extensions ['colcon_pkg']
[0.214s] Level 1:colcon.colcon_core.package_identification:_identify(isaacpjt/Polishing_Tuto) by extension 'colcon_pkg'
[0.214s] Level 1:colcon.colcon_core.package_identification:_identify(isaacpjt/Polishing_Tuto) by extensions ['colcon_meta']
[0.214s] Level 1:colcon.colcon_core.package_identification:_identify(isaacpjt/Polishing_Tuto) by extension 'colcon_meta'
[0.214s] Level 1:colcon.colcon_core.package_identification:_identify(isaacpjt/Polishing_Tuto) by extensions ['ros']
[0.214s] Level 1:colcon.colcon_core.package_identification:_identify(isaacpjt/Polishing_Tuto) by extension 'ros'
[0.214s] Level 1:colcon.colcon_core.package_identification:_identify(isaacpjt/Polishing_Tuto) by extensions ['cmake', 'python']
[0.214s] Level 1:colcon.colcon_core.package_identification:_identify(isaacpjt/Polishing_Tuto) by extension 'cmake'
[0.214s] Level 1:colcon.colcon_core.package_identification:_identify(isaacpjt/Polishing_Tuto) by extension 'python'
[0.214s] Level 1:colcon.colcon_core.package_identification:_identify(isaacpjt/Polishing_Tuto) by extensions ['python_setup_py']
[0.214s] Level 1:colcon.colcon_core.package_identification:_identify(isaacpjt/Polishing_Tuto) by extension 'python_setup_py'
[0.214s] Level 1:colcon.colcon_core.package_identification:_identify(isaacpjt/nova-carter) by extensions ['ignore', 'ignore_ament_install']
[0.214s] Level 1:colcon.colcon_core.package_identification:_identify(isaacpjt/nova-carter) by extension 'ignore'
[0.214s] Level 1:colcon.colcon_core.package_identification:_identify(isaacpjt/nova-carter) by extension 'ignore_ament_install'
[0.214s] Level 1:colcon.colcon_core.package_identification:_identify(isaacpjt/nova-carter) by extensions ['colcon_pkg']
[0.214s] Level 1:colcon.colcon_core.package_identification:_identify(isaacpjt/nova-carter) by extension 'colcon_pkg'
[0.214s] Level 1:colcon.colcon_core.package_identification:_identify(isaacpjt/nova-carter) by extensions ['colcon_meta']
[0.214s] Level 1:colcon.colcon_core.package_identification:_identify(isaacpjt/nova-carter) by extension 'colcon_meta'
[0.214s] Level 1:colcon.colcon_core.package_identification:_identify(isaacpjt/nova-carter) by extensions ['ros']
[0.214s] Level 1:colcon.colcon_core.package_identification:_identify(isaacpjt/nova-carter) by extension 'ros'
[0.214s] Level 1:colcon.colcon_core.package_identification:_identify(isaacpjt/nova-carter) by extensions ['cmake', 'python']
[0.214s] Level 1:colcon.colcon_core.package_identification:_identify(isaacpjt/nova-carter) by extension 'cmake'
[0.214s] Level 1:colcon.colcon_core.package_identification:_identify(isaacpjt/nova-carter) by extension 'python'
[0.214s] Level 1:colcon.colcon_core.package_identification:_identify(isaacpjt/nova-carter) by extensions ['python_setup_py']
[0.214s] Level 1:colcon.colcon_core.package_identification:_identify(isaacpjt/nova-carter) by extension 'python_setup_py'
[0.215s] Level 1:colcon.colcon_core.package_identification:_identify(log) by extensions ['ignore', 'ignore_ament_install']
[0.215s] Level 1:colcon.colcon_core.package_identification:_identify(log) by extension 'ignore'
[0.215s] Level 1:colcon.colcon_core.package_identification:_identify(log) ignored
[0.215s] Level 1:colcon.colcon_core.package_identification:_identify(src) by extensions ['ignore', 'ignore_ament_install']
[0.215s] Level 1:colcon.colcon_core.package_identification:_identify(src) by extension 'ignore'
[0.215s] Level 1:colcon.colcon_core.package_identification:_identify(src) by extension 'ignore_ament_install'
[0.215s] Level 1:colcon.colcon_core.package_identification:_identify(src) by extensions ['colcon_pkg']
[0.215s] Level 1:colcon.colcon_core.package_identification:_identify(src) by extension 'colcon_pkg'
[0.215s] Level 1:colcon.colcon_core.package_identification:_identify(src) by extensions ['colcon_meta']
[0.215s] Level 1:colcon.colcon_core.package_identification:_identify(src) by extension 'colcon_meta'
[0.215s] Level 1:colcon.colcon_core.package_identification:_identify(src) by extensions ['ros']
[0.215s] Level 1:colcon.colcon_core.package_identification:_identify(src) by extension 'ros'
[0.215s] Level 1:colcon.colcon_core.package_identification:_identify(src) by extensions ['cmake', 'python']
[0.215s] Level 1:colcon.colcon_core.package_identification:_identify(src) by extension 'cmake'
[0.215s] Level 1:colcon.colcon_core.package_identification:_identify(src) by extension 'python'
[0.215s] Level 1:colcon.colcon_core.package_identification:_identify(src) by extensions ['python_setup_py']
[0.215s] Level 1:colcon.colcon_core.package_identification:_identify(src) by extension 'python_setup_py'
[0.215s] Level 1:colcon.colcon_core.package_identification:_identify(src/M0609) by extensions ['ignore', 'ignore_ament_install']
[0.215s] Level 1:colcon.colcon_core.package_identification:_identify(src/M0609) by extension 'ignore'
[0.215s] Level 1:colcon.colcon_core.package_identification:_identify(src/M0609) by extension 'ignore_ament_install'
[0.215s] Level 1:colcon.colcon_core.package_identification:_identify(src/M0609) by extensions ['colcon_pkg']
[0.215s] Level 1:colcon.colcon_core.package_identification:_identify(src/M0609) by extension 'colcon_pkg'
[0.215s] Level 1:colcon.colcon_core.package_identification:_identify(src/M0609) by extensions ['colcon_meta']
[0.215s] Level 1:colcon.colcon_core.package_identification:_identify(src/M0609) by extension 'colcon_meta'
[0.215s] Level 1:colcon.colcon_core.package_identification:_identify(src/M0609) by extensions ['ros']
[0.215s] Level 1:colcon.colcon_core.package_identification:_identify(src/M0609) by extension 'ros'
[0.217s] DEBUG:colcon.colcon_core.package_identification:Package 'src/M0609' with type 'ros.ament_python' and name 'M0609'
[0.217s] Level 1:colcon.colcon_core.package_identification:_identify(src/cobot3) by extensions ['ignore', 'ignore_ament_install']
[0.217s] Level 1:colcon.colcon_core.package_identification:_identify(src/cobot3) by extension 'ignore'
[0.217s] Level 1:colcon.colcon_core.package_identification:_identify(src/cobot3) by extension 'ignore_ament_install'
[0.217s] Level 1:colcon.colcon_core.package_identification:_identify(src/cobot3) by extensions ['colcon_pkg']
[0.217s] Level 1:colcon.colcon_core.package_identification:_identify(src/cobot3) by extension 'colcon_pkg'
[0.217s] Level 1:colcon.colcon_core.package_identification:_identify(src/cobot3) by extensions ['colcon_meta']
[0.217s] Level 1:colcon.colcon_core.package_identification:_identify(src/cobot3) by extension 'colcon_meta'
[0.217s] Level 1:colcon.colcon_core.package_identification:_identify(src/cobot3) by extensions ['ros']
[0.217s] Level 1:colcon.colcon_core.package_identification:_identify(src/cobot3) by extension 'ros'
[0.217s] DEBUG:colcon.colcon_core.package_identification:Package 'src/cobot3' with type 'ros.ament_python' and name 'cobot3'
[0.217s] Level 1:colcon.colcon_core.package_identification:_identify(src/nova_carter) by extensions ['ignore', 'ignore_ament_install']
[0.217s] Level 1:colcon.colcon_core.package_identification:_identify(src/nova_carter) by extension 'ignore'
[0.217s] Level 1:colcon.colcon_core.package_identification:_identify(src/nova_carter) by extension 'ignore_ament_install'
[0.217s] Level 1:colcon.colcon_core.package_identification:_identify(src/nova_carter) by extensions ['colcon_pkg']
[0.217s] Level 1:colcon.colcon_core.package_identification:_identify(src/nova_carter) by extension 'colcon_pkg'
[0.217s] Level 1:colcon.colcon_core.package_identification:_identify(src/nova_carter) by extensions ['colcon_meta']
[0.217s] Level 1:colcon.colcon_core.package_identification:_identify(src/nova_carter) by extension 'colcon_meta'
[0.217s] Level 1:colcon.colcon_core.package_identification:_identify(src/nova_carter) by extensions ['ros']
[0.217s] Level 1:colcon.colcon_core.package_identification:_identify(src/nova_carter) by extension 'ros'
[0.218s] Level 1:colcon.colcon_core.package_identification:_identify(src/nova_carter) by extensions ['cmake', 'python']
[0.218s] Level 1:colcon.colcon_core.package_identification:_identify(src/nova_carter) by extension 'cmake'
[0.218s] Level 1:colcon.colcon_core.package_identification:_identify(src/nova_carter) by extension 'python'
[0.218s] Level 1:colcon.colcon_core.package_identification:_identify(src/nova_carter) by extensions ['python_setup_py']
[0.218s] Level 1:colcon.colcon_core.package_identification:_identify(src/nova_carter) by extension 'python_setup_py'
[0.218s] Level 1:colcon.colcon_core.package_identification:_identify(src/nova_carter/commander) by extensions ['ignore', 'ignore_ament_install']
[0.218s] Level 1:colcon.colcon_core.package_identification:_identify(src/nova_carter/commander) by extension 'ignore'
[0.218s] Level 1:colcon.colcon_core.package_identification:_identify(src/nova_carter/commander) by extension 'ignore_ament_install'
[0.218s] Level 1:colcon.colcon_core.package_identification:_identify(src/nova_carter/commander) by extensions ['colcon_pkg']
[0.218s] Level 1:colcon.colcon_core.package_identification:_identify(src/nova_carter/commander) by extension 'colcon_pkg'
[0.218s] Level 1:colcon.colcon_core.package_identification:_identify(src/nova_carter/commander) by extensions ['colcon_meta']
[0.218s] Level 1:colcon.colcon_core.package_identification:_identify(src/nova_carter/commander) by extension 'colcon_meta'
[0.218s] Level 1:colcon.colcon_core.package_identification:_identify(src/nova_carter/commander) by extensions ['ros']
[0.218s] Level 1:colcon.colcon_core.package_identification:_identify(src/nova_carter/commander) by extension 'ros'
[0.218s] DEBUG:colcon.colcon_core.package_identification:Package 'src/nova_carter/commander' with type 'ros.ament_python' and name 'commander'
[0.218s] Level 1:colcon.colcon_core.package_identification:_identify(src/sanding_control) by extensions ['ignore', 'ignore_ament_install']
[0.218s] Level 1:colcon.colcon_core.package_identification:_identify(src/sanding_control) by extension 'ignore'
[0.218s] Level 1:colcon.colcon_core.package_identification:_identify(src/sanding_control) by extension 'ignore_ament_install'
[0.218s] Level 1:colcon.colcon_core.package_identification:_identify(src/sanding_control) by extensions ['colcon_pkg']
[0.218s] Level 1:colcon.colcon_core.package_identification:_identify(src/sanding_control) by extension 'colcon_pkg'
[0.218s] Level 1:colcon.colcon_core.package_identification:_identify(src/sanding_control) by extensions ['colcon_meta']
[0.218s] Level 1:colcon.colcon_core.package_identification:_identify(src/sanding_control) by extension 'colcon_meta'
[0.218s] Level 1:colcon.colcon_core.package_identification:_identify(src/sanding_control) by extensions ['ros']
[0.218s] Level 1:colcon.colcon_core.package_identification:_identify(src/sanding_control) by extension 'ros'
[0.219s] DEBUG:colcon.colcon_core.package_identification:Package 'src/sanding_control' with type 'ros.ament_python' and name 'sanding_control'
[0.219s] Level 1:colcon.colcon_core.package_identification:_identify(src/simple_sanding) by extensions ['ignore', 'ignore_ament_install']
[0.219s] Level 1:colcon.colcon_core.package_identification:_identify(src/simple_sanding) by extension 'ignore'
[0.219s] Level 1:colcon.colcon_core.package_identification:_identify(src/simple_sanding) by extension 'ignore_ament_install'
[0.219s] Level 1:colcon.colcon_core.package_identification:_identify(src/simple_sanding) by extensions ['colcon_pkg']
[0.219s] Level 1:colcon.colcon_core.package_identification:_identify(src/simple_sanding) by extension 'colcon_pkg'
[0.219s] Level 1:colcon.colcon_core.package_identification:_identify(src/simple_sanding) by extensions ['colcon_meta']
[0.219s] Level 1:colcon.colcon_core.package_identification:_identify(src/simple_sanding) by extension 'colcon_meta'
[0.219s] Level 1:colcon.colcon_core.package_identification:_identify(src/simple_sanding) by extensions ['ros']
[0.219s] Level 1:colcon.colcon_core.package_identification:_identify(src/simple_sanding) by extension 'ros'
[0.219s] DEBUG:colcon.colcon_core.package_identification:Package 'src/simple_sanding' with type 'ros.ament_python' and name 'simple_sanding'
[0.219s] Level 1:colcon.colcon_core.package_discovery:discover_packages(recursive) using defaults
[0.219s] Level 1:colcon.colcon_core.package_discovery:discover_packages(ignore) discover
[0.219s] Level 1:colcon.colcon_core.package_discovery:discover_packages(ignore) using defaults
[0.219s] Level 1:colcon.colcon_core.package_discovery:discover_packages(path) discover
[0.219s] Level 1:colcon.colcon_core.package_discovery:discover_packages(path) using defaults
[0.233s] INFO:colcon.colcon_core.package_selection:Skipping not selected package 'M0609' in 'src/M0609'
[0.233s] INFO:colcon.colcon_core.package_selection:Skipping not selected package 'cobot3' in 'src/cobot3'
[0.233s] INFO:colcon.colcon_core.package_selection:Skipping not selected package 'commander' in 'src/nova_carter/commander'
[0.233s] INFO:colcon.colcon_core.package_selection:Skipping not selected package 'simple_sanding' in 'src/simple_sanding'
[0.234s] Level 1:colcon.colcon_core.package_discovery:discover_packages(prefix_path) check parameters
[0.234s] Level 1:colcon.colcon_core.package_discovery:discover_packages(prefix_path) discover
[0.235s] DEBUG:colcon.colcon_installed_package_information.package_discovery:Found 319 installed packages in /opt/ros/humble
[0.236s] Level 1:colcon.colcon_core.package_discovery:discover_packages(prefix_path) using defaults
[0.253s] Level 5:colcon.colcon_core.verb:set package 'sanding_control' build argument 'cmake_args' from command line to 'None'
[0.253s] Level 5:colcon.colcon_core.verb:set package 'sanding_control' build argument 'cmake_target' from command line to 'None'
[0.253s] Level 5:colcon.colcon_core.verb:set package 'sanding_control' build argument 'cmake_target_skip_unavailable' from command line to 'False'
[0.253s] Level 5:colcon.colcon_core.verb:set package 'sanding_control' build argument 'cmake_clean_cache' from command line to 'False'
[0.253s] Level 5:colcon.colcon_core.verb:set package 'sanding_control' build argument 'cmake_clean_first' from command line to 'False'
[0.254s] Level 5:colcon.colcon_core.verb:set package 'sanding_control' build argument 'cmake_force_configure' from command line to 'False'
[0.254s] Level 5:colcon.colcon_core.verb:set package 'sanding_control' build argument 'ament_cmake_args' from command line to 'None'
[0.254s] Level 5:colcon.colcon_core.verb:set package 'sanding_control' build argument 'catkin_cmake_args' from command line to 'None'
[0.254s] Level 5:colcon.colcon_core.verb:set package 'sanding_control' build argument 'catkin_skip_building_tests' from command line to 'False'
[0.254s] DEBUG:colcon.colcon_core.verb:Building package 'sanding_control' with the following arguments: {'ament_cmake_args': None, 'build_base': '/home/rokey/cobot3_ws/build/sanding_control', 'catkin_cmake_args': None, 'catkin_skip_building_tests': False, 'cmake_args': None, 'cmake_clean_cache': False, 'cmake_clean_first': False, 'cmake_force_configure': False, 'cmake_target': None, 'cmake_target_skip_unavailable': False, 'install_base': '/home/rokey/cobot3_ws/install/sanding_control', 'merge_install': False, 'path': '/home/rokey/cobot3_ws/src/sanding_control', 'symlink_install': False, 'test_result_base': None}
[0.254s] INFO:colcon.colcon_core.executor:Executing jobs using 'parallel' executor
[0.254s] DEBUG:colcon.colcon_parallel_executor.executor.parallel:run_until_complete
[0.254s] INFO:colcon.colcon_ros.task.ament_python.build:Building ROS package in '/home/rokey/cobot3_ws/src/sanding_control' with build type 'ament_python'
[0.254s] Level 1:colcon.colcon_core.shell:create_environment_hook('sanding_control', 'ament_prefix_path')
[0.258s] INFO:colcon.colcon_core.plugin_system:Skipping extension 'colcon_core.shell.bat': Not used on non-Windows systems
[0.258s] INFO:colcon.colcon_core.shell:Creating environment hook '/home/rokey/cobot3_ws/install/sanding_control/share/sanding_control/hook/ament_prefix_path.ps1'
[0.259s] INFO:colcon.colcon_core.shell:Creating environment descriptor '/home/rokey/cobot3_ws/install/sanding_control/share/sanding_control/hook/ament_prefix_path.dsv'
[0.259s] INFO:colcon.colcon_core.shell:Creating environment hook '/home/rokey/cobot3_ws/install/sanding_control/share/sanding_control/hook/ament_prefix_path.sh'
[0.259s] INFO:colcon.colcon_core.shell:Skip shell extension 'powershell' for command environment: Not usable outside of PowerShell
[0.259s] DEBUG:colcon.colcon_core.shell:Skip shell extension 'dsv' for command environment
[0.368s] INFO:colcon.colcon_core.task.python.build:Building Python package in '/home/rokey/cobot3_ws/src/sanding_control'
[0.369s] INFO:colcon.colcon_core.shell:Skip shell extension 'powershell' for command environment: Not usable outside of PowerShell
[0.369s] DEBUG:colcon.colcon_core.shell:Skip shell extension 'dsv' for command environment
[0.527s] DEBUG:colcon.colcon_core.event_handler.log_command:Invoking command in '/home/rokey/cobot3_ws/src/sanding_control': PYTHONPATH=/home/rokey/cobot3_ws/build/sanding_control/prefix_override:/usr/lib/python3/dist-packages/colcon_core/task/python/colcon_distutils_commands:/home/rokey/cobot3_ws/install/sanding_control/lib/python3.10/site-packages:${PYTHONPATH} /usr/bin/python3 -W ignore:setup.py install is deprecated -W ignore:easy_install command is deprecated setup.py egg_info --egg-base ../../build/sanding_control build --build-base /home/rokey/cobot3_ws/build/sanding_control/build install --record /home/rokey/cobot3_ws/build/sanding_control/install.log --single-version-externally-managed install_data
[0.651s] DEBUG:colcon.colcon_core.event_handler.log_command:Invoked command in '/home/rokey/cobot3_ws/src/sanding_control' returned '0': PYTHONPATH=/home/rokey/cobot3_ws/build/sanding_control/prefix_override:/usr/lib/python3/dist-packages/colcon_core/task/python/colcon_distutils_commands:/home/rokey/cobot3_ws/install/sanding_control/lib/python3.10/site-packages:${PYTHONPATH} /usr/bin/python3 -W ignore:setup.py install is deprecated -W ignore:easy_install command is deprecated setup.py egg_info --egg-base ../../build/sanding_control build --build-base /home/rokey/cobot3_ws/build/sanding_control/build install --record /home/rokey/cobot3_ws/build/sanding_control/install.log --single-version-externally-managed install_data
[0.656s] Level 1:colcon.colcon_core.environment:checking '/home/rokey/cobot3_ws/install/sanding_control' for CMake module files
[0.656s] Level 1:colcon.colcon_core.environment:checking '/home/rokey/cobot3_ws/install/sanding_control' for CMake config files
[0.657s] Level 1:colcon.colcon_core.environment:checking '/home/rokey/cobot3_ws/install/sanding_control/lib'
[0.657s] Level 1:colcon.colcon_core.environment:checking '/home/rokey/cobot3_ws/install/sanding_control/bin'
[0.657s] Level 1:colcon.colcon_core.environment:checking '/home/rokey/cobot3_ws/install/sanding_control/lib/pkgconfig/sanding_control.pc'
[0.657s] Level 1:colcon.colcon_core.environment:checking '/home/rokey/cobot3_ws/install/sanding_control/lib/python3.10/site-packages'
[0.657s] Level 1:colcon.colcon_core.shell:create_environment_hook('sanding_control', 'pythonpath')
[0.657s] INFO:colcon.colcon_core.shell:Creating environment hook '/home/rokey/cobot3_ws/install/sanding_control/share/sanding_control/hook/pythonpath.ps1'
[0.657s] INFO:colcon.colcon_core.shell:Creating environment descriptor '/home/rokey/cobot3_ws/install/sanding_control/share/sanding_control/hook/pythonpath.dsv'
[0.657s] INFO:colcon.colcon_core.shell:Creating environment hook '/home/rokey/cobot3_ws/install/sanding_control/share/sanding_control/hook/pythonpath.sh'
[0.657s] Level 1:colcon.colcon_core.environment:checking '/home/rokey/cobot3_ws/install/sanding_control/bin'
[0.658s] Level 1:colcon.colcon_core.environment:create_environment_scripts_only(sanding_control)
[0.658s] INFO:colcon.colcon_core.shell:Creating package script '/home/rokey/cobot3_ws/install/sanding_control/share/sanding_control/package.ps1'
[0.658s] INFO:colcon.colcon_core.shell:Creating package descriptor '/home/rokey/cobot3_ws/install/sanding_control/share/sanding_control/package.dsv'
[0.658s] INFO:colcon.colcon_core.shell:Creating package script '/home/rokey/cobot3_ws/install/sanding_control/share/sanding_control/package.sh'
[0.659s] INFO:colcon.colcon_core.shell:Creating package script '/home/rokey/cobot3_ws/install/sanding_control/share/sanding_control/package.bash'
[0.659s] INFO:colcon.colcon_core.shell:Creating package script '/home/rokey/cobot3_ws/install/sanding_control/share/sanding_control/package.zsh'
[0.659s] Level 1:colcon.colcon_core.environment:create_file_with_runtime_dependencies(/home/rokey/cobot3_ws/install/sanding_control/share/colcon-core/packages/sanding_control)
[0.660s] DEBUG:colcon.colcon_parallel_executor.executor.parallel:closing loop
[0.660s] DEBUG:colcon.colcon_parallel_executor.executor.parallel:loop closed
[0.660s] DEBUG:colcon.colcon_parallel_executor.executor.parallel:run_until_complete finished with '0'
[0.660s] DEBUG:colcon.colcon_core.event_reactor:joining thread
[0.663s] INFO:colcon.colcon_core.plugin_system:Skipping extension 'colcon_notification.desktop_notification.terminal_notifier': Not used on non-Darwin systems
[0.663s] INFO:colcon.colcon_core.plugin_system:Skipping extension 'colcon_notification.desktop_notification.win32': Not used on non-Windows systems
[0.663s] INFO:colcon.colcon_notification.desktop_notification:Sending desktop notification using 'notify2'
[0.670s] DEBUG:colcon.colcon_core.event_reactor:joined thread
[0.670s] INFO:colcon.colcon_core.shell:Creating prefix script '/home/rokey/cobot3_ws/install/local_setup.ps1'
[0.671s] INFO:colcon.colcon_core.shell:Creating prefix util module '/home/rokey/cobot3_ws/install/_local_setup_util_ps1.py'
[0.671s] INFO:colcon.colcon_core.shell:Creating prefix chain script '/home/rokey/cobot3_ws/install/setup.ps1'
[0.672s] INFO:colcon.colcon_core.shell:Creating prefix script '/home/rokey/cobot3_ws/install/local_setup.sh'
[0.673s] INFO:colcon.colcon_core.shell:Creating prefix util module '/home/rokey/cobot3_ws/install/_local_setup_util_sh.py'
[0.673s] INFO:colcon.colcon_core.shell:Creating prefix chain script '/home/rokey/cobot3_ws/install/setup.sh'
[0.673s] INFO:colcon.colcon_core.shell:Creating prefix script '/home/rokey/cobot3_ws/install/local_setup.bash'
[0.674s] INFO:colcon.colcon_core.shell:Creating prefix chain script '/home/rokey/cobot3_ws/install/setup.bash'
[0.674s] INFO:colcon.colcon_core.shell:Creating prefix script '/home/rokey/cobot3_ws/install/local_setup.zsh'
[0.674s] INFO:colcon.colcon_core.shell:Creating prefix chain script '/home/rokey/cobot3_ws/install/setup.zsh'
