ply
format ascii 1.0
element vertex 6400
property float x
property float y
property float z
end_header
-0.5 -0.5 0.13875000178813934
-0.5 -0.4873417615890503 0.14062470197677612
-0.5 -0.474683552980423 0.14245133101940155
-0.5 -0.46202531456947327 0.14422988891601562
-0.5 -0.44936707615852356 0.14596039056777954
-0.5 -0.43670886754989624 0.1476428061723709
-0.5 -0.42405062913894653 0.14927716553211212
-0.5 -0.4113923907279968 0.1508634388446808
-0.5 -0.3987341821193695 0.1524016559123993
-0.5 -0.3860759437084198 0.15389180183410645
-0.5 -0.3734177350997925 0.15533387660980225
-0.5 -0.3607594966888428 0.1567278951406479
-0.5 -0.34810125827789307 0.15807382762432098
-0.5 -0.33544304966926575 0.15937168896198273
-0.5 -0.32278481125831604 0.1606214940547943
-0.5 -0.31012657284736633 0.16182322800159454
-0.5 -0.297468364238739 0.16297689080238342
-0.5 -0.2848101258277893 0.16408248245716095
-0.5 -0.2721518874168396 0.16514000296592712
-0.5 -0.2594936788082123 0.16614945232868195
-0.5 -0.24683544039726257 0.1671108454465866
-0.5 -0.23417721688747406 0.16802415251731873
-0.5 -0.22151899337768555 0.16888940334320068
-0.5 -0.20886075496673584 0.1697065830230713
-0.5 -0.19620253145694733 0.17047569155693054
-0.5 -0.1835443079471588 0.17119672894477844
-0.5 -0.1708860695362091 0.171869695186615
-0.5 -0.1582278460264206 0.17249459028244019
-0.5 -0.14556962251663208 0.17307142913341522
-0.5 -0.13291139900684357 0.1736001819372177
-0.5 -0.12025316804647446 0.17408087849617004
-0.5 -0.10759493708610535 0.17451350390911102
-0.5 -0.09493670612573624 0.17489805817604065
-0.5 -0.08227848261594772 0.17523454129695892
-0.5 -0.06962025165557861 0.17552295327186584
-0.5 -0.0569620244204998 0.1757632941007614
-0.5 -0.04430379718542099 0.17595557868480682
-0.5 -0.03164556995034218 0.1760997772216797
-0.5 -0.018987340852618217 0.1761959195137024
-0.5 -0.006329114083200693 0.17624399065971375
-0.5 0.006329114083200693 0.17624399065971375
-0.5 0.018987340852618217 0.1761959195137024
-0.5 0.03164556995034218 0.1760997772216797
-0.5 0.04430379718542099 0.17595557868480682
-0.5 0.0569620244204998 0.1757632941007614
-0.5 0.06962025165557861 0.17552295327186584
-0.5 0.08227848261594772 0.17523454129695892
-0.5 0.09493670612573624 0.17489805817604065
-0.5 0.10759493708610535 0.17451350390911102
-0.5 0.12025316804647446 0.17408087849617004
-0.5 0.13291139900684357 0.1736001819372177
-0.5 0.14556962251663208 0.17307142913341522
-0.5 0.1582278460264206 0.17249459028244019
-0.5 0.1708860695362091 0.171869695186615
-0.5 0.1835443079471588 0.17119672894477844
-0.5 0.19620253145694733 0.17047569155693054
-0.5 0.20886075496673584 0.1697065830230713
-0.5 0.22151899337768555 0.16888940334320068
-0.5 0.23417721688747406 0.16802415251731873
-0.5 0.24683544039726257 0.1671108454465866
-0.5 0.2594936788082123 0.16614945232868195
-0.5 0.2721518874168396 0.16514000296592712
-0.5 0.2848101258277893 0.16408248245716095
-0.5 0.297468364238739 0.16297689080238342
-0.5 0.31012657284736633 0.16182322800159454
-0.5 0.32278481125831604 0.1606214940547943
-0.5 0.33544304966926575 0.15937168896198273
-0.5 0.34810125827789307 0.15807382762432098
-0.5 0.3607594966888428 0.1567278951406479
-0.5 0.3734177350997925 0.15533387660980225
-0.5 0.3860759437084198 0.15389180183410645
-0.5 0.3987341821193695 0.1524016559123993
-0.5 0.4113923907279968 0.1508634388446808
-0.5 0.42405062913894653 0.14927716553211212
-0.5 0.43670886754989624 0.1476428061723709
-0.5 0.44936707615852356 0.14596039056777954
-0.5 0.46202531456947327 0.14422988891601562
-0.5 0.474683552980423 0.14245133101940155
-0.5 0.4873417615890503 0.14062470197677612
-0.5 0.5 0.13875000178813934
-0.4873417615890503 -0.5 0.14062470197677612
-0.4873417615890503 -0.4873417615890503 0.1425306349992752
-0.4873417615890503 -0.474683552980423 0.14438770711421967
-0.4873417615890503 -0.46202531456947327 0.1461959034204483
-0.4873417615890503 -0.44936707615852356 0.14795523881912231
-0.4873417615890503 -0.43670886754989624 0.1496656984090805
-0.4873417615890503 -0.42405062913894653 0.15132728219032288
-0.4873417615890503 -0.4113923907279968 0.15294000506401062
-0.4873417615890503 -0.3987341821193695 0.15450385212898254
-0.4873417615890503 -0.3860759437084198 0.15601882338523865
-0.4873417615890503 -0.3734177350997925 0.15748493373394012
-0.4873417615890503 -0.3607594966888428 0.15890216827392578
-0.4873417615890503 -0.34810125827789307 0.1602705419063568
-0.4873417615890503 -0.33544304966926575 0.16159003973007202
-0.4873417615890503 -0.32278481125831604 0.1628606617450714
-0.4873417615890503 -0.31012657284736633 0.16408242285251617
-0.4873417615890503 -0.297468364238739 0.16525530815124512
-0.4873417615890503 -0.2848101258277893 0.16637931764125824
-0.4873417615890503 -0.2721518874168396 0.16745446622371674
-0.4873417615890503 -0.2594936788082123 0.1684807389974594
-0.4873417615890503 -0.24683544039726257 0.16945815086364746
-0.4873417615890503 -0.23417721688747406 0.1703866720199585
-0.4873417615890503 -0.22151899337768555 0.1712663471698761
-0.4873417615890503 -0.20886075496673584 0.1720971316099167
-0.4873417615890503 -0.19620253145694733 0.17287905514240265
-0.4873417615890503 -0.1835443079471588 0.17361211776733398
-0.4873417615890503 -0.1708860695362091 0.1742963045835495
-0.4873417615890503 -0.1582278460264206 0.1749316155910492
-0.4873417615890503 -0.14556962251663208 0.17551805078983307
-0.4873417615890503 -0.13291139900684357 0.17605562508106232
-0.4873417615890503 -0.12025316804647446 0.17654432356357574
-0.4873417615890503 -0.10759493708610535 0.17698416113853455
-0.4873417615890503 -0.09493670612573624 0.17737512290477753
-0.4873417615890503 -0.08227848261594772 0.1777172088623047
-0.4873417615890503 -0.06962025165557861 0.17801043391227722
-0.4873417615890503 -0.0569620244204998 0.17825478315353394
-0.4873417615890503 -0.04430379718542099 0.17845027148723602
-0.4873417615890503 -0.03164556995034218 0.1785968840122223
-0.4873417615890503 -0.018987340852618217 0.17869462072849274
-0.4873417615890503 -0.006329114083200693 0.17874349653720856
-0.4873417615890503 0.006329114083200693 0.17874349653720856
-0.4873417615890503 0.018987340852618217 0.17869462072849274
-0.4873417615890503 0.03164556995034218 0.1785968840122223
-0.4873417615890503 0.04430379718542099 0.17845027148723602
-0.4873417615890503 0.0569620244204998 0.17825478315353394
-0.4873417615890503 0.06962025165557861 0.17801043391227722
-0.4873417615890503 0.08227848261594772 0.1777172088623047
-0.4873417615890503 0.09493670612573624 0.17737512290477753
-0.4873417615890503 0.10759493708610535 0.17698416113853455
-0.4873417615890503 0.12025316804647446 0.17654432356357574
-0.4873417615890503 0.13291139900684357 0.17605562508106232
-0.4873417615890503 0.14556962251663208 0.17551805078983307
-0.4873417615890503 0.1582278460264206 0.1749316155910492
-0.4873417615890503 0.1708860695362091 0.1742963045835495
-0.4873417615890503 0.1835443079471588 0.17361211776733398
-0.4873417615890503 0.19620253145694733 0.17287905514240265
-0.4873417615890503 0.20886075496673584 0.1720971316099167
-0.4873417615890503 0.22151899337768555 0.1712663471698761
-0.4873417615890503 0.23417721688747406 0.1703866720199585
-0.4873417615890503 0.24683544039726257 0.16945815086364746
-0.4873417615890503 0.2594936788082123 0.1684807389974594
-0.4873417615890503 0.2721518874168396 0.16745446622371674
-0.4873417615890503 0.2848101258277893 0.16637931764125824
-0.4873417615890503 0.297468364238739 0.16525530815124512
-0.4873417615890503 0.31012657284736633 0.16408242285251617
-0.4873417615890503 0.32278481125831604 0.1628606617450714
-0.4873417615890503 0.33544304966926575 0.16159003973007202
-0.4873417615890503 0.34810125827789307 0.1602705419063568
-0.4873417615890503 0.3607594966888428 0.15890216827392578
-0.4873417615890503 0.3734177350997925 0.15748493373394012
-0.4873417615890503 0.3860759437084198 0.15601882338523865
-0.4873417615890503 0.3987341821193695 0.15450385212898254
-0.4873417615890503 0.4113923907279968 0.15294000506401062
-0.4873417615890503 0.42405062913894653 0.15132728219032288
-0.4873417615890503 0.43670886754989624 0.1496656984090805
-0.4873417615890503 0.44936707615852356 0.14795523881912231
-0.4873417615890503 0.46202531456947327 0.1461959034204483
-0.4873417615890503 0.474683552980423 0.14438770711421967
-0.4873417615890503 0.4873417615890503 0.1425306349992752
-0.4873417615890503 0.5 0.14062470197677612
-0.474683552980423 -0.5 0.14245133101940155
-0.474683552980423 -0.4873417615890503 0.14438770711421967
-0.474683552980423 -0.474683552980423 0.14627443253993988
-0.474683552980423 -0.46202531456947327 0.1481115072965622
-0.474683552980423 -0.44936707615852356 0.1498989462852478
-0.474683552980423 -0.43670886754989624 0.15163671970367432
-0.474683552980423 -0.42405062913894653 0.15332484245300293
-0.474683552980423 -0.4113923907279968 0.15496331453323364
-0.474683552980423 -0.3987341821193695 0.15655213594436646
-0.474683552980423 -0.3860759437084198 0.15809130668640137
-0.474683552980423 -0.3734177350997925 0.15958082675933838
-0.474683552980423 -0.3607594966888428 0.16102071106433868
-0.474683552980423 -0.34810125827789307 0.1624109297990799
-0.474683552980423 -0.33544304966926575 0.1637514978647232
-0.474683552980423 -0.32278481125831604 0.16504241526126862
-0.474683552980423 -0.31012657284736633 0.16628368198871613
-0.474683552980423 -0.297468364238739 0.16747529804706573
-0.474683552980423 -0.2848101258277893 0.16861726343631744
-0.474683552980423 -0.2721518874168396 0.16970957815647125
-0.474683552980423 -0.2594936788082123 0.17075224220752716
-0.474683552980423 -0.24683544039726257 0.17174525558948517
-0.474683552980423 -0.23417721688747406 0.17268861830234528
-0.474683552980423 -0.22151899337768555 0.17358234524726868
-0.474683552980423 -0.20886075496673584 0.17442640662193298
-0.474683552980423 -0.19620253145694733 0.1752208173274994
-0.474683552980423 -0.1835443079471588 0.1759655773639679
-0.474683552980423 -0.1708860695362091 0.1766606867313385
-0.474683552980423 -0.1582278460264206 0.1773061454296112
-0.474683552980423 -0.14556962251663208 0.177901953458786
-0.474683552980423 -0.13291139900684357 0.17844811081886292
-0.474683552980423 -0.12025316804647446 0.17894461750984192
-0.474683552980423 -0.10759493708610535 0.17939147353172302
-0.474683552980423 -0.09493670612573624 0.17978867888450623
-0.474683552980423 -0.08227848261594772 0.18013623356819153
-0.474683552980423 -0.06962025165557861 0.18043413758277893
-0.474683552980423 -0.0569620244204998 0.18068239092826843
-0.474683552980423 -0.04430379718542099 0.18088099360466003
-0.474683552980423 -0.03164556995034218 0.18102994561195374
-0.474683552980423 -0.018987340852618217 0.18112924695014954
-0.474683552980423 -0.006329114083200693 0.18117889761924744
-0.474683552980423 0.006329114083200693 0.18117889761924744
-0.474683552980423 0.018987340852618217 0.18112924695014954
-0.474683552980423 0.03164556995034218 0.18102994561195374
-0.474683552980423 0.04430379718542099 0.18088099360466003
-0.474683552980423 0.0569620244204998 0.18068239092826843
-0.474683552980423 0.06962025165557861 0.18043413758277893
-0.474683552980423 0.08227848261594772 0.18013623356819153
-0.474683552980423 0.09493670612573624 0.17978867888450623
-0.474683552980423 0.10759493708610535 0.17939147353172302
-0.474683552980423 0.12025316804647446 0.17894461750984192
-0.474683552980423 0.13291139900684357 0.17844811081886292
-0.474683552980423 0.14556962251663208 0.177901953458786
-0.474683552980423 0.1582278460264206 0.1773061454296112
-0.474683552980423 0.1708860695362091 0.1766606867313385
-0.474683552980423 0.1835443079471588 0.1759655773639679
-0.474683552980423 0.19620253145694733 0.1752208173274994
-0.474683552980423 0.20886075496673584 0.17442640662193298
-0.474683552980423 0.22151899337768555 0.17358234524726868
-0.474683552980423 0.23417721688747406 0.17268861830234528
-0.474683552980423 0.24683544039726257 0.17174525558948517
-0.474683552980423 0.2594936788082123 0.17075224220752716
-0.474683552980423 0.2721518874168396 0.16970957815647125
-0.474683552980423 0.2848101258277893 0.16861726343631744
-0.474683552980423 0.297468364238739 0.16747529804706573
-0.474683552980423 0.31012657284736633 0.16628368198871613
-0.474683552980423 0.32278481125831604 0.16504241526126862
-0.474683552980423 0.33544304966926575 0.1637514978647232
-0.474683552980423 0.34810125827789307 0.1624109297990799
-0.474683552980423 0.3607594966888428 0.16102071106433868
-0.474683552980423 0.3734177350997925 0.15958082675933838
-0.474683552980423 0.3860759437084198 0.15809130668640137
-0.474683552980423 0.3987341821193695 0.15655213594436646
-0.474683552980423 0.4113923907279968 0.15496331453323364
-0.474683552980423 0.42405062913894653 0.15332484245300293
-0.474683552980423 0.43670886754989624 0.15163671970367432
-0.474683552980423 0.44936707615852356 0.1498989462852478
-0.474683552980423 0.46202531456947327 0.1481115072965622
-0.474683552980423 0.474683552980423 0.14627443253993988
-0.474683552980423 0.4873417615890503 0.14438770711421967
-0.474683552980423 0.5 0.14245133101940155
-0.46202531456947327 -0.5 0.14422988891601562
-0.46202531456947327 -0.4873417615890503 0.1461959034204483
-0.46202531456947327 -0.474683552980423 0.1481115072965622
-0.46202531456947327 -0.46202531456947327 0.1499767154455185
-0.46202531456947327 -0.44936707615852356 0.1517914980649948
-0.46202531456947327 -0.43670886754989624 0.15355587005615234
-0.46202531456947327 -0.42405062913894653 0.1552698314189911
-0.46202531456947327 -0.4113923907279968 0.15693338215351105
-0.46202531456947327 -0.3987341821193695 0.15854652225971222
-0.46202531456947327 -0.3860759437084198 0.1601092517375946
-0.46202531456947327 -0.3734177350997925 0.1616215705871582
-0.46202531456947327 -0.3607594966888428 0.16308347880840302
-0.46202531456947327 -0.34810125827789307 0.16449499130249023
-0.46202531456947327 -0.33544304966926575 0.16585607826709747
-0.46202531456947327 -0.32278481125831604 0.16716675460338593
-0.46202531456947327 -0.31012657284736633 0.1684270203113556
-0.46202531456947327 -0.297468364238739 0.16963687539100647
-0.46202531456947327 -0.2848101258277893 0.17079631984233856
-0.46202531456947327 -0.2721518874168396 0.17190535366535187
-0.46202531456947327 -0.2594936788082123 0.1729639768600464
-0.46202531456947327 -0.24683544039726257 0.17397218942642212
-0.46202531456947327 -0.23417721688747406 0.17492999136447906
-0.46202531456947327 -0.22151899337768555 0.17583738267421722
-0.46202531456947327 -0.20886075496673584 0.1766943633556366
-0.46202531456947327 -0.19620253145694733 0.17750093340873718
-0.46202531456947327 -0.1835443079471588 0.17825709283351898
-0.46202531456947327 -0.1708860695362091 0.178962841629982
-0.46202531456947327 -0.1582278460264206 0.17961819469928741
-0.46202531456947327 -0.14556962251663208 0.18022312223911285
-0.46202531456947327 -0.13291139900684357 0.1807776391506195
-0.46202531456947327 -0.12025316804647446 0.18128174543380737
-0.46202531456947327 -0.10759493708610535 0.18173544108867645
-0.46202531456947327 -0.09493670612573624 0.18213872611522675
-0.46202531456947327 -0.08227848261594772 0.18249160051345825
-0.46202531456947327 -0.06962025165557861 0.18279406428337097
-0.46202531456947327 -0.0569620244204998 0.1830461174249649
-0.46202531456947327 -0.04430379718542099 0.18324775993824005
-0.46202531456947327 -0.03164556995034218 0.1833989918231964
-0.46202531456947327 -0.018987340852618217 0.18349981307983398
-0.46202531456947327 -0.006329114083200693 0.18355022370815277
-0.46202531456947327 0.006329114083200693 0.18355022370815277
-0.46202531456947327 0.018987340852618217 0.18349981307983398
-0.46202531456947327 0.03164556995034218 0.1833989918231964
-0.46202531456947327 0.04430379718542099 0.18324775993824005
-0.46202531456947327 0.0569620244204998 0.1830461174249649
-0.46202531456947327 0.06962025165557861 0.18279406428337097
-0.46202531456947327 0.08227848261594772 0.18249160051345825
-0.46202531456947327 0.09493670612573624 0.18213872611522675
-0.46202531456947327 0.10759493708610535 0.18173544108867645
-0.46202531456947327 0.12025316804647446 0.18128174543380737
-0.46202531456947327 0.13291139900684357 0.1807776391506195
-0.46202531456947327 0.14556962251663208 0.18022312223911285
-0.46202531456947327 0.1582278460264206 0.17961819469928741
-0.46202531456947327 0.1708860695362091 0.178962841629982
-0.46202531456947327 0.1835443079471588 0.17825709283351898
-0.46202531456947327 0.19620253145694733 0.17750093340873718
-0.46202531456947327 0.20886075496673584 0.1766943633556366
-0.46202531456947327 0.22151899337768555 0.17583738267421722
-0.46202531456947327 0.23417721688747406 0.17492999136447906
-0.46202531456947327 0.24683544039726257 0.17397218942642212
-0.46202531456947327 0.2594936788082123 0.1729639768600464
-0.46202531456947327 0.2721518874168396 0.17190535366535187
-0.46202531456947327 0.2848101258277893 0.17079631984233856
-0.46202531456947327 0.297468364238739 0.16963687539100647
-0.46202531456947327 0.31012657284736633 0.1684270203113556
-0.46202531456947327 0.32278481125831604 0.16716675460338593
-0.46202531456947327 0.33544304966926575 0.16585607826709747
-0.46202531456947327 0.34810125827789307 0.16449499130249023
-0.46202531456947327 0.3607594966888428 0.16308347880840302
-0.46202531456947327 0.3734177350997925 0.1616215705871582
-0.46202531456947327 0.3860759437084198 0.1601092517375946
-0.46202531456947327 0.3987341821193695 0.15854652225971222
-0.46202531456947327 0.4113923907279968 0.15693338215351105
-0.46202531456947327 0.42405062913894653 0.1552698314189911
-0.46202531456947327 0.43670886754989624 0.15355587005615234
-0.46202531456947327 0.44936707615852356 0.1517914980649948
-0.46202531456947327 0.46202531456947327 0.1499767154455185
-0.46202531456947327 0.474683552980423 0.1481115072965622
-0.46202531456947327 0.4873417615890503 0.1461959034204483
-0.46202531456947327 0.5 0.14422988891601562
-0.44936707615852356 -0.5 0.14596039056777954
-0.44936707615852356 -0.4873417615890503 0.14795523881912231
-0.44936707615852356 -0.474683552980423 0.1498989462852478
-0.44936707615852356 -0.46202531456947327 0.1517914980649948
-0.44936707615852356 -0.44936707615852356 0.15363289415836334
-0.44936707615852356 -0.43670886754989624 0.1554231494665146
-0.44936707615852356 -0.42405062913894653 0.15716224908828735
-0.44936707615852356 -0.4113923907279968 0.15885020792484283
-0.44936707615852356 -0.3987341821193695 0.16048701107501984
-0.44936707615852356 -0.3860759437084198 0.16207265853881836
-0.44936707615852356 -0.3734177350997925 0.1636071652173996
-0.44936707615852356 -0.3607594966888428 0.16509051620960236
-0.44936707615852356 -0.34810125827789307 0.16652271151542664
-0.44936707615852356 -0.33544304966926575 0.16790376603603363
-0.44936707615852356 -0.32278481125831604 0.16923367977142334
-0.44936707615852356 -0.31012657284736633 0.17051242291927338
-0.44936707615852356 -0.297468364238739 0.17174002528190613
-0.44936707615852356 -0.2848101258277893 0.1729164719581604
-0.44936707615852356 -0.2721518874168396 0.1740417778491974
-0.44936707615852356 -0.2594936788082123 0.1751159280538559
-0.44936707615852356 -0.24683544039726257 0.17613893747329712
-0.44936707615852356 -0.23417721688747406 0.17711079120635986
-0.44936707615852356 -0.22151899337768555 0.17803148925304413
-0.44936707615852356 -0.20886075496673584 0.17890103161334991
-0.44936707615852356 -0.19620253145694733 0.17971943318843842
-0.44936707615852356 -0.1835443079471588 0.18048669397830963
-0.44936707615852356 -0.1708860695362091 0.18120279908180237
-0.44936707615852356 -0.1582278460264206 0.18186774849891663
-0.44936707615852356 -0.14556962251663208 0.1824815422296524
-0.44936707615852356 -0.13291139900684357 0.1830441951751709
-0.44936707615852356 -0.12025316804647446 0.1835556924343109
-0.44936707615852356 -0.10759493708610535 0.18401604890823364
-0.44936707615852356 -0.09493670612573624 0.1844252496957779
-0.44936707615852356 -0.08227848261594772 0.18478329479694366
-0.44936707615852356 -0.06962025165557861 0.18509019911289215
-0.44936707615852356 -0.0569620244204998 0.18534594774246216
-0.44936707615852356 -0.04430379718542099 0.18555055558681488
-0.44936707615852356 -0.03164556995034218 0.18570400774478912
-0.44936707615852356 -0.018987340852618217 0.1858063042163849
-0.44936707615852356 -0.006329114083200693 0.18585744500160217
-0.44936707615852356 0.006329114083200693 0.18585744500160217
-0.44936707615852356 0.018987340852618217 0.1858063042163849
-0.44936707615852356 0.03164556995034218 0.18570400774478912
-0.44936707615852356 0.04430379718542099 0.18555055558681488
-0.44936707615852356 0.0569620244204998 0.18534594774246216
-0.44936707615852356 0.06962025165557861 0.18509019911289215
-0.44936707615852356 0.08227848261594772 0.18478329479694366
-0.44936707615852356 0.09493670612573624 0.1844252496957779
-0.44936707615852356 0.10759493708610535 0.18401604890823364
-0.44936707615852356 0.12025316804647446 0.1835556924343109
-0.44936707615852356 0.13291139900684357 0.1830441951751709
-0.44936707615852356 0.14556962251663208 0.1824815422296524
-0.44936707615852356 0.1582278460264206 0.18186774849891663
-0.44936707615852356 0.1708860695362091 0.18120279908180237
-0.44936707615852356 0.1835443079471588 0.18048669397830963
-0.44936707615852356 0.19620253145694733 0.17971943318843842
-0.44936707615852356 0.20886075496673584 0.17890103161334991
-0.44936707615852356 0.22151899337768555 0.17803148925304413
-0.44936707615852356 0.23417721688747406 0.17711079120635986
-0.44936707615852356 0.24683544039726257 0.17613893747329712
-0.44936707615852356 0.2594936788082123 0.1751159280538559
-0.44936707615852356 0.2721518874168396 0.1740417778491974
-0.44936707615852356 0.2848101258277893 0.1729164719581604
-0.44936707615852356 0.297468364238739 0.17174002528190613
-0.44936707615852356 0.31012657284736633 0.17051242291927338
-0.44936707615852356 0.32278481125831604 0.16923367977142334
-0.44936707615852356 0.33544304966926575 0.16790376603603363
-0.44936707615852356 0.34810125827789307 0.16652271151542664
-0.44936707615852356 0.3607594966888428 0.16509051620960236
-0.44936707615852356 0.3734177350997925 0.1636071652173996
-0.44936707615852356 0.3860759437084198 0.16207265853881836
-0.44936707615852356 0.3987341821193695 0.16048701107501984
-0.44936707615852356 0.4113923907279968 0.15885020792484283
-0.44936707615852356 0.42405062913894653 0.15716224908828735
-0.44936707615852356 0.43670886754989624 0.1554231494665146
-0.44936707615852356 0.44936707615852356 0.15363289415836334
-0.44936707615852356 0.46202531456947327 0.1517914980649948
-0.44936707615852356 0.474683552980423 0.1498989462852478
-0.44936707615852356 0.4873417615890503 0.14795523881912231
-0.44936707615852356 0.5 0.14596039056777954
-0.43670886754989624 -0.5 0.1476428061723709
-0.43670886754989624 -0.4873417615890503 0.1496656984090805
-0.43670886754989624 -0.474683552980423 0.15163671970367432
-0.43670886754989624 -0.46202531456947327 0.15355587005615234
-0.43670886754989624 -0.44936707615852356 0.1554231494665146
-0.43670886754989624 -0.43670886754989624 0.15723855793476105
-0.43670886754989624 -0.42405062913894653 0.15900211036205292
-0.43670886754989624 -0.4113923907279968 0.1607137769460678
-0.43670886754989624 -0.3987341821193695 0.1623735874891281
-0.43670886754989624 -0.3860759437084198 0.16398152709007263
-0.43670886754989624 -0.3734177350997925 0.16553759574890137
-0.43670886754989624 -0.3607594966888428 0.16704179346561432
-0.43670886754989624 -0.34810125827789307 0.1684941202402115
-0.43670886754989624 -0.33544304966926575 0.16989459097385406
-0.43670886754989624 -0.32278481125831604 0.17124317586421967
-0.43670886754989624 -0.31012657284736633 0.17253990471363068
-0.43670886754989624 -0.297468364238739 0.1737847626209259
-0.43670886754989624 -0.2848101258277893 0.17497774958610535
-0.43670886754989624 -0.2721518874168396 0.176118865609169
-0.43670886754989624 -0.2594936788082123 0.17720811069011688
-0.43670886754989624 -0.24683544039726257 0.17824548482894897
-0.43670886754989624 -0.23417721688747406 0.17923100292682648
-0.43670886754989624 -0.22151899337768555 0.180164635181427
-0.43670886754989624 -0.20886075496673584 0.18104641139507294
-0.43670886754989624 -0.19620253145694733 0.1818763166666031
-0.43670886754989624 -0.1835443079471588 0.18265435099601746
-0.43670886754989624 -0.1708860695362091 0.18338051438331604
-0.43670886754989624 -0.1582278460264206 0.18405480682849884
-0.43670886754989624 -0.14556962251663208 0.18467724323272705
-0.43670886754989624 -0.13291139900684357 0.18524779379367828
-0.43670886754989624 -0.12025316804647446 0.18576648831367493
-0.43670886754989624 -0.10759493708610535 0.1862333118915558
-0.43670886754989624 -0.09493670612573624 0.18664826452732086
-0.43670886754989624 -0.08227848261594772 0.18701134622097015
-0.43670886754989624 -0.06962025165557861 0.18732255697250366
-0.43670886754989624 -0.0569620244204998 0.1875818967819214
-0.43670886754989624 -0.04430379718542099 0.18778938055038452
-0.43670886754989624 -0.03164556995034218 0.18794497847557068
-0.43670886754989624 -0.018987340852618217 0.18804872035980225
-0.43670886754989624 -0.006329114083200693 0.18810059130191803
-0.43670886754989624 0.006329114083200693 0.18810059130191803
-0.43670886754989624 0.018987340852618217 0.18804872035980225
-0.43670886754989624 0.03164556995034218 0.18794497847557068
-0.43670886754989624 0.04430379718542099 0.18778938055038452
-0.43670886754989624 0.0569620244204998 0.1875818967819214
-0.43670886754989624 0.06962025165557861 0.18732255697250366
-0.43670886754989624 0.08227848261594772 0.18701134622097015
-0.43670886754989624 0.09493670612573624 0.18664826452732086
-0.43670886754989624 0.10759493708610535 0.1862333118915558
-0.43670886754989624 0.12025316804647446 0.18576648831367493
-0.43670886754989624 0.13291139900684357 0.18524779379367828
-0.43670886754989624 0.14556962251663208 0.18467724323272705
-0.43670886754989624 0.1582278460264206 0.18405480682849884
-0.43670886754989624 0.1708860695362091 0.18338051438331604
-0.43670886754989624 0.1835443079471588 0.18265435099601746
-0.43670886754989624 0.19620253145694733 0.1818763166666031
-0.43670886754989624 0.20886075496673584 0.18104641139507294
-0.43670886754989624 0.22151899337768555 0.180164635181427
-0.43670886754989624 0.23417721688747406 0.17923100292682648
-0.43670886754989624 0.24683544039726257 0.17824548482894897
-0.43670886754989624 0.2594936788082123 0.17720811069011688
-0.43670886754989624 0.2721518874168396 0.176118865609169
-0.43670886754989624 0.2848101258277893 0.17497774958610535
-0.43670886754989624 0.297468364238739 0.1737847626209259
-0.43670886754989624 0.31012657284736633 0.17253990471363068
-0.43670886754989624 0.32278481125831604 0.17124317586421967
-0.43670886754989624 0.33544304966926575 0.16989459097385406
-0.43670886754989624 0.34810125827789307 0.1684941202402115
-0.43670886754989624 0.3607594966888428 0.16704179346561432
-0.43670886754989624 0.3734177350997925 0.16553759574890137
-0.43670886754989624 0.3860759437084198 0.16398152709007263
-0.43670886754989624 0.3987341821193695 0.1623735874891281
-0.43670886754989624 0.4113923907279968 0.1607137769460678
-0.43670886754989624 0.42405062913894653 0.15900211036205292
-0.43670886754989624 0.43670886754989624 0.15723855793476105
-0.43670886754989624 0.44936707615852356 0.1554231494665146
-0.43670886754989624 0.46202531456947327 0.15355587005615234
-0.43670886754989624 0.474683552980423 0.15163671970367432
-0.43670886754989624 0.4873417615890503 0.1496656984090805
-0.43670886754989624 0.5 0.1476428061723709
-0.42405062913894653 -0.5 0.14927716553211212
-0.42405062913894653 -0.4873417615890503 0.15132728219032288
-0.42405062913894653 -0.474683552980423 0.15332484245300293
-0.42405062913894653 -0.46202531456947327 0.1552698314189911
-0.42405062913894653 -0.44936707615852356 0.15716224908828735
-0.42405062913894653 -0.43670886754989624 0.15900211036205292
-0.42405062913894653 -0.42405062913894653 0.1607894003391266
-0.42405062913894653 -0.4113923907279968 0.16252411901950836
-0.42405062913894653 -0.3987341821193695 0.16420626640319824
-0.42405062913894653 -0.3860759437084198 0.16583585739135742
-0.42405062913894653 -0.3734177350997925 0.1674128770828247
-0.42405062913894653 -0.3607594966888428 0.1689373254776001
-0.42405062913894653 -0.34810125827789307 0.1704092025756836
-0.42405062913894653 -0.33544304966926575 0.1718285232782364
-0.42405062913894653 -0.32278481125831604 0.1731952726840973
-0.42405062913894653 -0.31012657284736633 0.1745094507932663
-0.42405062913894653 -0.297468364238739 0.1757710725069046
-0.42405062913894653 -0.2848101258277893 0.176980122923851
-0.42405062913894653 -0.2721518874168396 0.17813660204410553
-0.42405062913894653 -0.2594936788082123 0.17924050986766815
-0.42405062913894653 -0.24683544039726257 0.18029186129570007
-0.42405062913894653 -0.23417721688747406 0.1812906414270401
-0.42405062913894653 -0.22151899337768555 0.18223685026168823
-0.42405062913894653 -0.20886075496673584 0.18313048779964447
-0.42405062913894653 -0.19620253145694733 0.18397156894207
-0.42405062913894653 -0.1835443079471588 0.18476007878780365
-0.42405062913894653 -0.1708860695362091 0.1854960173368454
-0.42405062913894653 -0.1582278460264206 0.18617939949035645
-0.42405062913894653 -0.14556962251663208 0.1868101954460144
-0.42405062913894653 -0.13291139900684357 0.18738843500614166
-0.42405062913894653 -0.12025316804647446 0.18791411817073822
-0.42405062913894653 -0.10759493708610535 0.1883872151374817
-0.42405062913894653 -0.09493670612573624 0.18880775570869446
-0.42405062913894653 -0.08227848261594772 0.18917572498321533
-0.42405062913894653 -0.06962025165557861 0.1894911378622055
-0.42405062913894653 -0.0569620244204998 0.1897539645433426
-0.42405062913894653 -0.04430379718542099 0.18996423482894897
-0.42405062913894653 -0.03164556995034218 0.19012193381786346
-0.42405062913894653 -0.018987340852618217 0.19022707641124725
-0.42405062913894653 -0.006329114083200693 0.19027964770793915
-0.42405062913894653 0.006329114083200693 0.19027964770793915
-0.42405062913894653 0.018987340852618217 0.19022707641124725
-0.42405062913894653 0.03164556995034218 0.19012193381786346
-0.42405062913894653 0.04430379718542099 0.18996423482894897
-0.42405062913894653 0.0569620244204998 0.1897539645433426
-0.42405062913894653 0.06962025165557861 0.1894911378622055
-0.42405062913894653 0.08227848261594772 0.18917572498321533
-0.42405062913894653 0.09493670612573624 0.18880775570869446
-0.42405062913894653 0.10759493708610535 0.1883872151374817
-0.42405062913894653 0.12025316804647446 0.18791411817073822
-0.42405062913894653 0.13291139900684357 0.18738843500614166
-0.42405062913894653 0.14556962251663208 0.1868101954460144
-0.42405062913894653 0.1582278460264206 0.18617939949035645
-0.42405062913894653 0.1708860695362091 0.1854960173368454
-0.42405062913894653 0.1835443079471588 0.18476007878780365
-0.42405062913894653 0.19620253145694733 0.18397156894207
-0.42405062913894653 0.20886075496673584 0.18313048779964447
-0.42405062913894653 0.22151899337768555 0.18223685026168823
-0.42405062913894653 0.23417721688747406 0.1812906414270401
-0.42405062913894653 0.24683544039726257 0.18029186129570007
-0.42405062913894653 0.2594936788082123 0.17924050986766815
-0.42405062913894653 0.2721518874168396 0.17813660204410553
-0.42405062913894653 0.2848101258277893 0.176980122923851
-0.42405062913894653 0.297468364238739 0.1757710725069046
-0.42405062913894653 0.31012657284736633 0.1745094507932663
-0.42405062913894653 0.32278481125831604 0.1731952726840973
-0.42405062913894653 0.33544304966926575 0.1718285232782364
-0.42405062913894653 0.34810125827789307 0.1704092025756836
-0.42405062913894653 0.3607594966888428 0.1689373254776001
-0.42405062913894653 0.3734177350997925 0.1674128770828247
-0.42405062913894653 0.3860759437084198 0.16583585739135742
-0.42405062913894653 0.3987341821193695 0.16420626640319824
-0.42405062913894653 0.4113923907279968 0.16252411901950836
-0.42405062913894653 0.42405062913894653 0.1607894003391266
-0.42405062913894653 0.43670886754989624 0.15900211036205292
-0.42405062913894653 0.44936707615852356 0.15716224908828735
-0.42405062913894653 0.46202531456947327 0.1552698314189911
-0.42405062913894653 0.474683552980423 0.15332484245300293
-0.42405062913894653 0.4873417615890503 0.15132728219032288
-0.42405062913894653 0.5 0.14927716553211212
-0.4113923907279968 -0.5 0.1508634388446808
-0.4113923907279968 -0.4873417615890503 0.15294000506401062
-0.4113923907279968 -0.474683552980423 0.15496331453323364
-0.4113923907279968 -0.46202531456947327 0.15693338215351105
-0.4113923907279968 -0.44936707615852356 0.15885020792484283
-0.4113923907279968 -0.43670886754989624 0.1607137769460678
-0.4113923907279968 -0.42405062913894653 0.16252411901950836
-0.4113923907279968 -0.4113923907279968 0.1642812043428421
-0.4113923907279968 -0.3987341821193695 0.16598504781723022
-0.4113923907279968 -0.3860759437084198 0.16763564944267273
-0.4113923907279968 -0.3734177350997925 0.16923299431800842
-0.4113923907279968 -0.3607594966888428 0.1707770973443985
-0.4113923907279968 -0.34810125827789307 0.17226795852184296
-0.4113923907279968 -0.33544304966926575 0.1737055778503418
-0.4113923907279968 -0.32278481125831604 0.17508995532989502
-0.4113923907279968 -0.31012657284736633 0.17642107605934143
-0.4113923907279968 -0.297468364238739 0.17769895493984222
-0.4113923907279968 -0.2848101258277893 0.1789235919713974
-0.4113923907279968 -0.2721518874168396 0.18009498715400696
-0.4113923907279968 -0.2594936788082123 0.1812131404876709
-0.4113923907279968 -0.24683544039726257 0.18227803707122803
-0.4113923907279968 -0.23417721688747406 0.18328969180583954
-0.4113923907279968 -0.22151899337768555 0.18424810469150543
-0.4113923907279968 -0.20886075496673584 0.1851532757282257
-0.4113923907279968 -0.19620253145694733 0.18600519001483917
-0.4113923907279968 -0.1835443079471588 0.18680386245250702
-0.4113923907279968 -0.1708860695362091 0.18754930794239044
-0.4113923907279968 -0.1582278460264206 0.18824148178100586
-0.4113923907279968 -0.14556962251663208 0.18888042867183685
-0.4113923907279968 -0.13291139900684357 0.18946611881256104
-0.4113923907279968 -0.12025316804647446 0.1899985671043396
-0.4113923907279968 -0.10759493708610535 0.19047777354717255
-0.4113923907279968 -0.09493670612573624 0.19090373814105988
-0.4113923907279968 -0.08227848261594772 0.1912764608860016
-0.4113923907279968 -0.06962025165557861 0.1915959268808365
-0.4113923907279968 -0.0569620244204998 0.19186215102672577
-0.4113923907279968 -0.04430379718542099 0.19207513332366943
-0.4113923907279968 -0.03164556995034218 0.19223487377166748
-0.4113923907279968 -0.018987340852618217 0.19234135746955872
-0.4113923907279968 -0.006329114083200693 0.19239459931850433
-0.4113923907279968 0.006329114083200693 0.19239459931850433
-0.4113923907279968 0.018987340852618217 0.19234135746955872
-0.4113923907279968 0.03164556995034218 0.19223487377166748
-0.4113923907279968 0.04430379718542099 0.19207513332366943
-0.4113923907279968 0.0569620244204998 0.19186215102672577
-0.4113923907279968 0.06962025165557861 0.1915959268808365
-0.4113923907279968 0.08227848261594772 0.1912764608860016
-0.4113923907279968 0.09493670612573624 0.19090373814105988
-0.4113923907279968 0.10759493708610535 0.19047777354717255
-0.4113923907279968 0.12025316804647446 0.1899985671043396
-0.4113923907279968 0.13291139900684357 0.18946611881256104
-0.4113923907279968 0.14556962251663208 0.18888042867183685
-0.4113923907279968 0.1582278460264206 0.18824148178100586
-0.4113923907279968 0.1708860695362091 0.18754930794239044
-0.4113923907279968 0.1835443079471588 0.18680386245250702
-0.4113923907279968 0.19620253145694733 0.18600519001483917
-0.4113923907279968 0.20886075496673584 0.1851532757282257
-0.4113923907279968 0.22151899337768555 0.18424810469150543
-0.4113923907279968 0.23417721688747406 0.18328969180583954
-0.4113923907279968 0.24683544039726257 0.18227803707122803
-0.4113923907279968 0.2594936788082123 0.1812131404876709
-0.4113923907279968 0.2721518874168396 0.18009498715400696
-0.4113923907279968 0.2848101258277893 0.1789235919713974
-0.4113923907279968 0.297468364238739 0.17769895493984222
-0.4113923907279968 0.31012657284736633 0.17642107605934143
-0.4113923907279968 0.32278481125831604 0.17508995532989502
-0.4113923907279968 0.33544304966926575 0.1737055778503418
-0.4113923907279968 0.34810125827789307 0.17226795852184296
-0.4113923907279968 0.3607594966888428 0.1707770973443985
-0.4113923907279968 0.3734177350997925 0.16923299431800842
-0.4113923907279968 0.3860759437084198 0.16763564944267273
-0.4113923907279968 0.3987341821193695 0.16598504781723022
-0.4113923907279968 0.4113923907279968 0.1642812043428421
-0.4113923907279968 0.42405062913894653 0.16252411901950836
-0.4113923907279968 0.43670886754989624 0.1607137769460678
-0.4113923907279968 0.44936707615852356 0.15885020792484283
-0.4113923907279968 0.46202531456947327 0.15693338215351105
-0.4113923907279968 0.474683552980423 0.15496331453323364
-0.4113923907279968 0.4873417615890503 0.15294000506401062
-0.4113923907279968 0.5 0.1508634388446808
-0.3987341821193695 -0.5 0.1524016559123993
-0.3987341821193695 -0.4873417615890503 0.15450385212898254
-0.3987341821193695 -0.474683552980423 0.15655213594436646
-0.3987341821193695 -0.46202531456947327 0.15854652225971222
-0.3987341821193695 -0.44936707615852356 0.16048701107501984
-0.3987341821193695 -0.43670886754989624 0.1623735874891281
-0.3987341821193695 -0.42405062913894653 0.16420626640319824
-0.3987341821193695 -0.4113923907279968 0.16598504781723022
-0.3987341821193695 -0.3987341821193695 0.16770991683006287
-0.3987341821193695 -0.3860759437084198 0.16938088834285736
-0.3987341821193695 -0.3734177350997925 0.1709979623556137
-0.3987341821193695 -0.3607594966888428 0.17256112396717072
-0.3987341821193695 -0.34810125827789307 0.17407038807868958
-0.3987341821193695 -0.33544304966926575 0.1755257546901703
-0.3987341821193695 -0.32278481125831604 0.17692722380161285
-0.3987341821193695 -0.31012657284736633 0.17827478051185608
-0.3987341821193695 -0.297468364238739 0.17956842482089996
-0.3987341821193695 -0.2848101258277893 0.1808081865310669
-0.3987341821193695 -0.2721518874168396 0.18199403584003448
-0.3987341821193695 -0.2594936788082123 0.18312598764896393
-0.3987341821193695 -0.24683544039726257 0.18420402705669403
-0.3987341821193695 -0.23417721688747406 0.185228168964386
-0.3987341821193695 -0.22151899337768555 0.1861984133720398
-0.3987341821193695 -0.20886075496673584 0.18711476027965546
-0.3987341821193695 -0.19620253145694733 0.18797719478607178
-0.3987341821193695 -0.1835443079471588 0.18878573179244995
-0.3987341821193695 -0.1708860695362091 0.18954035639762878
-0.3987341821193695 -0.1582278460264206 0.19024109840393066
-0.3987341821193695 -0.14556962251663208 0.190887913107872
-0.3987341821193695 -0.13291139900684357 0.1914808452129364
-0.3987341821193695 -0.12025316804647446 0.19201986491680145
-0.3987341821193695 -0.10759493708610535 0.19250498712062836
-0.3987341821193695 -0.09493670612573624 0.19293621182441711
-0.3987341821193695 -0.08227848261594772 0.19331352412700653
-0.3987341821193695 -0.06962025165557861 0.1936369389295578
-0.3987341821193695 -0.0569620244204998 0.19390645623207092
-0.3987341821193695 -0.04430379718542099 0.1941220611333847
-0.3987341821193695 -0.03164556995034218 0.19428376853466034
-0.3987341821193695 -0.018987340852618217 0.19439157843589783
-0.3987341821193695 -0.006329114083200693 0.19444547593593597
-0.3987341821193695 0.006329114083200693 0.19444547593593597
-0.3987341821193695 0.018987340852618217 0.19439157843589783
-0.3987341821193695 0.03164556995034218 0.19428376853466034
-0.3987341821193695 0.04430379718542099 0.1941220611333847
-0.3987341821193695 0.0569620244204998 0.19390645623207092
-0.3987341821193695 0.06962025165557861 0.1936369389295578
-0.3987341821193695 0.08227848261594772 0.19331352412700653
-0.3987341821193695 0.09493670612573624 0.19293621182441711
-0.3987341821193695 0.10759493708610535 0.19250498712062836
-0.3987341821193695 0.12025316804647446 0.19201986491680145
-0.3987341821193695 0.13291139900684357 0.1914808452129364
-0.3987341821193695 0.14556962251663208 0.190887913107872
-0.3987341821193695 0.1582278460264206 0.19024109840393066
-0.3987341821193695 0.1708860695362091 0.18954035639762878
-0.3987341821193695 0.1835443079471588 0.18878573179244995
-0.3987341821193695 0.19620253145694733 0.18797719478607178
-0.3987341821193695 0.20886075496673584 0.18711476027965546
-0.3987341821193695 0.22151899337768555 0.1861984133720398
-0.3987341821193695 0.23417721688747406 0.185228168964386
-0.3987341821193695 0.24683544039726257 0.18420402705669403
-0.3987341821193695 0.2594936788082123 0.18312598764896393
-0.3987341821193695 0.2721518874168396 0.18199403584003448
-0.3987341821193695 0.2848101258277893 0.1808081865310669
-0.3987341821193695 0.297468364238739 0.17956842482089996
-0.3987341821193695 0.31012657284736633 0.17827478051185608
-0.3987341821193695 0.32278481125831604 0.17692722380161285
-0.3987341821193695 0.33544304966926575 0.1755257546901703
-0.3987341821193695 0.34810125827789307 0.17407038807868958
-0.3987341821193695 0.3607594966888428 0.17256112396717072
-0.3987341821193695 0.3734177350997925 0.1709979623556137
-0.3987341821193695 0.3860759437084198 0.16938088834285736
-0.3987341821193695 0.3987341821193695 0.16770991683006287
-0.3987341821193695 0.4113923907279968 0.16598504781723022
-0.3987341821193695 0.42405062913894653 0.16420626640319824
-0.3987341821193695 0.43670886754989624 0.1623735874891281
-0.3987341821193695 0.44936707615852356 0.16048701107501984
-0.3987341821193695 0.46202531456947327 0.15854652225971222
-0.3987341821193695 0.474683552980423 0.15655213594436646
-0.3987341821193695 0.4873417615890503 0.15450385212898254
-0.3987341821193695 0.5 0.1524016559123993
-0.3860759437084198 -0.5 0.15389180183410645
-0.3860759437084198 -0.4873417615890503 0.15601882338523865
-0.3860759437084198 -0.474683552980423 0.15809130668640137
-0.3860759437084198 -0.46202531456947327 0.1601092517375946
-0.3860759437084198 -0.44936707615852356 0.16207265853881836
-0.3860759437084198 -0.43670886754989624 0.16398152709007263
-0.3860759437084198 -0.42405062913894653 0.16583585739135742
-0.3860759437084198 -0.4113923907279968 0.16763564944267273
-0.3860759437084198 -0.3987341821193695 0.16938088834285736
-0.3860759437084198 -0.3860759437084198 0.1710716038942337
-0.3860759437084198 -0.3734177350997925 0.17270776629447937
-0.3860759437084198 -0.3607594966888428 0.17428940534591675
-0.3860759437084198 -0.34810125827789307 0.17581649124622345
-0.3860759437084198 -0.33544304966926575 0.17728905379772186
-0.3860759437084198 -0.32278481125831604 0.1787070631980896
-0.3860759437084198 -0.31012657284736633 0.18007054924964905
-0.3860759437084198 -0.297468364238739 0.18137948215007782
-0.3860759437084198 -0.2848101258277893 0.1826338768005371
-0.3860759437084198 -0.2721518874168396 0.18383373320102692
-0.3860759437084198 -0.2594936788082123 0.18497905135154724
-0.3860759437084198 -0.24683544039726257 0.18606983125209808
-0.3860759437084198 -0.23417721688747406 0.18710607290267944
-0.3860759437084198 -0.22151899337768555 0.18808777630329132
-0.3860759437084198 -0.20886075496673584 0.18901494145393372
-0.3860759437084198 -0.19620253145694733 0.18988756835460663
-0.3860759437084198 -0.1835443079471588 0.19070565700531006
-0.3860759437084198 -0.1708860695362091 0.191469207406044
-0.3860759437084198 -0.1582278460264206 0.19217820465564728
-0.3860759437084198 -0.14556962251663208 0.19283267855644226
-0.3860759437084198 -0.13291139900684357 0.19343261420726776
-0.3860759437084198 -0.12025316804647446 0.19397799670696259
-0.3860759437084198 -0.10759493708610535 0.19446885585784912
-0.3860759437084198 -0.09493670612573624 0.19490516185760498
-0.3860759437084198 -0.08227848261594772 0.19528692960739136
-0.3860759437084198 -0.06962025165557861 0.19561417400836945
-0.3860759437084198 -0.0569620244204998 0.19588686525821686
-0.3860759437084198 -0.04430379718542099 0.1961050182580948
-0.3860759437084198 -0.03164556995034218 0.19626863300800323
-0.3860759437084198 -0.018987340852618217 0.1963777095079422
-0.3860759437084198 -0.006329114083200693 0.19643226265907288
-0.3860759437084198 0.006329114083200693 0.19643226265907288
-0.3860759437084198 0.018987340852618217 0.1963777095079422
-0.3860759437084198 0.03164556995034218 0.19626863300800323
-0.3860759437084198 0.04430379718542099 0.1961050182580948
-0.3860759437084198 0.0569620244204998 0.19588686525821686
-0.3860759437084198 0.06962025165557861 0.19561417400836945
-0.3860759437084198 0.08227848261594772 0.19528692960739136
-0.3860759437084198 0.09493670612573624 0.19490516185760498
-0.3860759437084198 0.10759493708610535 0.19446885585784912
-0.3860759437084198 0.12025316804647446 0.19397799670696259
-0.3860759437084198 0.13291139900684357 0.19343261420726776
-0.3860759437084198 0.14556962251663208 0.19283267855644226
-0.3860759437084198 0.1582278460264206 0.19217820465564728
-0.3860759437084198 0.1708860695362091 0.191469207406044
-0.3860759437084198 0.1835443079471588 0.19070565700531006
-0.3860759437084198 0.19620253145694733 0.18988756835460663
-0.3860759437084198 0.20886075496673584 0.18901494145393372
-0.3860759437084198 0.22151899337768555 0.18808777630329132
-0.3860759437084198 0.23417721688747406 0.18710607290267944
-0.3860759437084198 0.24683544039726257 0.18606983125209808
-0.3860759437084198 0.2594936788082123 0.18497905135154724
-0.3860759437084198 0.2721518874168396 0.18383373320102692
-0.3860759437084198 0.2848101258277893 0.1826338768005371
-0.3860759437084198 0.297468364238739 0.18137948215007782
-0.3860759437084198 0.31012657284736633 0.18007054924964905
-0.3860759437084198 0.32278481125831604 0.1787070631980896
-0.3860759437084198 0.33544304966926575 0.17728905379772186
-0.3860759437084198 0.34810125827789307 0.17581649124622345
-0.3860759437084198 0.3607594966888428 0.17428940534591675
-0.3860759437084198 0.3734177350997925 0.17270776629447937
-0.3860759437084198 0.3860759437084198 0.1710716038942337
-0.3860759437084198 0.3987341821193695 0.16938088834285736
-0.3860759437084198 0.4113923907279968 0.16763564944267273
-0.3860759437084198 0.42405062913894653 0.16583585739135742
-0.3860759437084198 0.43670886754989624 0.16398152709007263
-0.3860759437084198 0.44936707615852356 0.16207265853881836
-0.3860759437084198 0.46202531456947327 0.1601092517375946
-0.3860759437084198 0.474683552980423 0.15809130668640137
-0.3860759437084198 0.4873417615890503 0.15601882338523865
-0.3860759437084198 0.5 0.15389180183410645
-0.3734177350997925 -0.5 0.15533387660980225
-0.3734177350997925 -0.4873417615890503 0.15748493373394012
-0.3734177350997925 -0.474683552980423 0.15958082675933838
-0.3734177350997925 -0.46202531456947327 0.1616215705871582
-0.3734177350997925 -0.44936707615852356 0.1636071652173996
-0.3734177350997925 -0.43670886754989624 0.16553759574890137
-0.3734177350997925 -0.42405062913894653 0.1674128770828247
-0.3734177350997925 -0.4113923907279968 0.16923299431800842
-0.3734177350997925 -0.3987341821193695 0.1709979623556137
-0.3734177350997925 -0.3860759437084198 0.17270776629447937
-0.3734177350997925 -0.3734177350997925 0.1743624359369278
-0.3734177350997925 -0.3607594966888428 0.1759619265794754
-0.3734177350997925 -0.34810125827789307 0.17750628292560577
-0.3734177350997925 -0.33544304966926575 0.17899546027183533
-0.3734177350997925 -0.32278481125831604 0.18042950332164764
-0.3734177350997925 -0.31012657284736633 0.18180838227272034
-0.3734177350997925 -0.297468364238739 0.1831321120262146
-0.3734177350997925 -0.2848101258277893 0.18440067768096924
-0.3734177350997925 -0.2721518874168396 0.18561409413814545
-0.3734177350997925 -0.2594936788082123 0.18677234649658203
-0.3734177350997925 -0.24683544039726257 0.18787544965744019
-0.3734177350997925 -0.23417721688747406 0.1889234036207199
-0.3734177350997925 -0.22151899337768555 0.18991619348526
-0.3734177350997925 -0.20886075496673584 0.19085383415222168
-0.3734177350997925 -0.19620253145694733 0.19173632562160492
-0.3734177350997925 -0.1835443079471588 0.19256365299224854
-0.3734177350997925 -0.1708860695362091 0.19333581626415253
-0.3734177350997925 -0.1582278460264206 0.19405284523963928
-0.3734177350997925 -0.14556962251663208 0.1947147101163864
-0.3734177350997925 -0.13291139900684357 0.19532141089439392
-0.3734177350997925 -0.12025316804647446 0.195872962474823
-0.3734177350997925 -0.10759493708610535 0.19636936485767365
-0.3734177350997925 -0.09493670612573624 0.19681060314178467
-0.3734177350997925 -0.08227848261594772 0.19719669222831726
-0.3734177350997925 -0.06962025165557861 0.19752761721611023
-0.3734177350997925 -0.0569620244204998 0.19780339300632477
-0.3734177350997925 -0.04430379718542099 0.19802401959896088
-0.3734177350997925 -0.03164556995034218 0.19818948209285736
-0.3734177350997925 -0.018987340852618217 0.19829979538917542
-0.3734177350997925 -0.006329114083200693 0.19835494458675385
-0.3734177350997925 0.006329114083200693 0.19835494458675385
-0.3734177350997925 0.018987340852618217 0.19829979538917542
-0.3734177350997925 0.03164556995034218 0.19818948209285736
-0.3734177350997925 0.04430379718542099 0.19802401959896088
-0.3734177350997925 0.0569620244204998 0.19780339300632477
-0.3734177350997925 0.06962025165557861 0.19752761721611023
-0.3734177350997925 0.08227848261594772 0.19719669222831726
-0.3734177350997925 0.09493670612573624 0.19681060314178467
-0.3734177350997925 0.10759493708610535 0.19636936485767365
-0.3734177350997925 0.12025316804647446 0.195872962474823
-0.3734177350997925 0.13291139900684357 0.19532141089439392
-0.3734177350997925 0.14556962251663208 0.1947147101163864
-0.3734177350997925 0.1582278460264206 0.19405284523963928
-0.3734177350997925 0.1708860695362091 0.19333581626415253
-0.3734177350997925 0.1835443079471588 0.19256365299224854
-0.3734177350997925 0.19620253145694733 0.19173632562160492
-0.3734177350997925 0.20886075496673584 0.19085383415222168
-0.3734177350997925 0.22151899337768555 0.18991619348526
-0.3734177350997925 0.23417721688747406 0.1889234036207199
-0.3734177350997925 0.24683544039726257 0.18787544965744019
-0.3734177350997925 0.2594936788082123 0.18677234649658203
-0.3734177350997925 0.2721518874168396 0.18561409413814545
-0.3734177350997925 0.2848101258277893 0.18440067768096924
-0.3734177350997925 0.297468364238739 0.1831321120262146
-0.3734177350997925 0.31012657284736633 0.18180838227272034
-0.3734177350997925 0.32278481125831604 0.18042950332164764
-0.3734177350997925 0.33544304966926575 0.17899546027183533
-0.3734177350997925 0.34810125827789307 0.17750628292560577
-0.3734177350997925 0.3607594966888428 0.1759619265794754
-0.3734177350997925 0.3734177350997925 0.1743624359369278
-0.3734177350997925 0.3860759437084198 0.17270776629447937
-0.3734177350997925 0.3987341821193695 0.1709979623556137
-0.3734177350997925 0.4113923907279968 0.16923299431800842
-0.3734177350997925 0.42405062913894653 0.1674128770828247
-0.3734177350997925 0.43670886754989624 0.16553759574890137
-0.3734177350997925 0.44936707615852356 0.1636071652173996
-0.3734177350997925 0.46202531456947327 0.1616215705871582
-0.3734177350997925 0.474683552980423 0.15958082675933838
-0.3734177350997925 0.4873417615890503 0.15748493373394012
-0.3734177350997925 0.5 0.15533387660980225
-0.3607594966888428 -0.5 0.1567278951406479
-0.3607594966888428 -0.4873417615890503 0.15890216827392578
-0.3607594966888428 -0.474683552980423 0.16102071106433868
-0.3607594966888428 -0.46202531456947327 0.16308347880840302
-0.3607594966888428 -0.44936707615852356 0.16509051620960236
-0.3607594966888428 -0.43670886754989624 0.16704179346561432
-0.3607594966888428 -0.42405062913894653 0.1689373254776001
-0.3607594966888428 -0.4113923907279968 0.1707770973443985
-0.3607594966888428 -0.3987341821193695 0.17256112396717072
-0.3607594966888428 -0.3860759437084198 0.17428940534591675
-0.3607594966888428 -0.3734177350997925 0.1759619265794754
-0.3607594966888428 -0.3607594966888428 0.17757870256900787
-0.3607594966888428 -0.34810125827789307 0.17913973331451416
-0.3607594966888428 -0.33544304966926575 0.18064500391483307
-0.3607594966888428 -0.32278481125831604 0.1820945292711258
-0.3607594966888428 -0.31012657284736633 0.18348829448223114
-0.3607594966888428 -0.297468364238739 0.1848263144493103
-0.3607594966888428 -0.2848101258277893 0.18610858917236328
-0.3607594966888428 -0.2721518874168396 0.18733510375022888
-0.3607594966888428 -0.2594936788082123 0.1885058730840683
-0.3607594966888428 -0.24683544039726257 0.18962088227272034
-0.3607594966888428 -0.23417721688747406 0.19068016111850739
-0.3607594966888428 -0.22151899337768555 0.19168366491794586
-0.3607594966888428 -0.20886075496673584 0.19263143837451935
-0.3607594966888428 -0.19620253145694733 0.19352345168590546
-0.3607594966888428 -0.1835443079471588 0.1943597048521042
-0.3607594966888428 -0.1708860695362091 0.19514022767543793
-0.3607594966888428 -0.1582278460264206 0.1958649903535843
-0.3607594966888428 -0.14556962251663208 0.19653399288654327
-0.3607594966888428 -0.13291139900684357 0.19714725017547607
-0.3607594966888428 -0.12025316804647446 0.1977047622203827
-0.3607594966888428 -0.10759493708610535 0.19820651412010193
-0.3607594966888428 -0.09493670612573624 0.19865252077579498
-0.3607594966888428 -0.08227848261594772 0.19904278218746185
-0.3607594966888428 -0.06962025165557861 0.19937728345394135
-0.3607594966888428 -0.0569620244204998 0.19965603947639465
-0.3607594966888428 -0.04430379718542099 0.19987905025482178
-0.3607594966888428 -0.03164556995034218 0.20004630088806152
-0.3607594966888428 -0.018987340852618217 0.2001577913761139
-0.3607594966888428 -0.006329114083200693 0.20021355152130127
-0.3607594966888428 0.006329114083200693 0.20021355152130127
-0.3607594966888428 0.018987340852618217 0.2001577913761139
-0.3607594966888428 0.03164556995034218 0.20004630088806152
-0.3607594966888428 0.04430379718542099 0.19987905025482178
-0.3607594966888428 0.0569620244204998 0.19965603947639465
-0.3607594966888428 0.06962025165557861 0.19937728345394135
-0.3607594966888428 0.08227848261594772 0.19904278218746185
-0.3607594966888428 0.09493670612573624 0.19865252077579498
-0.3607594966888428 0.10759493708610535 0.19820651412010193
-0.3607594966888428 0.12025316804647446 0.1977047622203827
-0.3607594966888428 0.13291139900684357 0.19714725017547607
-0.3607594966888428 0.14556962251663208 0.19653399288654327
-0.3607594966888428 0.1582278460264206 0.1958649903535843
-0.3607594966888428 0.1708860695362091 0.19514022767543793
-0.3607594966888428 0.1835443079471588 0.1943597048521042
-0.3607594966888428 0.19620253145694733 0.19352345168590546
-0.3607594966888428 0.20886075496673584 0.19263143837451935
-0.3607594966888428 0.22151899337768555 0.19168366491794586
-0.3607594966888428 0.23417721688747406 0.19068016111850739
-0.3607594966888428 0.24683544039726257 0.18962088227272034
-0.3607594966888428 0.2594936788082123 0.1885058730840683
-0.3607594966888428 0.2721518874168396 0.18733510375022888
-0.3607594966888428 0.2848101258277893 0.18610858917236328
-0.3607594966888428 0.297468364238739 0.1848263144493103
-0.3607594966888428 0.31012657284736633 0.18348829448223114
-0.3607594966888428 0.32278481125831604 0.1820945292711258
-0.3607594966888428 0.33544304966926575 0.18064500391483307
-0.3607594966888428 0.34810125827789307 0.17913973331451416
-0.3607594966888428 0.3607594966888428 0.17757870256900787
-0.3607594966888428 0.3734177350997925 0.1759619265794754
-0.3607594966888428 0.3860759437084198 0.17428940534591675
-0.3607594966888428 0.3987341821193695 0.17256112396717072
-0.3607594966888428 0.4113923907279968 0.1707770973443985
-0.3607594966888428 0.42405062913894653 0.1689373254776001
-0.3607594966888428 0.43670886754989624 0.16704179346561432
-0.3607594966888428 0.44936707615852356 0.16509051620960236
-0.3607594966888428 0.46202531456947327 0.16308347880840302
-0.3607594966888428 0.474683552980423 0.16102071106433868
-0.3607594966888428 0.4873417615890503 0.15890216827392578
-0.3607594966888428 0.5 0.1567278951406479
-0.34810125827789307 -0.5 0.15807382762432098
-0.34810125827789307 -0.4873417615890503 0.1602705419063568
-0.34810125827789307 -0.474683552980423 0.1624109297990799
-0.34810125827789307 -0.46202531456947327 0.16449499130249023
-0.34810125827789307 -0.44936707615852356 0.16652271151542664
-0.34810125827789307 -0.43670886754989624 0.1684941202402115
-0.34810125827789307 -0.42405062913894653 0.1704092025756836
-0.34810125827789307 -0.4113923907279968 0.17226795852184296
-0.34810125827789307 -0.3987341821193695 0.17407038807868958
-0.34810125827789307 -0.3860759437084198 0.17581649124622345
-0.34810125827789307 -0.3734177350997925 0.17750628292560577
-0.34810125827789307 -0.3607594966888428 0.17913973331451416
-0.34810125827789307 -0.34810125827789307 0.1807168573141098
-0.34810125827789307 -0.33544304966926575 0.1822376549243927
-0.34810125827789307 -0.32278481125831604 0.18370212614536285
-0.34810125827789307 -0.31012657284736633 0.18511028587818146
-0.34810125827789307 -0.297468364238739 0.18646210432052612
-0.34810125827789307 -0.2848101258277893 0.18775759637355804
-0.34810125827789307 -0.2721518874168396 0.18899676203727722
-0.34810125827789307 -0.2594936788082123 0.19017961621284485
-0.34810125827789307 -0.24683544039726257 0.19130612909793854
-0.34810125827789307 -0.23417721688747406 0.19237633049488068
-0.34810125827789307 -0.22151899337768555 0.19339019060134888
-0.34810125827789307 -0.20886075496673584 0.19434773921966553
-0.34810125827789307 -0.19620253145694733 0.19524894654750824
-0.34810125827789307 -0.1835443079471588 0.1960938423871994
-0.34810125827789307 -0.1708860695362091 0.19688239693641663
-0.34810125827789307 -0.1582278460264206 0.1976146399974823
-0.34810125827789307 -0.14556962251663208 0.19829055666923523
-0.34810125827789307 -0.13291139900684357 0.19891013205051422
-0.34810125827789307 -0.12025316804647446 0.19947339594364166
-0.34810125827789307 -0.10759493708610535 0.19998033344745636
-0.34810125827789307 -0.09493670612573624 0.20043092966079712
-0.34810125827789307 -0.08227848261594772 0.20082521438598633
-0.34810125827789307 -0.06962025165557861 0.2011631727218628
-0.34810125827789307 -0.0569620244204998 0.2014448046684265
-0.34810125827789307 -0.04430379718542099 0.2016701102256775
-0.34810125827789307 -0.03164556995034218 0.20183908939361572
-0.34810125827789307 -0.018987340852618217 0.2019517421722412
-0.34810125827789307 -0.006329114083200693 0.20200806856155396
-0.34810125827789307 0.006329114083200693 0.20200806856155396
-0.34810125827789307 0.018987340852618217 0.2019517421722412
-0.34810125827789307 0.03164556995034218 0.20183908939361572
-0.34810125827789307 0.04430379718542099 0.2016701102256775
-0.34810125827789307 0.0569620244204998 0.2014448046684265
-0.34810125827789307 0.06962025165557861 0.2011631727218628
-0.34810125827789307 0.08227848261594772 0.20082521438598633
-0.34810125827789307 0.09493670612573624 0.20043092966079712
-0.34810125827789307 0.10759493708610535 0.19998033344745636
-0.34810125827789307 0.12025316804647446 0.19947339594364166
-0.34810125827789307 0.13291139900684357 0.19891013205051422
-0.34810125827789307 0.14556962251663208 0.19829055666923523
-0.34810125827789307 0.1582278460264206 0.1976146399974823
-0.34810125827789307 0.1708860695362091 0.19688239693641663
-0.34810125827789307 0.1835443079471588 0.1960938423871994
-0.34810125827789307 0.19620253145694733 0.19524894654750824
-0.34810125827789307 0.20886075496673584 0.19434773921966553
-0.34810125827789307 0.22151899337768555 0.19339019060134888
-0.34810125827789307 0.23417721688747406 0.19237633049488068
-0.34810125827789307 0.24683544039726257 0.19130612909793854
-0.34810125827789307 0.2594936788082123 0.19017961621284485
-0.34810125827789307 0.2721518874168396 0.18899676203727722
-0.34810125827789307 0.2848101258277893 0.18775759637355804
-0.34810125827789307 0.297468364238739 0.18646210432052612
-0.34810125827789307 0.31012657284736633 0.18511028587818146
-0.34810125827789307 0.32278481125831604 0.18370212614536285
-0.34810125827789307 0.33544304966926575 0.1822376549243927
-0.34810125827789307 0.34810125827789307 0.1807168573141098
-0.34810125827789307 0.3607594966888428 0.17913973331451416
-0.34810125827789307 0.3734177350997925 0.17750628292560577
-0.34810125827789307 0.3860759437084198 0.17581649124622345
-0.34810125827789307 0.3987341821193695 0.17407038807868958
-0.34810125827789307 0.4113923907279968 0.17226795852184296
-0.34810125827789307 0.42405062913894653 0.1704092025756836
-0.34810125827789307 0.43670886754989624 0.1684941202402115
-0.34810125827789307 0.44936707615852356 0.16652271151542664
-0.34810125827789307 0.46202531456947327 0.16449499130249023
-0.34810125827789307 0.474683552980423 0.1624109297990799
-0.34810125827789307 0.4873417615890503 0.1602705419063568
-0.34810125827789307 0.5 0.15807382762432098
-0.33544304966926575 -0.5 0.15937168896198273
-0.33544304966926575 -0.4873417615890503 0.16159003973007202
-0.33544304966926575 -0.474683552980423 0.1637514978647232
-0.33544304966926575 -0.46202531456947327 0.16585607826709747
-0.33544304966926575 -0.44936707615852356 0.16790376603603363
-0.33544304966926575 -0.43670886754989624 0.16989459097385406
-0.33544304966926575 -0.42405062913894653 0.1718285232782364
-0.33544304966926575 -0.4113923907279968 0.1737055778503418
-0.33544304966926575 -0.3987341821193695 0.1755257546901703
-0.33544304966926575 -0.3860759437084198 0.17728905379772186
-0.33544304966926575 -0.3734177350997925 0.17899546027183533
-0.33544304966926575 -0.3607594966888428 0.18064500391483307
-0.33544304966926575 -0.34810125827789307 0.1822376549243927
-0.33544304966926575 -0.33544304966926575 0.18377342820167542
-0.33544304966926575 -0.32278481125831604 0.1852523237466812
-0.33544304966926575 -0.31012657284736633 0.1866743415594101
-0.33544304966926575 -0.297468364238739 0.18803946673870087
-0.33544304966926575 -0.2848101258277893 0.18934771418571472
-0.33544304966926575 -0.2721518874168396 0.19059908390045166
-0.33544304966926575 -0.2594936788082123 0.19179357588291168
-0.33544304966926575 -0.24683544039726257 0.1929311901330948
-0.33544304966926575 -0.23417721688747406 0.19401191174983978
-0.33544304966926575 -0.22151899337768555 0.19503577053546906
-0.33544304966926575 -0.20886075496673584 0.19600273668766022
-0.33544304966926575 -0.19620253145694733 0.19691282510757446
-0.33544304966926575 -0.1835443079471588 0.1977660357952118
-0.33544304966926575 -0.1708860695362091 0.198562353849411
-0.33544304966926575 -0.1582278460264206 0.1993018090724945
-0.33544304966926575 -0.14556962251663208 0.1999843716621399
-0.33544304966926575 -0.13291139900684357 0.20061005651950836
-0.33544304966926575 -0.12025316804647446 0.20117886364459991
-0.33544304966926575 -0.10759493708610535 0.20169079303741455
-0.33544304966926575 -0.09493670612573624 0.20214582979679108
-0.33544304966926575 -0.08227848261594772 0.20254398882389069
-0.33544304966926575 -0.06962025165557861 0.20288527011871338
-0.33544304966926575 -0.0569620244204998 0.20316967368125916
-0.33544304966926575 -0.04430379718542099 0.20339719951152802
-0.33544304966926575 -0.03164556995034218 0.20356784760951996
-0.33544304966926575 -0.018987340852618217 0.2036816030740738
-0.33544304966926575 -0.006329114083200693 0.2037384808063507
-0.33544304966926575 0.006329114083200693 0.2037384808063507
-0.33544304966926575 0.018987340852618217 0.2036816030740738
-0.33544304966926575 0.03164556995034218 0.20356784760951996
-0.33544304966926575 0.04430379718542099 0.20339719951152802
-0.33544304966926575 0.0569620244204998 0.20316967368125916
-0.33544304966926575 0.06962025165557861 0.20288527011871338
-0.33544304966926575 0.08227848261594772 0.20254398882389069
-0.33544304966926575 0.09493670612573624 0.20214582979679108
-0.33544304966926575 0.10759493708610535 0.20169079303741455
-0.33544304966926575 0.12025316804647446 0.20117886364459991
-0.33544304966926575 0.13291139900684357 0.20061005651950836
-0.33544304966926575 0.14556962251663208 0.1999843716621399
-0.33544304966926575 0.1582278460264206 0.1993018090724945
-0.33544304966926575 0.1708860695362091 0.198562353849411
-0.33544304966926575 0.1835443079471588 0.1977660357952118
-0.33544304966926575 0.19620253145694733 0.19691282510757446
-0.33544304966926575 0.20886075496673584 0.19600273668766022
-0.33544304966926575 0.22151899337768555 0.19503577053546906
-0.33544304966926575 0.23417721688747406 0.19401191174983978
-0.33544304966926575 0.24683544039726257 0.1929311901330948
-0.33544304966926575 0.2594936788082123 0.19179357588291168
-0.33544304966926575 0.2721518874168396 0.19059908390045166
-0.33544304966926575 0.2848101258277893 0.18934771418571472
-0.33544304966926575 0.297468364238739 0.18803946673870087
-0.33544304966926575 0.31012657284736633 0.1866743415594101
-0.33544304966926575 0.32278481125831604 0.1852523237466812
-0.33544304966926575 0.33544304966926575 0.18377342820167542
-0.33544304966926575 0.34810125827789307 0.1822376549243927
-0.33544304966926575 0.3607594966888428 0.18064500391483307
-0.33544304966926575 0.3734177350997925 0.17899546027183533
-0.33544304966926575 0.3860759437084198 0.17728905379772186
-0.33544304966926575 0.3987341821193695 0.1755257546901703
-0.33544304966926575 0.4113923907279968 0.1737055778503418
-0.33544304966926575 0.42405062913894653 0.1718285232782364
-0.33544304966926575 0.43670886754989624 0.16989459097385406
-0.33544304966926575 0.44936707615852356 0.16790376603603363
-0.33544304966926575 0.46202531456947327 0.16585607826709747
-0.33544304966926575 0.474683552980423 0.1637514978647232
-0.33544304966926575 0.4873417615890503 0.16159003973007202
-0.33544304966926575 0.5 0.15937168896198273
-0.32278481125831604 -0.5 0.1606214940547943
-0.32278481125831604 -0.4873417615890503 0.1628606617450714
-0.32278481125831604 -0.474683552980423 0.16504241526126862
-0.32278481125831604 -0.46202531456947327 0.16716675460338593
-0.32278481125831604 -0.44936707615852356 0.16923367977142334
-0.32278481125831604 -0.43670886754989624 0.17124317586421967
-0.32278481125831604 -0.42405062913894653 0.1731952726840973
-0.32278481125831604 -0.4113923907279968 0.17508995532989502
-0.32278481125831604 -0.3987341821193695 0.17692722380161285
-0.32278481125831604 -0.3860759437084198 0.1787070631980896
-0.32278481125831604 -0.3734177350997925 0.18042950332164764
-0.32278481125831604 -0.3607594966888428 0.1820945292711258
-0.32278481125831604 -0.34810125827789307 0.18370212614536285
-0.32278481125831604 -0.33544304966926575 0.1852523237466812
-0.32278481125831604 -0.32278481125831604 0.18674509227275848
-0.32278481125831604 -0.31012657284736633 0.18818046152591705
-0.32278481125831604 -0.297468364238739 0.18955841660499573
-0.32278481125831604 -0.2848101258277893 0.1908789426088333
-0.32278481125831604 -0.2721518874168396 0.1921420693397522
-0.32278481125831604 -0.2594936788082123 0.19334776699543
-0.32278481125831604 -0.24683544039726257 0.1944960653781891
-0.32278481125831604 -0.23417721688747406 0.1955869346857071
-0.32278481125831604 -0.22151899337768555 0.1966203898191452
-0.32278481125831604 -0.20886075496673584 0.1975964456796646
-0.32278481125831604 -0.19620253145694733 0.19851507246494293
-0.32278481125831604 -0.1835443079471588 0.19937629997730255
-0.32278481125831604 -0.1708860695362091 0.20018009841442108
-0.32278481125831604 -0.1582278460264206 0.20092648267745972
-0.32278481125831604 -0.14556962251663208 0.20161545276641846
-0.32278481125831604 -0.13291139900684357 0.2022470235824585
-0.32278481125831604 -0.12025316804647446 0.20282116532325745
-0.32278481125831604 -0.10759493708610535 0.2033378928899765
-0.32278481125831604 -0.09493670612573624 0.20379720628261566
-0.32278481125831604 -0.08227848261594772 0.20419910550117493
-0.32278481125831604 -0.06962025165557861 0.2045436054468155
-0.32278481125831604 -0.0569620244204998 0.20483067631721497
-0.32278481125831604 -0.04430379718542099 0.20506033301353455
-0.32278481125831604 -0.03164556995034218 0.20523257553577423
-0.32278481125831604 -0.018987340852618217 0.20534740388393402
-0.32278481125831604 -0.006329114083200693 0.20540481805801392
-0.32278481125831604 0.006329114083200693 0.20540481805801392
-0.32278481125831604 0.018987340852618217 0.20534740388393402
-0.32278481125831604 0.03164556995034218 0.20523257553577423
-0.32278481125831604 0.04430379718542099 0.20506033301353455
-0.32278481125831604 0.0569620244204998 0.20483067631721497
-0.32278481125831604 0.06962025165557861 0.2045436054468155
-0.32278481125831604 0.08227848261594772 0.20419910550117493
-0.32278481125831604 0.09493670612573624 0.20379720628261566
-0.32278481125831604 0.10759493708610535 0.2033378928899765
-0.32278481125831604 0.12025316804647446 0.20282116532325745
-0.32278481125831604 0.13291139900684357 0.2022470235824585
-0.32278481125831604 0.14556962251663208 0.20161545276641846
-0.32278481125831604 0.1582278460264206 0.20092648267745972
-0.32278481125831604 0.1708860695362091 0.20018009841442108
-0.32278481125831604 0.1835443079471588 0.19937629997730255
-0.32278481125831604 0.19620253145694733 0.19851507246494293
-0.32278481125831604 0.20886075496673584 0.1975964456796646
-0.32278481125831604 0.22151899337768555 0.1966203898191452
-0.32278481125831604 0.23417721688747406 0.1955869346857071
-0.32278481125831604 0.24683544039726257 0.1944960653781891
-0.32278481125831604 0.2594936788082123 0.19334776699543
-0.32278481125831604 0.2721518874168396 0.1921420693397522
-0.32278481125831604 0.2848101258277893 0.1908789426088333
-0.32278481125831604 0.297468364238739 0.18955841660499573
-0.32278481125831604 0.31012657284736633 0.18818046152591705
-0.32278481125831604 0.32278481125831604 0.18674509227275848
-0.32278481125831604 0.33544304966926575 0.1852523237466812
-0.32278481125831604 0.34810125827789307 0.18370212614536285
-0.32278481125831604 0.3607594966888428 0.1820945292711258
-0.32278481125831604 0.3734177350997925 0.18042950332164764
-0.32278481125831604 0.3860759437084198 0.1787070631980896
-0.32278481125831604 0.3987341821193695 0.17692722380161285
-0.32278481125831604 0.4113923907279968 0.17508995532989502
-0.32278481125831604 0.42405062913894653 0.1731952726840973
-0.32278481125831604 0.43670886754989624 0.17124317586421967
-0.32278481125831604 0.44936707615852356 0.16923367977142334
-0.32278481125831604 0.46202531456947327 0.16716675460338593
-0.32278481125831604 0.474683552980423 0.16504241526126862
-0.32278481125831604 0.4873417615890503 0.1628606617450714
-0.32278481125831604 0.5 0.1606214940547943
-0.31012657284736633 -0.5 0.16182322800159454
-0.31012657284736633 -0.4873417615890503 0.16408242285251617
-0.31012657284736633 -0.474683552980423 0.16628368198871613
-0.31012657284736633 -0.46202531456947327 0.1684270203113556
-0.31012657284736633 -0.44936707615852356 0.17051242291927338
-0.31012657284736633 -0.43670886754989624 0.17253990471363068
-0.31012657284736633 -0.42405062913894653 0.1745094507932663
-0.31012657284736633 -0.4113923907279968 0.17642107605934143
-0.31012657284736633 -0.3987341821193695 0.17827478051185608
-0.31012657284736633 -0.3860759437084198 0.18007054924964905
-0.31012657284736633 -0.3734177350997925 0.18180838227272034
-0.31012657284736633 -0.3607594966888428 0.18348829448223114
-0.31012657284736633 -0.34810125827789307 0.18511028587818146
-0.31012657284736633 -0.33544304966926575 0.1866743415594101
-0.31012657284736633 -0.32278481125831604 0.18818046152591705
-0.31012657284736633 -0.31012657284736633 0.18962866067886353
-0.31012657284736633 -0.297468364238739 0.1910189390182495
-0.31012657284736633 -0.2848101258277893 0.19235128164291382
-0.31012657284736633 -0.2721518874168396 0.19362568855285645
-0.31012657284736633 -0.2594936788082123 0.1948421746492386
-0.31012657284736633 -0.24683544039726257 0.19600073993206024
-0.31012657284736633 -0.23417721688747406 0.19710136950016022
-0.31012657284736633 -0.22151899337768555 0.1981440782546997
-0.31012657284736633 -0.20886075496673584 0.19912885129451752
-0.31012657284736633 -0.19620253145694733 0.20005570352077484
-0.31012657284736633 -0.1835443079471588 0.20092462003231049
-0.31012657284736633 -0.1708860695362091 0.20173561573028564
-0.31012657284736633 -0.1582278460264206 0.20248867571353912
-0.31012657284736633 -0.14556962251663208 0.20318381488323212
-0.31012657284736633 -0.13291139900684357 0.20382101833820343
-0.31012657284736633 -0.12025316804647446 0.20440030097961426
-0.31012657284736633 -0.10759493708610535 0.2049216479063034
-0.31012657284736633 -0.09493670612573624 0.20538507401943207
-0.31012657284736633 -0.08227848261594772 0.20579057931900024
-0.31012657284736633 -0.06962025165557861 0.20613813400268555
-0.31012657284736633 -0.0569620244204998 0.20642778277397156
-0.31012657284736633 -0.04430379718542099 0.2066594958305359
-0.31012657284736633 -0.03164556995034218 0.20683327317237854
-0.31012657284736633 -0.018987340852618217 0.2069491297006607
-0.31012657284736633 -0.006329114083200693 0.20700706541538239
-0.31012657284736633 0.006329114083200693 0.20700706541538239
-0.31012657284736633 0.018987340852618217 0.2069491297006607
-0.31012657284736633 0.03164556995034218 0.20683327317237854
-0.31012657284736633 0.04430379718542099 0.2066594958305359
-0.31012657284736633 0.0569620244204998 0.20642778277397156
-0.31012657284736633 0.06962025165557861 0.20613813400268555
-0.31012657284736633 0.08227848261594772 0.20579057931900024
-0.31012657284736633 0.09493670612573624 0.20538507401943207
-0.31012657284736633 0.10759493708610535 0.2049216479063034
-0.31012657284736633 0.12025316804647446 0.20440030097961426
-0.31012657284736633 0.13291139900684357 0.20382101833820343
-0.31012657284736633 0.14556962251663208 0.20318381488323212
-0.31012657284736633 0.1582278460264206 0.20248867571353912
-0.31012657284736633 0.1708860695362091 0.20173561573028564
-0.31012657284736633 0.1835443079471588 0.20092462003231049
-0.31012657284736633 0.19620253145694733 0.20005570352077484
-0.31012657284736633 0.20886075496673584 0.19912885129451752
-0.31012657284736633 0.22151899337768555 0.1981440782546997
-0.31012657284736633 0.23417721688747406 0.19710136950016022
-0.31012657284736633 0.24683544039726257 0.19600073993206024
-0.31012657284736633 0.2594936788082123 0.1948421746492386
-0.31012657284736633 0.2721518874168396 0.19362568855285645
-0.31012657284736633 0.2848101258277893 0.19235128164291382
-0.31012657284736633 0.297468364238739 0.1910189390182495
-0.31012657284736633 0.31012657284736633 0.18962866067886353
-0.31012657284736633 0.32278481125831604 0.18818046152591705
-0.31012657284736633 0.33544304966926575 0.1866743415594101
-0.31012657284736633 0.34810125827789307 0.18511028587818146
-0.31012657284736633 0.3607594966888428 0.18348829448223114
-0.31012657284736633 0.3734177350997925 0.18180838227272034
-0.31012657284736633 0.3860759437084198 0.18007054924964905
-0.31012657284736633 0.3987341821193695 0.17827478051185608
-0.31012657284736633 0.4113923907279968 0.17642107605934143
-0.31012657284736633 0.42405062913894653 0.1745094507932663
-0.31012657284736633 0.43670886754989624 0.17253990471363068
-0.31012657284736633 0.44936707615852356 0.17051242291927338
-0.31012657284736633 0.46202531456947327 0.1684270203113556
-0.31012657284736633 0.474683552980423 0.16628368198871613
-0.31012657284736633 0.4873417615890503 0.16408242285251617
-0.31012657284736633 0.5 0.16182322800159454
-0.297468364238739 -0.5 0.16297689080238342
-0.297468364238739 -0.4873417615890503 0.16525530815124512
-0.297468364238739 -0.474683552980423 0.16747529804706573
-0.297468364238739 -0.46202531456947327 0.16963687539100647
-0.297468364238739 -0.44936707615852356 0.17174002528190613
-0.297468364238739 -0.43670886754989624 0.1737847626209259
-0.297468364238739 -0.42405062913894653 0.1757710725069046
-0.297468364238739 -0.4113923907279968 0.17769895493984222
-0.297468364238739 -0.3987341821193695 0.17956842482089996
-0.297468364238739 -0.3860759437084198 0.18137948215007782
-0.297468364238739 -0.3734177350997925 0.1831321120262146
-0.297468364238739 -0.3607594966888428 0.1848263144493103
-0.297468364238739 -0.34810125827789307 0.18646210432052612
-0.297468364238739 -0.33544304966926575 0.18803946673870087
-0.297468364238739 -0.32278481125831604 0.18955841660499573
-0.297468364238739 -0.31012657284736633 0.1910189390182495
-0.297468364238739 -0.297468364238739 0.19242103397846222
-0.297468364238739 -0.2848101258277893 0.19376471638679504
-0.297468364238739 -0.2721518874168396 0.1950499713420868
-0.297468364238739 -0.2594936788082123 0.19627681374549866
-0.297468364238739 -0.24683544039726257 0.19744524359703064
-0.297468364238739 -0.23417721688747406 0.19855523109436035
-0.297468364238739 -0.22151899337768555 0.19960680603981018
-0.297468364238739 -0.20886075496673584 0.20059996843338013
-0.297468364238739 -0.19620253145694733 0.201534703373909
-0.297468364238739 -0.1835443079471588 0.2024110108613968
-0.297468364238739 -0.1708860695362091 0.2032289057970047
-0.297468364238739 -0.1582278460264206 0.20398838818073273
-0.297468364238739 -0.14556962251663208 0.20468942821025848
-0.297468364238739 -0.13291139900684357 0.20533205568790436
-0.297468364238739 -0.12025316804647446 0.20591627061367035
-0.297468364238739 -0.10759493708610535 0.20644205808639526
-0.297468364238739 -0.09493670612573624 0.2069094330072403
-0.297468364238739 -0.08227848261594772 0.20731838047504425
-0.297468364238739 -0.06962025165557861 0.20766890048980713
-0.297468364238739 -0.0569620244204998 0.20796100795269012
-0.297468364238739 -0.04430379718542099 0.20819468796253204
-0.297468364238739 -0.03164556995034218 0.20836995542049408
-0.297468364238739 -0.018987340852618217 0.20848679542541504
-0.297468364238739 -0.006329114083200693 0.20854520797729492
-0.297468364238739 0.006329114083200693 0.20854520797729492
-0.297468364238739 0.018987340852618217 0.20848679542541504
-0.297468364238739 0.03164556995034218 0.20836995542049408
-0.297468364238739 0.04430379718542099 0.20819468796253204
-0.297468364238739 0.0569620244204998 0.20796100795269012
-0.297468364238739 0.06962025165557861 0.20766890048980713
-0.297468364238739 0.08227848261594772 0.20731838047504425
-0.297468364238739 0.09493670612573624 0.2069094330072403
-0.297468364238739 0.10759493708610535 0.20644205808639526
-0.297468364238739 0.12025316804647446 0.20591627061367035
-0.297468364238739 0.13291139900684357 0.20533205568790436
-0.297468364238739 0.14556962251663208 0.20468942821025848
-0.297468364238739 0.1582278460264206 0.20398838818073273
-0.297468364238739 0.1708860695362091 0.2032289057970047
-0.297468364238739 0.1835443079471588 0.2024110108613968
-0.297468364238739 0.19620253145694733 0.201534703373909
-0.297468364238739 0.20886075496673584 0.20059996843338013
-0.297468364238739 0.22151899337768555 0.19960680603981018
-0.297468364238739 0.23417721688747406 0.19855523109436035
-0.297468364238739 0.24683544039726257 0.19744524359703064
-0.297468364238739 0.2594936788082123 0.19627681374549866
-0.297468364238739 0.2721518874168396 0.1950499713420868
-0.297468364238739 0.2848101258277893 0.19376471638679504
-0.297468364238739 0.297468364238739 0.19242103397846222
-0.297468364238739 0.31012657284736633 0.1910189390182495
-0.297468364238739 0.32278481125831604 0.18955841660499573
-0.297468364238739 0.33544304966926575 0.18803946673870087
-0.297468364238739 0.34810125827789307 0.18646210432052612
-0.297468364238739 0.3607594966888428 0.1848263144493103
-0.297468364238739 0.3734177350997925 0.1831321120262146
-0.297468364238739 0.3860759437084198 0.18137948215007782
-0.297468364238739 0.3987341821193695 0.17956842482089996
-0.297468364238739 0.4113923907279968 0.17769895493984222
-0.297468364238739 0.42405062913894653 0.1757710725069046
-0.297468364238739 0.43670886754989624 0.1737847626209259
-0.297468364238739 0.44936707615852356 0.17174002528190613
-0.297468364238739 0.46202531456947327 0.16963687539100647
-0.297468364238739 0.474683552980423 0.16747529804706573
-0.297468364238739 0.4873417615890503 0.16525530815124512
-0.297468364238739 0.5 0.16297689080238342
-0.2848101258277893 -0.5 0.16408248245716095
-0.2848101258277893 -0.4873417615890503 0.16637931764125824
-0.2848101258277893 -0.474683552980423 0.16861726343631744
-0.2848101258277893 -0.46202531456947327 0.17079631984233856
-0.2848101258277893 -0.44936707615852356 0.1729164719581604
-0.2848101258277893 -0.43670886754989624 0.17497774958610535
-0.2848101258277893 -0.42405062913894653 0.176980122923851
-0.2848101258277893 -0.4113923907279968 0.1789235919713974
-0.2848101258277893 -0.3987341821193695 0.1808081865310669
-0.2848101258277893 -0.3860759437084198 0.1826338768005371
-0.2848101258277893 -0.3734177350997925 0.18440067768096924
-0.2848101258277893 -0.3607594966888428 0.18610858917236328
-0.2848101258277893 -0.34810125827789307 0.18775759637355804
-0.2848101258277893 -0.33544304966926575 0.18934771418571472
-0.2848101258277893 -0.32278481125831604 0.1908789426088333
-0.2848101258277893 -0.31012657284736633 0.19235128164291382
-0.2848101258277893 -0.297468364238739 0.19376471638679504
-0.2848101258277893 -0.2848101258277893 0.19511926174163818
-0.2848101258277893 -0.2721518874168396 0.19641491770744324
-0.2848101258277893 -0.2594936788082123 0.1976516842842102
-0.2848101258277893 -0.24683544039726257 0.1988295465707779
-0.2848101258277893 -0.23417721688747406 0.1999485194683075
-0.2848101258277893 -0.22151899337768555 0.201008602976799
-0.2848101258277893 -0.20886075496673584 0.20200978219509125
-0.2848101258277893 -0.19620253145694733 0.2029520720243454
-0.2848101258277893 -0.1835443079471588 0.20383547246456146
-0.2848101258277893 -0.1708860695362091 0.20465998351573944
-0.2848101258277893 -0.1582278460264206 0.20542559027671814
-0.2848101258277893 -0.14556962251663208 0.20613232254981995
-0.2848101258277893 -0.13291139900684357 0.20678015053272247
-0.2848101258277893 -0.12025316804647446 0.20736907422542572
-0.2848101258277893 -0.10759493708610535 0.20789912343025208
-0.2848101258277893 -0.09493670612573624 0.20837026834487915
-0.2848101258277893 -0.08227848261594772 0.20878252387046814
-0.2848101258277893 -0.06962025165557861 0.20913587510585785
-0.2848101258277893 -0.0569620244204998 0.20943033695220947
-0.2848101258277893 -0.04430379718542099 0.2096659243106842
-0.2848101258277893 -0.03164556995034218 0.20984259247779846
-0.2848101258277893 -0.018987340852618217 0.20996038615703583
-0.2848101258277893 -0.006329114083200693 0.2100192755460739
-0.2848101258277893 0.006329114083200693 0.2100192755460739
-0.2848101258277893 0.018987340852618217 0.20996038615703583
-0.2848101258277893 0.03164556995034218 0.20984259247779846
-0.2848101258277893 0.04430379718542099 0.2096659243106842
-0.2848101258277893 0.0569620244204998 0.20943033695220947
-0.2848101258277893 0.06962025165557861 0.20913587510585785
-0.2848101258277893 0.08227848261594772 0.20878252387046814
-0.2848101258277893 0.09493670612573624 0.20837026834487915
-0.2848101258277893 0.10759493708610535 0.20789912343025208
-0.2848101258277893 0.12025316804647446 0.20736907422542572
-0.2848101258277893 0.13291139900684357 0.20678015053272247
-0.2848101258277893 0.14556962251663208 0.20613232254981995
-0.2848101258277893 0.1582278460264206 0.20542559027671814
-0.2848101258277893 0.1708860695362091 0.20465998351573944
-0.2848101258277893 0.1835443079471588 0.20383547246456146
-0.2848101258277893 0.19620253145694733 0.2029520720243454
-0.2848101258277893 0.20886075496673584 0.20200978219509125
-0.2848101258277893 0.22151899337768555 0.201008602976799
-0.2848101258277893 0.23417721688747406 0.1999485194683075
-0.2848101258277893 0.24683544039726257 0.1988295465707779
-0.2848101258277893 0.2594936788082123 0.1976516842842102
-0.2848101258277893 0.2721518874168396 0.19641491770744324
-0.2848101258277893 0.2848101258277893 0.19511926174163818
-0.2848101258277893 0.297468364238739 0.19376471638679504
-0.2848101258277893 0.31012657284736633 0.19235128164291382
-0.2848101258277893 0.32278481125831604 0.1908789426088333
-0.2848101258277893 0.33544304966926575 0.18934771418571472
-0.2848101258277893 0.34810125827789307 0.18775759637355804
-0.2848101258277893 0.3607594966888428 0.18610858917236328
-0.2848101258277893 0.3734177350997925 0.18440067768096924
-0.2848101258277893 0.3860759437084198 0.1826338768005371
-0.2848101258277893 0.3987341821193695 0.1808081865310669
-0.2848101258277893 0.4113923907279968 0.1789235919713974
-0.2848101258277893 0.42405062913894653 0.176980122923851
-0.2848101258277893 0.43670886754989624 0.17497774958610535
-0.2848101258277893 0.44936707615852356 0.1729164719581604
-0.2848101258277893 0.46202531456947327 0.17079631984233856
-0.2848101258277893 0.474683552980423 0.16861726343631744
-0.2848101258277893 0.4873417615890503 0.16637931764125824
-0.2848101258277893 0.5 0.16408248245716095
-0.2721518874168396 -0.5 0.16514000296592712
-0.2721518874168396 -0.4873417615890503 0.16745446622371674
-0.2721518874168396 -0.474683552980423 0.16970957815647125
-0.2721518874168396 -0.46202531456947327 0.17190535366535187
-0.2721518874168396 -0.44936707615852356 0.1740417778491974
-0.2721518874168396 -0.43670886754989624 0.176118865609169
-0.2721518874168396 -0.42405062913894653 0.17813660204410553
-0.2721518874168396 -0.4113923907279968 0.18009498715400696
-0.2721518874168396 -0.3987341821193695 0.18199403584003448
-0.2721518874168396 -0.3860759437084198 0.18383373320102692
-0.2721518874168396 -0.3734177350997925 0.18561409413814545
-0.2721518874168396 -0.3607594966888428 0.18733510375022888
-0.2721518874168396 -0.34810125827789307 0.18899676203727722
-0.2721518874168396 -0.33544304966926575 0.19059908390045166
-0.2721518874168396 -0.32278481125831604 0.1921420693397522
-0.2721518874168396 -0.31012657284736633 0.19362568855285645
-0.2721518874168396 -0.297468364238739 0.1950499713420868
-0.2721518874168396 -0.2848101258277893 0.19641491770744324
-0.2721518874168396 -0.2721518874168396 0.1977205127477646
-0.2721518874168396 -0.2594936788082123 0.19896675646305084
-0.2721518874168396 -0.24683544039726257 0.2001536637544632
-0.2721518874168396 -0.23417721688747406 0.20128121972084045
-0.2721518874168396 -0.22151899337768555 0.2023494392633438
-0.2721518874168396 -0.20886075496673584 0.20335830748081207
-0.2721518874168396 -0.19620253145694733 0.20430782437324524
-0.2721518874168396 -0.1835443079471588 0.2051980048418045
-0.2721518874168396 -0.1708860695362091 0.20602883398532867
-0.2721518874168396 -0.1582278460264206 0.20680032670497894
-0.2721518874168396 -0.14556962251663208 0.20751246809959412
-0.2721518874168396 -0.13291139900684357 0.2081652581691742
-0.2721518874168396 -0.12025316804647446 0.20875871181488037
-0.2721518874168396 -0.10759493708610535 0.20929282903671265
-0.2721518874168396 -0.09493670612573624 0.20976758003234863
-0.2721518874168396 -0.08227848261594772 0.21018299460411072
-0.2721518874168396 -0.06962025165557861 0.2105390727519989
-0.2721518874168396 -0.0569620244204998 0.210835799574852
-0.2721518874168396 -0.04430379718542099 0.21107317507266998
-0.2721518874168396 -0.03164556995034218 0.21125121414661407
-0.2721518874168396 -0.018987340852618217 0.21136990189552307
-0.2721518874168396 -0.006329114083200693 0.21142925322055817
-0.2721518874168396 0.006329114083200693 0.21142925322055817
-0.2721518874168396 0.018987340852618217 0.21136990189552307
-0.2721518874168396 0.03164556995034218 0.21125121414661407
-0.2721518874168396 0.04430379718542099 0.21107317507266998
-0.2721518874168396 0.0569620244204998 0.210835799574852
-0.2721518874168396 0.06962025165557861 0.2105390727519989
-0.2721518874168396 0.08227848261594772 0.21018299460411072
-0.2721518874168396 0.09493670612573624 0.20976758003234863
-0.2721518874168396 0.10759493708610535 0.20929282903671265
-0.2721518874168396 0.12025316804647446 0.20875871181488037
-0.2721518874168396 0.13291139900684357 0.2081652581691742
-0.2721518874168396 0.14556962251663208 0.20751246809959412
-0.2721518874168396 0.1582278460264206 0.20680032670497894
-0.2721518874168396 0.1708860695362091 0.20602883398532867
-0.2721518874168396 0.1835443079471588 0.2051980048418045
-0.2721518874168396 0.19620253145694733 0.20430782437324524
-0.2721518874168396 0.20886075496673584 0.20335830748081207
-0.2721518874168396 0.22151899337768555 0.2023494392633438
-0.2721518874168396 0.23417721688747406 0.20128121972084045
-0.2721518874168396 0.24683544039726257 0.2001536637544632
-0.2721518874168396 0.2594936788082123 0.19896675646305084
-0.2721518874168396 0.2721518874168396 0.1977205127477646
-0.2721518874168396 0.2848101258277893 0.19641491770744324
-0.2721518874168396 0.297468364238739 0.1950499713420868
-0.2721518874168396 0.31012657284736633 0.19362568855285645
-0.2721518874168396 0.32278481125831604 0.1921420693397522
-0.2721518874168396 0.33544304966926575 0.19059908390045166
-0.2721518874168396 0.34810125827789307 0.18899676203727722
-0.2721518874168396 0.3607594966888428 0.18733510375022888
-0.2721518874168396 0.3734177350997925 0.18561409413814545
-0.2721518874168396 0.3860759437084198 0.18383373320102692
-0.2721518874168396 0.3987341821193695 0.18199403584003448
-0.2721518874168396 0.4113923907279968 0.18009498715400696
-0.2721518874168396 0.42405062913894653 0.17813660204410553
-0.2721518874168396 0.43670886754989624 0.176118865609169
-0.2721518874168396 0.44936707615852356 0.1740417778491974
-0.2721518874168396 0.46202531456947327 0.17190535366535187
-0.2721518874168396 0.474683552980423 0.16970957815647125
-0.2721518874168396 0.4873417615890503 0.16745446622371674
-0.2721518874168396 0.5 0.16514000296592712
-0.2594936788082123 -0.5 0.16614945232868195
-0.2594936788082123 -0.4873417615890503 0.1684807389974594
-0.2594936788082123 -0.474683552980423 0.17075224220752716
-0.2594936788082123 -0.46202531456947327 0.1729639768600464
-0.2594936788082123 -0.44936707615852356 0.1751159280538559
-0.2594936788082123 -0.43670886754989624 0.17720811069011688
-0.2594936788082123 -0.42405062913894653 0.17924050986766815
-0.2594936788082123 -0.4113923907279968 0.1812131404876709
-0.2594936788082123 -0.3987341821193695 0.18312598764896393
-0.2594936788082123 -0.3860759437084198 0.18497905135154724
-0.2594936788082123 -0.3734177350997925 0.18677234649658203
-0.2594936788082123 -0.3607594966888428 0.1885058730840683
-0.2594936788082123 -0.34810125827789307 0.19017961621284485
-0.2594936788082123 -0.33544304966926575 0.19179357588291168
-0.2594936788082123 -0.32278481125831604 0.19334776699543
-0.2594936788082123 -0.31012657284736633 0.1948421746492386
-0.2594936788082123 -0.297468364238739 0.19627681374549866
-0.2594936788082123 -0.2848101258277893 0.1976516842842102
-0.2594936788082123 -0.2721518874168396 0.19896675646305084
-0.2594936788082123 -0.2594936788082123 0.20022207498550415
-0.2594936788082123 -0.24683544039726257 0.20141759514808655
-0.2594936788082123 -0.23417721688747406 0.20255334675312042
-0.2594936788082123 -0.22151899337768555 0.20362932980060577
-0.2594936788082123 -0.20886075496673584 0.2046455293893814
-0.2594936788082123 -0.19620253145694733 0.20560196042060852
-0.2594936788082123 -0.1835443079471588 0.20649860799312592
-0.2594936788082123 -0.1708860695362091 0.2073354721069336
-0.2594936788082123 -0.1582278460264206 0.20811256766319275
-0.2594936788082123 -0.14556962251663208 0.2088298797607422
-0.2594936788082123 -0.13291139900684357 0.2094874233007431
-0.2594936788082123 -0.12025316804647446 0.2100851982831955
-0.2594936788082123 -0.10759493708610535 0.21062317490577698
-0.2594936788082123 -0.09493670612573624 0.21110139787197113
-0.2594936788082123 -0.08227848261594772 0.21151982247829437
-0.2594936788082123 -0.06962025165557861 0.21187849342823029
-0.2594936788082123 -0.0569620244204998 0.2121773660182953
-0.2594936788082123 -0.04430379718542099 0.21241647005081177
-0.2594936788082123 -0.03164556995034218 0.21259580552577972
-0.2594936788082123 -0.018987340852618217 0.21271535754203796
-0.2594936788082123 -0.006329114083200693 0.21277514100074768
-0.2594936788082123 0.006329114083200693 0.21277514100074768
-0.2594936788082123 0.018987340852618217 0.21271535754203796
-0.2594936788082123 0.03164556995034218 0.21259580552577972
-0.2594936788082123 0.04430379718542099 0.21241647005081177
-0.2594936788082123 0.0569620244204998 0.2121773660182953
-0.2594936788082123 0.06962025165557861 0.21187849342823029
-0.2594936788082123 0.08227848261594772 0.21151982247829437
-0.2594936788082123 0.09493670612573624 0.21110139787197113
-0.2594936788082123 0.10759493708610535 0.21062317490577698
-0.2594936788082123 0.12025316804647446 0.2100851982831955
-0.2594936788082123 0.13291139900684357 0.2094874233007431
-0.2594936788082123 0.14556962251663208 0.2088298797607422
-0.2594936788082123 0.1582278460264206 0.20811256766319275
-0.2594936788082123 0.1708860695362091 0.2073354721069336
-0.2594936788082123 0.1835443079471588 0.20649860799312592
-0.2594936788082123 0.19620253145694733 0.20560196042060852
-0.2594936788082123 0.20886075496673584 0.2046455293893814
-0.2594936788082123 0.22151899337768555 0.20362932980060577
-0.2594936788082123 0.23417721688747406 0.20255334675312042
-0.2594936788082123 0.24683544039726257 0.20141759514808655
-0.2594936788082123 0.2594936788082123 0.20022207498550415
-0.2594936788082123 0.2721518874168396 0.19896675646305084
-0.2594936788082123 0.2848101258277893 0.1976516842842102
-0.2594936788082123 0.297468364238739 0.19627681374549866
-0.2594936788082123 0.31012657284736633 0.1948421746492386
-0.2594936788082123 0.32278481125831604 0.19334776699543
-0.2594936788082123 0.33544304966926575 0.19179357588291168
-0.2594936788082123 0.34810125827789307 0.19017961621284485
-0.2594936788082123 0.3607594966888428 0.1885058730840683
-0.2594936788082123 0.3734177350997925 0.18677234649658203
-0.2594936788082123 0.3860759437084198 0.18497905135154724
-0.2594936788082123 0.3987341821193695 0.18312598764896393
-0.2594936788082123 0.4113923907279968 0.1812131404876709
-0.2594936788082123 0.42405062913894653 0.17924050986766815
-0.2594936788082123 0.43670886754989624 0.17720811069011688
-0.2594936788082123 0.44936707615852356 0.1751159280538559
-0.2594936788082123 0.46202531456947327 0.1729639768600464
-0.2594936788082123 0.474683552980423 0.17075224220752716
-0.2594936788082123 0.4873417615890503 0.1684807389974594
-0.2594936788082123 0.5 0.16614945232868195
-0.24683544039726257 -0.5 0.1671108454465866
-0.24683544039726257 -0.4873417615890503 0.16945815086364746
-0.24683544039726257 -0.474683552980423 0.17174525558948517
-0.24683544039726257 -0.46202531456947327 0.17397218942642212
-0.24683544039726257 -0.44936707615852356 0.17613893747329712
-0.24683544039726257 -0.43670886754989624 0.17824548482894897
-0.24683544039726257 -0.42405062913894653 0.18029186129570007
-0.24683544039726257 -0.4113923907279968 0.18227803707122803
-0.24683544039726257 -0.3987341821193695 0.18420402705669403
-0.24683544039726257 -0.3860759437084198 0.18606983125209808
-0.24683544039726257 -0.3734177350997925 0.18787544965744019
-0.24683544039726257 -0.3607594966888428 0.18962088227272034
-0.24683544039726257 -0.34810125827789307 0.19130612909793854
-0.24683544039726257 -0.33544304966926575 0.1929311901330948
-0.24683544039726257 -0.32278481125831604 0.1944960653781891
-0.24683544039726257 -0.31012657284736633 0.19600073993206024
-0.24683544039726257 -0.297468364238739 0.19744524359703064
-0.24683544039726257 -0.2848101258277893 0.1988295465707779
-0.24683544039726257 -0.2721518874168396 0.2001536637544632
-0.24683544039726257 -0.2594936788082123 0.20141759514808655
-0.24683544039726257 -0.24683544039726257 0.20262134075164795
-0.24683544039726257 -0.23417721688747406 0.2037649005651474
-0.24683544039726257 -0.22151899337768555 0.2048482745885849
-0.24683544039726257 -0.20886075496673584 0.20587146282196045
-0.24683544039726257 -0.19620253145694733 0.20683445036411285
-0.24683544039726257 -0.1835443079471588 0.2077372670173645
-0.24683544039726257 -0.1708860695362091 0.208579882979393
-0.24683544039726257 -0.1582278460264206 0.20936232805252075
-0.24683544039726257 -0.14556962251663208 0.21008457243442535
-0.24683544039726257 -0.13291139900684357 0.210746631026268
-0.24683544039726257 -0.12025316804647446 0.2113485038280487
-0.24683544039726257 -0.10759493708610535 0.21189019083976746
-0.24683544039726257 -0.09493670612573624 0.21237169206142426
-0.24683544039726257 -0.08227848261594772 0.2127929925918579
-0.24683544039726257 -0.06962025165557861 0.2131541222333908
-0.24683544039726257 -0.0569620244204998 0.21345505118370056
-0.24683544039726257 -0.04430379718542099 0.21369580924510956
-0.24683544039726257 -0.03164556995034218 0.2138763666152954
-0.24683544039726257 -0.018987340852618217 0.2139967381954193
-0.24683544039726257 -0.006329114083200693 0.21405692398548126
-0.24683544039726257 0.006329114083200693 0.21405692398548126
-0.24683544039726257 0.018987340852618217 0.2139967381954193
-0.24683544039726257 0.03164556995034218 0.2138763666152954
-0.24683544039726257 0.04430379718542099 0.21369580924510956
-0.24683544039726257 0.0569620244204998 0.21345505118370056
-0.24683544039726257 0.06962025165557861 0.2131541222333908
-0.24683544039726257 0.08227848261594772 0.2127929925918579
-0.24683544039726257 0.09493670612573624 0.21237169206142426
-0.24683544039726257 0.10759493708610535 0.21189019083976746
-0.24683544039726257 0.12025316804647446 0.2113485038280487
-0.24683544039726257 0.13291139900684357 0.210746631026268
-0.24683544039726257 0.14556962251663208 0.21008457243442535
-0.24683544039726257 0.1582278460264206 0.20936232805252075
-0.24683544039726257 0.1708860695362091 0.208579882979393
-0.24683544039726257 0.1835443079471588 0.2077372670173645
-0.24683544039726257 0.19620253145694733 0.20683445036411285
-0.24683544039726257 0.20886075496673584 0.20587146282196045
-0.24683544039726257 0.22151899337768555 0.2048482745885849
-0.24683544039726257 0.23417721688747406 0.2037649005651474
-0.24683544039726257 0.24683544039726257 0.20262134075164795
-0.24683544039726257 0.2594936788082123 0.20141759514808655
-0.24683544039726257 0.2721518874168396 0.2001536637544632
-0.24683544039726257 0.2848101258277893 0.1988295465707779
-0.24683544039726257 0.297468364238739 0.19744524359703064
-0.24683544039726257 0.31012657284736633 0.19600073993206024
-0.24683544039726257 0.32278481125831604 0.1944960653781891
-0.24683544039726257 0.33544304966926575 0.1929311901330948
-0.24683544039726257 0.34810125827789307 0.19130612909793854
-0.24683544039726257 0.3607594966888428 0.18962088227272034
-0.24683544039726257 0.3734177350997925 0.18787544965744019
-0.24683544039726257 0.3860759437084198 0.18606983125209808
-0.24683544039726257 0.3987341821193695 0.18420402705669403
-0.24683544039726257 0.4113923907279968 0.18227803707122803
-0.24683544039726257 0.42405062913894653 0.18029186129570007
-0.24683544039726257 0.43670886754989624 0.17824548482894897
-0.24683544039726257 0.44936707615852356 0.17613893747329712
-0.24683544039726257 0.46202531456947327 0.17397218942642212
-0.24683544039726257 0.474683552980423 0.17174525558948517
-0.24683544039726257 0.4873417615890503 0.16945815086364746
-0.24683544039726257 0.5 0.1671108454465866
-0.23417721688747406 -0.5 0.16802415251731873
-0.23417721688747406 -0.4873417615890503 0.1703866720199585
-0.23417721688747406 -0.474683552980423 0.17268861830234528
-0.23417721688747406 -0.46202531456947327 0.17492999136447906
-0.23417721688747406 -0.44936707615852356 0.17711079120635986
-0.23417721688747406 -0.43670886754989624 0.17923100292682648
-0.23417721688747406 -0.42405062913894653 0.1812906414270401
-0.23417721688747406 -0.4113923907279968 0.18328969180583954
-0.23417721688747406 -0.3987341821193695 0.185228168964386
-0.23417721688747406 -0.3860759437084198 0.18710607290267944
-0.23417721688747406 -0.3734177350997925 0.1889234036207199
-0.23417721688747406 -0.3607594966888428 0.19068016111850739
-0.23417721688747406 -0.34810125827789307 0.19237633049488068
-0.23417721688747406 -0.33544304966926575 0.19401191174983978
-0.23417721688747406 -0.32278481125831604 0.1955869346857071
-0.23417721688747406 -0.31012657284736633 0.19710136950016022
-0.23417721688747406 -0.297468364238739 0.19855523109436035
-0.23417721688747406 -0.2848101258277893 0.1999485194683075
-0.23417721688747406 -0.2721518874168396 0.20128121972084045
-0.23417721688747406 -0.2594936788082123 0.20255334675312042
-0.23417721688747406 -0.24683544039726257 0.2037649005651474
-0.23417721688747406 -0.23417721688747406 0.2049158811569214
-0.23417721688747406 -0.22151899337768555 0.2060062736272812
-0.23417721688747406 -0.20886075496673584 0.207036092877388
-0.23417721688747406 -0.19620253145694733 0.20800532400608063
-0.23417721688747406 -0.1835443079471588 0.20891399681568146
-0.23417721688747406 -0.1708860695362091 0.2097620815038681
-0.23417721688747406 -0.1582278460264206 0.21054959297180176
-0.23417721688747406 -0.14556962251663208 0.21127651631832123
-0.23417721688747406 -0.13291139900684357 0.2119428664445877
-0.23417721688747406 -0.12025316804647446 0.2125486433506012
-0.23417721688747406 -0.10759493708610535 0.2130938470363617
-0.23417721688747406 -0.09493670612573624 0.213578462600708
-0.23417721688747406 -0.08227848261594772 0.21400250494480133
-0.23417721688747406 -0.06962025165557861 0.21436597406864166
-0.23417721688747406 -0.0569620244204998 0.2146688550710678
-0.23417721688747406 -0.04430379718542099 0.21491116285324097
-0.23417721688747406 -0.03164556995034218 0.21509289741516113
-0.23417721688747406 -0.018987340852618217 0.2152140587568283
-0.23417721688747406 -0.006329114083200693 0.2152746319770813
-0.23417721688747406 0.006329114083200693 0.2152746319770813
-0.23417721688747406 0.018987340852618217 0.2152140587568283
-0.23417721688747406 0.03164556995034218 0.21509289741516113
-0.23417721688747406 0.04430379718542099 0.21491116285324097
-0.23417721688747406 0.0569620244204998 0.2146688550710678
-0.23417721688747406 0.06962025165557861 0.21436597406864166
-0.23417721688747406 0.08227848261594772 0.21400250494480133
-0.23417721688747406 0.09493670612573624 0.213578462600708
-0.23417721688747406 0.10759493708610535 0.2130938470363617
-0.23417721688747406 0.12025316804647446 0.2125486433506012
-0.23417721688747406 0.13291139900684357 0.2119428664445877
-0.23417721688747406 0.14556962251663208 0.21127651631832123
-0.23417721688747406 0.1582278460264206 0.21054959297180176
-0.23417721688747406 0.1708860695362091 0.2097620815038681
-0.23417721688747406 0.1835443079471588 0.20891399681568146
-0.23417721688747406 0.19620253145694733 0.20800532400608063
-0.23417721688747406 0.20886075496673584 0.207036092877388
-0.23417721688747406 0.22151899337768555 0.2060062736272812
-0.23417721688747406 0.23417721688747406 0.2049158811569214
-0.23417721688747406 0.24683544039726257 0.2037649005651474
-0.23417721688747406 0.2594936788082123 0.20255334675312042
-0.23417721688747406 0.2721518874168396 0.20128121972084045
-0.23417721688747406 0.2848101258277893 0.1999485194683075
-0.23417721688747406 0.297468364238739 0.19855523109436035
-0.23417721688747406 0.31012657284736633 0.19710136950016022
-0.23417721688747406 0.32278481125831604 0.1955869346857071
-0.23417721688747406 0.33544304966926575 0.19401191174983978
-0.23417721688747406 0.34810125827789307 0.19237633049488068
-0.23417721688747406 0.3607594966888428 0.19068016111850739
-0.23417721688747406 0.3734177350997925 0.1889234036207199
-0.23417721688747406 0.3860759437084198 0.18710607290267944
-0.23417721688747406 0.3987341821193695 0.185228168964386
-0.23417721688747406 0.4113923907279968 0.18328969180583954
-0.23417721688747406 0.42405062913894653 0.1812906414270401
-0.23417721688747406 0.43670886754989624 0.17923100292682648
-0.23417721688747406 0.44936707615852356 0.17711079120635986
-0.23417721688747406 0.46202531456947327 0.17492999136447906
-0.23417721688747406 0.474683552980423 0.17268861830234528
-0.23417721688747406 0.4873417615890503 0.1703866720199585
-0.23417721688747406 0.5 0.16802415251731873
-0.22151899337768555 -0.5 0.16888940334320068
-0.22151899337768555 -0.4873417615890503 0.1712663471698761
-0.22151899337768555 -0.474683552980423 0.17358234524726868
-0.22151899337768555 -0.46202531456947327 0.17583738267421722
-0.22151899337768555 -0.44936707615852356 0.17803148925304413
-0.22151899337768555 -0.43670886754989624 0.180164635181427
-0.22151899337768555 -0.42405062913894653 0.18223685026168823
-0.22151899337768555 -0.4113923907279968 0.18424810469150543
-0.22151899337768555 -0.3987341821193695 0.1861984133720398
-0.22151899337768555 -0.3860759437084198 0.18808777630329132
-0.22151899337768555 -0.3734177350997925 0.18991619348526
-0.22151899337768555 -0.3607594966888428 0.19168366491794586
-0.22151899337768555 -0.34810125827789307 0.19339019060134888
-0.22151899337768555 -0.33544304966926575 0.19503577053546906
-0.22151899337768555 -0.32278481125831604 0.1966203898191452
-0.22151899337768555 -0.31012657284736633 0.1981440782546997
-0.22151899337768555 -0.297468364238739 0.19960680603981018
-0.22151899337768555 -0.2848101258277893 0.201008602976799
-0.22151899337768555 -0.2721518874168396 0.2023494392633438
-0.22151899337768555 -0.2594936788082123 0.20362932980060577
-0.22151899337768555 -0.24683544039726257 0.2048482745885849
-0.22151899337768555 -0.23417721688747406 0.2060062736272812
-0.22151899337768555 -0.22151899337768555 0.20710332691669464
-0.22151899337768555 -0.20886075496673584 0.20813941955566406
-0.22151899337768555 -0.19620253145694733 0.20911458134651184
-0.22151899337768555 -0.1835443079471588 0.2100287824869156
-0.22151899337768555 -0.1708860695362091 0.2108820527791977
-0.22151899337768555 -0.1582278460264206 0.21167436242103577
-0.22151899337768555 -0.14556962251663208 0.212405726313591
-0.22151899337768555 -0.13291139900684357 0.2130761444568634
-0.22151899337768555 -0.12025316804647446 0.21368561685085297
-0.22151899337768555 -0.10759493708610535 0.2142341434955597
-0.22151899337768555 -0.09493670612573624 0.21472172439098358
-0.22151899337768555 -0.08227848261594772 0.21514835953712463
-0.22151899337768555 -0.06962025165557861 0.21551403403282166
-0.22151899337768555 -0.0569620244204998 0.21581877768039703
-0.22151899337768555 -0.04430379718542099 0.21606256067752838
-0.22151899337768555 -0.03164556995034218 0.21624541282653809
-0.22151899337768555 -0.018987340852618217 0.21636730432510376
-0.22151899337768555 -0.006329114083200693 0.2164282500743866
-0.22151899337768555 0.006329114083200693 0.2164282500743866
-0.22151899337768555 0.018987340852618217 0.21636730432510376
-0.22151899337768555 0.03164556995034218 0.21624541282653809
-0.22151899337768555 0.04430379718542099 0.21606256067752838
-0.22151899337768555 0.0569620244204998 0.21581877768039703
-0.22151899337768555 0.06962025165557861 0.21551403403282166
-0.22151899337768555 0.08227848261594772 0.21514835953712463
-0.22151899337768555 0.09493670612573624 0.21472172439098358
-0.22151899337768555 0.10759493708610535 0.2142341434955597
-0.22151899337768555 0.12025316804647446 0.21368561685085297
-0.22151899337768555 0.13291139900684357 0.2130761444568634
-0.22151899337768555 0.14556962251663208 0.212405726313591
-0.22151899337768555 0.1582278460264206 0.21167436242103577
-0.22151899337768555 0.1708860695362091 0.2108820527791977
-0.22151899337768555 0.1835443079471588 0.2100287824869156
-0.22151899337768555 0.19620253145694733 0.20911458134651184
-0.22151899337768555 0.20886075496673584 0.20813941955566406
-0.22151899337768555 0.22151899337768555 0.20710332691669464
-0.22151899337768555 0.23417721688747406 0.2060062736272812
-0.22151899337768555 0.24683544039726257 0.2048482745885849
-0.22151899337768555 0.2594936788082123 0.20362932980060577
-0.22151899337768555 0.2721518874168396 0.2023494392633438
-0.22151899337768555 0.2848101258277893 0.201008602976799
-0.22151899337768555 0.297468364238739 0.19960680603981018
-0.22151899337768555 0.31012657284736633 0.1981440782546997
-0.22151899337768555 0.32278481125831604 0.1966203898191452
-0.22151899337768555 0.33544304966926575 0.19503577053546906
-0.22151899337768555 0.34810125827789307 0.19339019060134888
-0.22151899337768555 0.3607594966888428 0.19168366491794586
-0.22151899337768555 0.3734177350997925 0.18991619348526
-0.22151899337768555 0.3860759437084198 0.18808777630329132
-0.22151899337768555 0.3987341821193695 0.1861984133720398
-0.22151899337768555 0.4113923907279968 0.18424810469150543
-0.22151899337768555 0.42405062913894653 0.18223685026168823
-0.22151899337768555 0.43670886754989624 0.180164635181427
-0.22151899337768555 0.44936707615852356 0.17803148925304413
-0.22151899337768555 0.46202531456947327 0.17583738267421722
-0.22151899337768555 0.474683552980423 0.17358234524726868
-0.22151899337768555 0.4873417615890503 0.1712663471698761
-0.22151899337768555 0.5 0.16888940334320068
-0.20886075496673584 -0.5 0.1697065830230713
-0.20886075496673584 -0.4873417615890503 0.1720971316099167
-0.20886075496673584 -0.474683552980423 0.17442640662193298
-0.20886075496673584 -0.46202531456947327 0.1766943633556366
-0.20886075496673584 -0.44936707615852356 0.17890103161334991
-0.20886075496673584 -0.43670886754989624 0.18104641139507294
-0.20886075496673584 -0.42405062913894653 0.18313048779964447
-0.20886075496673584 -0.4113923907279968 0.1851532757282257
-0.20886075496673584 -0.3987341821193695 0.18711476027965546
-0.20886075496673584 -0.3860759437084198 0.18901494145393372
-0.20886075496673584 -0.3734177350997925 0.19085383415222168
-0.20886075496673584 -0.3607594966888428 0.19263143837451935
-0.20886075496673584 -0.34810125827789307 0.19434773921966553
-0.20886075496673584 -0.33544304966926575 0.19600273668766022
-0.20886075496673584 -0.32278481125831604 0.1975964456796646
-0.20886075496673584 -0.31012657284736633 0.19912885129451752
-0.20886075496673584 -0.297468364238739 0.20059996843338013
-0.20886075496673584 -0.2848101258277893 0.20200978219509125
-0.20886075496673584 -0.2721518874168396 0.20335830748081207
-0.20886075496673584 -0.2594936788082123 0.2046455293893814
-0.20886075496673584 -0.24683544039726257 0.20587146282196045
-0.20886075496673584 -0.23417721688747406 0.207036092877388
-0.20886075496673584 -0.22151899337768555 0.20813941955566406
-0.20886075496673584 -0.20886075496673584 0.20918145775794983
-0.20886075496673584 -0.19620253145694733 0.2101622074842453
-0.20886075496673584 -0.1835443079471588 0.21108165383338928
-0.20886075496673584 -0.1708860695362091 0.21193979680538177
-0.20886075496673584 -0.1582278460264206 0.21273665130138397
-0.20886075496673584 -0.14556962251663208 0.21347221732139587
-0.20886075496673584 -0.13291139900684357 0.2141464799642563
-0.20886075496673584 -0.12025316804647446 0.2147594392299652
-0.20886075496673584 -0.10759493708610535 0.21531111001968384
-0.20886075496673584 -0.09493670612573624 0.21580147743225098
-0.20886075496673584 -0.08227848261594772 0.21623055636882782
-0.20886075496673584 -0.06962025165557861 0.21659833192825317
-0.20886075496673584 -0.0569620244204998 0.21690480411052704
-0.20886075496673584 -0.04430379718542099 0.2171500027179718
-0.20886075496673584 -0.03164556995034218 0.21733388304710388
-0.20886075496673584 -0.018987340852618217 0.21745647490024567
-0.20886075496673584 -0.006329114083200693 0.21751777827739716
-0.20886075496673584 0.006329114083200693 0.21751777827739716
-0.20886075496673584 0.018987340852618217 0.21745647490024567
-0.20886075496673584 0.03164556995034218 0.21733388304710388
-0.20886075496673584 0.04430379718542099 0.2171500027179718
-0.20886075496673584 0.0569620244204998 0.21690480411052704
-0.20886075496673584 0.06962025165557861 0.21659833192825317
-0.20886075496673584 0.08227848261594772 0.21623055636882782
-0.20886075496673584 0.09493670612573624 0.21580147743225098
-0.20886075496673584 0.10759493708610535 0.21531111001968384
-0.20886075496673584 0.12025316804647446 0.2147594392299652
-0.20886075496673584 0.13291139900684357 0.2141464799642563
-0.20886075496673584 0.14556962251663208 0.21347221732139587
-0.20886075496673584 0.1582278460264206 0.21273665130138397
-0.20886075496673584 0.1708860695362091 0.21193979680538177
-0.20886075496673584 0.1835443079471588 0.21108165383338928
-0.20886075496673584 0.19620253145694733 0.2101622074842453
-0.20886075496673584 0.20886075496673584 0.20918145775794983
-0.20886075496673584 0.22151899337768555 0.20813941955566406
-0.20886075496673584 0.23417721688747406 0.207036092877388
-0.20886075496673584 0.24683544039726257 0.20587146282196045
-0.20886075496673584 0.2594936788082123 0.2046455293893814
-0.20886075496673584 0.2721518874168396 0.20335830748081207
-0.20886075496673584 0.2848101258277893 0.20200978219509125
-0.20886075496673584 0.297468364238739 0.20059996843338013
-0.20886075496673584 0.31012657284736633 0.19912885129451752
-0.20886075496673584 0.32278481125831604 0.1975964456796646
-0.20886075496673584 0.33544304966926575 0.19600273668766022
-0.20886075496673584 0.34810125827789307 0.19434773921966553
-0.20886075496673584 0.3607594966888428 0.19263143837451935
-0.20886075496673584 0.3734177350997925 0.19085383415222168
-0.20886075496673584 0.3860759437084198 0.18901494145393372
-0.20886075496673584 0.3987341821193695 0.18711476027965546
-0.20886075496673584 0.4113923907279968 0.1851532757282257
-0.20886075496673584 0.42405062913894653 0.18313048779964447
-0.20886075496673584 0.43670886754989624 0.18104641139507294
-0.20886075496673584 0.44936707615852356 0.17890103161334991
-0.20886075496673584 0.46202531456947327 0.1766943633556366
-0.20886075496673584 0.474683552980423 0.17442640662193298
-0.20886075496673584 0.4873417615890503 0.1720971316099167
-0.20886075496673584 0.5 0.1697065830230713
-0.19620253145694733 -0.5 0.17047569155693054
-0.19620253145694733 -0.4873417615890503 0.17287905514240265
-0.19620253145694733 -0.474683552980423 0.1752208173274994
-0.19620253145694733 -0.46202531456947327 0.17750093340873718
-0.19620253145694733 -0.44936707615852356 0.17971943318843842
-0.19620253145694733 -0.43670886754989624 0.1818763166666031
-0.19620253145694733 -0.42405062913894653 0.18397156894207
-0.19620253145694733 -0.4113923907279968 0.18600519001483917
-0.19620253145694733 -0.3987341821193695 0.18797719478607178
-0.19620253145694733 -0.3860759437084198 0.18988756835460663
-0.19620253145694733 -0.3734177350997925 0.19173632562160492
-0.19620253145694733 -0.3607594966888428 0.19352345168590546
-0.19620253145694733 -0.34810125827789307 0.19524894654750824
-0.19620253145694733 -0.33544304966926575 0.19691282510757446
-0.19620253145694733 -0.32278481125831604 0.19851507246494293
-0.19620253145694733 -0.31012657284736633 0.20005570352077484
-0.19620253145694733 -0.297468364238739 0.201534703373909
-0.19620253145694733 -0.2848101258277893 0.2029520720243454
-0.19620253145694733 -0.2721518874168396 0.20430782437324524
-0.19620253145694733 -0.2594936788082123 0.20560196042060852
-0.19620253145694733 -0.24683544039726257 0.20683445036411285
-0.19620253145694733 -0.23417721688747406 0.20800532400608063
-0.19620253145694733 -0.22151899337768555 0.20911458134651184
-0.19620253145694733 -0.20886075496673584 0.2101622074842453
-0.19620253145694733 -0.19620253145694733 0.211148202419281
-0.19620253145694733 -0.1835443079471588 0.21207258105278015
-0.19620253145694733 -0.1708860695362091 0.21293532848358154
-0.19620253145694733 -0.1582278460264206 0.21373645961284637
-0.19620253145694733 -0.14556962251663208 0.21447595953941345
-0.19620253145694733 -0.13291139900684357 0.21515382826328278
-0.19620253145694733 -0.12025316804647446 0.21577008068561554
-0.19620253145694733 -0.10759493708610535 0.21632471680641174
-0.19620253145694733 -0.09493670612573624 0.216817706823349
-0.19620253145694733 -0.08227848261594772 0.2172490805387497
-0.19620253145694733 -0.06962025165557861 0.21761883795261383
-0.19620253145694733 -0.0569620244204998 0.2179269641637802
-0.19620253145694733 -0.04430379718542099 0.21817345917224884
-0.19620253145694733 -0.03164556995034218 0.2183583378791809
-0.19620253145694733 -0.018987340852618217 0.21848158538341522
-0.19620253145694733 -0.006329114083200693 0.21854321658611298
-0.19620253145694733 0.006329114083200693 0.21854321658611298
-0.19620253145694733 0.018987340852618217 0.21848158538341522
-0.19620253145694733 0.03164556995034218 0.2183583378791809
-0.19620253145694733 0.04430379718542099 0.21817345917224884
-0.19620253145694733 0.0569620244204998 0.2179269641637802
-0.19620253145694733 0.06962025165557861 0.21761883795261383
-0.19620253145694733 0.08227848261594772 0.2172490805387497
-0.19620253145694733 0.09493670612573624 0.216817706823349
-0.19620253145694733 0.10759493708610535 0.21632471680641174
-0.19620253145694733 0.12025316804647446 0.21577008068561554
-0.19620253145694733 0.13291139900684357 0.21515382826328278
-0.19620253145694733 0.14556962251663208 0.21447595953941345
-0.19620253145694733 0.1582278460264206 0.21373645961284637
-0.19620253145694733 0.1708860695362091 0.21293532848358154
-0.19620253145694733 0.1835443079471588 0.21207258105278015
-0.19620253145694733 0.19620253145694733 0.211148202419281
-0.19620253145694733 0.20886075496673584 0.2101622074842453
-0.19620253145694733 0.22151899337768555 0.20911458134651184
-0.19620253145694733 0.23417721688747406 0.20800532400608063
-0.19620253145694733 0.24683544039726257 0.20683445036411285
-0.19620253145694733 0.2594936788082123 0.20560196042060852
-0.19620253145694733 0.2721518874168396 0.20430782437324524
-0.19620253145694733 0.2848101258277893 0.2029520720243454
-0.19620253145694733 0.297468364238739 0.201534703373909
-0.19620253145694733 0.31012657284736633 0.20005570352077484
-0.19620253145694733 0.32278481125831604 0.19851507246494293
-0.19620253145694733 0.33544304966926575 0.19691282510757446
-0.19620253145694733 0.34810125827789307 0.19524894654750824
-0.19620253145694733 0.3607594966888428 0.19352345168590546
-0.19620253145694733 0.3734177350997925 0.19173632562160492
-0.19620253145694733 0.3860759437084198 0.18988756835460663
-0.19620253145694733 0.3987341821193695 0.18797719478607178
-0.19620253145694733 0.4113923907279968 0.18600519001483917
-0.19620253145694733 0.42405062913894653 0.18397156894207
-0.19620253145694733 0.43670886754989624 0.1818763166666031
-0.19620253145694733 0.44936707615852356 0.17971943318843842
-0.19620253145694733 0.46202531456947327 0.17750093340873718
-0.19620253145694733 0.474683552980423 0.1752208173274994
-0.19620253145694733 0.4873417615890503 0.17287905514240265
-0.19620253145694733 0.5 0.17047569155693054
-0.1835443079471588 -0.5 0.17119672894477844
-0.1835443079471588 -0.4873417615890503 0.17361211776733398
-0.1835443079471588 -0.474683552980423 0.1759655773639679
-0.1835443079471588 -0.46202531456947327 0.17825709283351898
-0.1835443079471588 -0.44936707615852356 0.18048669397830963
-0.1835443079471588 -0.43670886754989624 0.18265435099601746
-0.1835443079471588 -0.42405062913894653 0.18476007878780365
-0.1835443079471588 -0.4113923907279968 0.18680386245250702
-0.1835443079471588 -0.3987341821193695 0.18878573179244995
-0.1835443079471588 -0.3860759437084198 0.19070565700531006
-0.1835443079471588 -0.3734177350997925 0.19256365299224854
-0.1835443079471588 -0.3607594966888428 0.1943597048521042
-0.1835443079471588 -0.34810125827789307 0.1960938423871994
-0.1835443079471588 -0.33544304966926575 0.1977660357952118
-0.1835443079471588 -0.32278481125831604 0.19937629997730255
-0.1835443079471588 -0.31012657284736633 0.20092462003231049
-0.1835443079471588 -0.297468364238739 0.2024110108613968
-0.1835443079471588 -0.2848101258277893 0.20383547246456146
-0.1835443079471588 -0.2721518874168396 0.2051980048418045
-0.1835443079471588 -0.2594936788082123 0.20649860799312592
-0.1835443079471588 -0.24683544039726257 0.2077372670173645
-0.1835443079471588 -0.23417721688747406 0.20891399681568146
-0.1835443079471588 -0.22151899337768555 0.2100287824869156
-0.1835443079471588 -0.20886075496673584 0.21108165383338928
-0.1835443079471588 -0.19620253145694733 0.21207258105278015
-0.1835443079471588 -0.1835443079471588 0.2130015790462494
-0.1835443079471588 -0.1708860695362091 0.213868647813797
-0.1835443079471588 -0.1582278460264206 0.21467377245426178
-0.1835443079471588 -0.14556962251663208 0.21541696786880493
-0.1835443079471588 -0.13291139900684357 0.21609823405742645
-0.1835443079471588 -0.12025316804647446 0.21671757102012634
-0.1835443079471588 -0.10759493708610535 0.2172749638557434
-0.1835443079471588 -0.09493670612573624 0.21777042746543884
-0.1835443079471588 -0.08227848261594772 0.21820396184921265
-0.1835443079471588 -0.06962025165557861 0.21857556700706482
-0.1835443079471588 -0.0569620244204998 0.21888522803783417
-0.1835443079471588 -0.04430379718542099 0.21913295984268188
-0.1835443079471588 -0.03164556995034218 0.21931876242160797
-0.1835443079471588 -0.018987340852618217 0.21944262087345123
-0.1835443079471588 -0.006329114083200693 0.21950455009937286
-0.1835443079471588 0.006329114083200693 0.21950455009937286
-0.1835443079471588 0.018987340852618217 0.21944262087345123
-0.1835443079471588 0.03164556995034218 0.21931876242160797
-0.1835443079471588 0.04430379718542099 0.21913295984268188
-0.1835443079471588 0.0569620244204998 0.21888522803783417
-0.1835443079471588 0.06962025165557861 0.21857556700706482
-0.1835443079471588 0.08227848261594772 0.21820396184921265
-0.1835443079471588 0.09493670612573624 0.21777042746543884
-0.1835443079471588 0.10759493708610535 0.2172749638557434
-0.1835443079471588 0.12025316804647446 0.21671757102012634
-0.1835443079471588 0.13291139900684357 0.21609823405742645
-0.1835443079471588 0.14556962251663208 0.21541696786880493
-0.1835443079471588 0.1582278460264206 0.21467377245426178
-0.1835443079471588 0.1708860695362091 0.213868647813797
-0.1835443079471588 0.1835443079471588 0.2130015790462494
-0.1835443079471588 0.19620253145694733 0.21207258105278015
-0.1835443079471588 0.20886075496673584 0.21108165383338928
-0.1835443079471588 0.22151899337768555 0.2100287824869156
-0.1835443079471588 0.23417721688747406 0.20891399681568146
-0.1835443079471588 0.24683544039726257 0.2077372670173645
-0.1835443079471588 0.2594936788082123 0.20649860799312592
-0.1835443079471588 0.2721518874168396 0.2051980048418045
-0.1835443079471588 0.2848101258277893 0.20383547246456146
-0.1835443079471588 0.297468364238739 0.2024110108613968
-0.1835443079471588 0.31012657284736633 0.20092462003231049
-0.1835443079471588 0.32278481125831604 0.19937629997730255
-0.1835443079471588 0.33544304966926575 0.1977660357952118
-0.1835443079471588 0.34810125827789307 0.1960938423871994
-0.1835443079471588 0.3607594966888428 0.1943597048521042
-0.1835443079471588 0.3734177350997925 0.19256365299224854
-0.1835443079471588 0.3860759437084198 0.19070565700531006
-0.1835443079471588 0.3987341821193695 0.18878573179244995
-0.1835443079471588 0.4113923907279968 0.18680386245250702
-0.1835443079471588 0.42405062913894653 0.18476007878780365
-0.1835443079471588 0.43670886754989624 0.18265435099601746
-0.1835443079471588 0.44936707615852356 0.18048669397830963
-0.1835443079471588 0.46202531456947327 0.17825709283351898
-0.1835443079471588 0.474683552980423 0.1759655773639679
-0.1835443079471588 0.4873417615890503 0.17361211776733398
-0.1835443079471588 0.5 0.17119672894477844
-0.1708860695362091 -0.5 0.171869695186615
-0.1708860695362091 -0.4873417615890503 0.1742963045835495
-0.1708860695362091 -0.474683552980423 0.1766606867313385
-0.1708860695362091 -0.46202531456947327 0.178962841629982
-0.1708860695362091 -0.44936707615852356 0.18120279908180237
-0.1708860695362091 -0.43670886754989624 0.18338051438331604
-0.1708860695362091 -0.42405062913894653 0.1854960173368454
-0.1708860695362091 -0.4113923907279968 0.18754930794239044
-0.1708860695362091 -0.3987341821193695 0.18954035639762878
-0.1708860695362091 -0.3860759437084198 0.191469207406044
-0.1708860695362091 -0.3734177350997925 0.19333581626415253
-0.1708860695362091 -0.3607594966888428 0.19514022767543793
-0.1708860695362091 -0.34810125827789307 0.19688239693641663
-0.1708860695362091 -0.33544304966926575 0.198562353849411
-0.1708860695362091 -0.32278481125831604 0.20018009841442108
-0.1708860695362091 -0.31012657284736633 0.20173561573028564
-0.1708860695362091 -0.297468364238739 0.2032289057970047
-0.1708860695362091 -0.2848101258277893 0.20465998351573944
-0.1708860695362091 -0.2721518874168396 0.20602883398532867
-0.1708860695362091 -0.2594936788082123 0.2073354721069336
-0.1708860695362091 -0.24683544039726257 0.208579882979393
-0.1708860695362091 -0.23417721688747406 0.2097620815038681
-0.1708860695362091 -0.22151899337768555 0.2108820527791977
-0.1708860695362091 -0.20886075496673584 0.21193979680538177
-0.1708860695362091 -0.19620253145694733 0.21293532848358154
-0.1708860695362091 -0.1835443079471588 0.213868647813797
-0.1708860695362091 -0.1708860695362091 0.21473972499370575
-0.1708860695362091 -0.1582278460264206 0.21554860472679138
-0.1708860695362091 -0.14556962251663208 0.2162952423095703
-0.1708860695362091 -0.13291139900684357 0.21697968244552612
-0.1708860695362091 -0.12025316804647446 0.21760188043117523
-0.1708860695362091 -0.10759493708610535 0.21816186606884003
-0.1708860695362091 -0.09493670612573624 0.2186596393585205
-0.1708860695362091 -0.08227848261594772 0.21909518539905548
-0.1708860695362091 -0.06962025165557861 0.21946850419044495
-0.1708860695362091 -0.0569620244204998 0.2197796106338501
-0.1708860695362091 -0.04430379718542099 0.22002848982810974
-0.1708860695362091 -0.03164556995034218 0.22021515667438507
-0.1708860695362091 -0.018987340852618217 0.2203395962715149
-0.1708860695362091 -0.006329114083200693 0.2204018086194992
-0.1708860695362091 0.006329114083200693 0.2204018086194992
-0.1708860695362091 0.018987340852618217 0.2203395962715149
-0.1708860695362091 0.03164556995034218 0.22021515667438507
-0.1708860695362091 0.04430379718542099 0.22002848982810974
-0.1708860695362091 0.0569620244204998 0.2197796106338501
-0.1708860695362091 0.06962025165557861 0.21946850419044495
-0.1708860695362091 0.08227848261594772 0.21909518539905548
-0.1708860695362091 0.09493670612573624 0.2186596393585205
-0.1708860695362091 0.10759493708610535 0.21816186606884003
-0.1708860695362091 0.12025316804647446 0.21760188043117523
-0.1708860695362091 0.13291139900684357 0.21697968244552612
-0.1708860695362091 0.14556962251663208 0.2162952423095703
-0.1708860695362091 0.1582278460264206 0.21554860472679138
-0.1708860695362091 0.1708860695362091 0.21473972499370575
-0.1708860695362091 0.1835443079471588 0.213868647813797
-0.1708860695362091 0.19620253145694733 0.21293532848358154
-0.1708860695362091 0.20886075496673584 0.21193979680538177
-0.1708860695362091 0.22151899337768555 0.2108820527791977
-0.1708860695362091 0.23417721688747406 0.2097620815038681
-0.1708860695362091 0.24683544039726257 0.208579882979393
-0.1708860695362091 0.2594936788082123 0.2073354721069336
-0.1708860695362091 0.2721518874168396 0.20602883398532867
-0.1708860695362091 0.2848101258277893 0.20465998351573944
-0.1708860695362091 0.297468364238739 0.2032289057970047
-0.1708860695362091 0.31012657284736633 0.20173561573028564
-0.1708860695362091 0.32278481125831604 0.20018009841442108
-0.1708860695362091 0.33544304966926575 0.198562353849411
-0.1708860695362091 0.34810125827789307 0.19688239693641663
-0.1708860695362091 0.3607594966888428 0.19514022767543793
-0.1708860695362091 0.3734177350997925 0.19333581626415253
-0.1708860695362091 0.3860759437084198 0.191469207406044
-0.1708860695362091 0.3987341821193695 0.18954035639762878
-0.1708860695362091 0.4113923907279968 0.18754930794239044
-0.1708860695362091 0.42405062913894653 0.1854960173368454
-0.1708860695362091 0.43670886754989624 0.18338051438331604
-0.1708860695362091 0.44936707615852356 0.18120279908180237
-0.1708860695362091 0.46202531456947327 0.178962841629982
-0.1708860695362091 0.474683552980423 0.1766606867313385
-0.1708860695362091 0.4873417615890503 0.1742963045835495
-0.1708860695362091 0.5 0.171869695186615
-0.1582278460264206 -0.5 0.17249459028244019
-0.1582278460264206 -0.4873417615890503 0.1749316155910492
-0.1582278460264206 -0.474683552980423 0.1773061454296112
-0.1582278460264206 -0.46202531456947327 0.17961819469928741
-0.1582278460264206 -0.44936707615852356 0.18186774849891663
-0.1582278460264206 -0.43670886754989624 0.18405480682849884
-0.1582278460264206 -0.42405062913894653 0.18617939949035645
-0.1582278460264206 -0.4113923907279968 0.18824148178100586
-0.1582278460264206 -0.3987341821193695 0.19024109840393066
-0.1582278460264206 -0.3860759437084198 0.19217820465564728
-0.1582278460264206 -0.3734177350997925 0.19405284523963928
-0.1582278460264206 -0.3607594966888428 0.1958649903535843
-0.1582278460264206 -0.34810125827789307 0.1976146399974823
-0.1582278460264206 -0.33544304966926575 0.1993018090724945
-0.1582278460264206 -0.32278481125831604 0.20092648267745972
-0.1582278460264206 -0.31012657284736633 0.20248867571353912
-0.1582278460264206 -0.297468364238739 0.20398838818073273
-0.1582278460264206 -0.2848101258277893 0.20542559027671814
-0.1582278460264206 -0.2721518874168396 0.20680032670497894
-0.1582278460264206 -0.2594936788082123 0.20811256766319275
-0.1582278460264206 -0.24683544039726257 0.20936232805252075
-0.1582278460264206 -0.23417721688747406 0.21054959297180176
-0.1582278460264206 -0.22151899337768555 0.21167436242103577
-0.1582278460264206 -0.20886075496673584 0.21273665130138397
-0.1582278460264206 -0.19620253145694733 0.21373645961284637
-0.1582278460264206 -0.1835443079471588 0.21467377245426178
-0.1582278460264206 -0.1708860695362091 0.21554860472679138
-0.1582278460264206 -0.1582278460264206 0.216360941529274
-0.1582278460264206 -0.14556962251663208 0.2171107977628708
-0.1582278460264206 -0.13291139900684357 0.2177981585264206
-0.1582278460264206 -0.12025316804647446 0.2184230387210846
-0.1582278460264206 -0.10759493708610535 0.2189854234457016
-0.1582278460264206 -0.09493670612573624 0.2194853276014328
-0.1582278460264206 -0.08227848261594772 0.219922736287117
-0.1582278460264206 -0.06962025165557861 0.2202976644039154
-0.1582278460264206 -0.0569620244204998 0.2206100970506668
-0.1582278460264206 -0.04430379718542099 0.2208600491285324
-0.1582278460264206 -0.03164556995034218 0.2210475206375122
-0.1582278460264206 -0.018987340852618217 0.221172496676445
-0.1582278460264206 -0.006329114083200693 0.2212349772453308
-0.1582278460264206 0.006329114083200693 0.2212349772453308
-0.1582278460264206 0.018987340852618217 0.221172496676445
-0.1582278460264206 0.03164556995034218 0.2210475206375122
-0.1582278460264206 0.04430379718542099 0.2208600491285324
-0.1582278460264206 0.0569620244204998 0.2206100970506668
-0.1582278460264206 0.06962025165557861 0.2202976644039154
-0.1582278460264206 0.08227848261594772 0.219922736287117
-0.1582278460264206 0.09493670612573624 0.2194853276014328
-0.1582278460264206 0.10759493708610535 0.2189854234457016
-0.1582278460264206 0.12025316804647446 0.2184230387210846
-0.1582278460264206 0.13291139900684357 0.2177981585264206
-0.1582278460264206 0.14556962251663208 0.2171107977628708
-0.1582278460264206 0.1582278460264206 0.216360941529274
-0.1582278460264206 0.1708860695362091 0.21554860472679138
-0.1582278460264206 0.1835443079471588 0.21467377245426178
-0.1582278460264206 0.19620253145694733 0.21373645961284637
-0.1582278460264206 0.20886075496673584 0.21273665130138397
-0.1582278460264206 0.22151899337768555 0.21167436242103577
-0.1582278460264206 0.23417721688747406 0.21054959297180176
-0.1582278460264206 0.24683544039726257 0.20936232805252075
-0.1582278460264206 0.2594936788082123 0.20811256766319275
-0.1582278460264206 0.2721518874168396 0.20680032670497894
-0.1582278460264206 0.2848101258277893 0.20542559027671814
-0.1582278460264206 0.297468364238739 0.20398838818073273
-0.1582278460264206 0.31012657284736633 0.20248867571353912
-0.1582278460264206 0.32278481125831604 0.20092648267745972
-0.1582278460264206 0.33544304966926575 0.1993018090724945
-0.1582278460264206 0.34810125827789307 0.1976146399974823
-0.1582278460264206 0.3607594966888428 0.1958649903535843
-0.1582278460264206 0.3734177350997925 0.19405284523963928
-0.1582278460264206 0.3860759437084198 0.19217820465564728
-0.1582278460264206 0.3987341821193695 0.19024109840393066
-0.1582278460264206 0.4113923907279968 0.18824148178100586
-0.1582278460264206 0.42405062913894653 0.18617939949035645
-0.1582278460264206 0.43670886754989624 0.18405480682849884
-0.1582278460264206 0.44936707615852356 0.18186774849891663
-0.1582278460264206 0.46202531456947327 0.17961819469928741
-0.1582278460264206 0.474683552980423 0.1773061454296112
-0.1582278460264206 0.4873417615890503 0.1749316155910492
-0.1582278460264206 0.5 0.17249459028244019
-0.14556962251663208 -0.5 0.17307142913341522
-0.14556962251663208 -0.4873417615890503 0.17551805078983307
-0.14556962251663208 -0.474683552980423 0.177901953458786
-0.14556962251663208 -0.46202531456947327 0.18022312223911285
-0.14556962251663208 -0.44936707615852356 0.1824815422296524
-0.14556962251663208 -0.43670886754989624 0.18467724323272705
-0.14556962251663208 -0.42405062913894653 0.1868101954460144
-0.14556962251663208 -0.4113923907279968 0.18888042867183685
-0.14556962251663208 -0.3987341821193695 0.190887913107872
-0.14556962251663208 -0.3860759437084198 0.19283267855644226
-0.14556962251663208 -0.3734177350997925 0.1947147101163864
-0.14556962251663208 -0.3607594966888428 0.19653399288654327
-0.14556962251663208 -0.34810125827789307 0.19829055666923523
-0.14556962251663208 -0.33544304966926575 0.1999843716621399
-0.14556962251663208 -0.32278481125831604 0.20161545276641846
-0.14556962251663208 -0.31012657284736633 0.20318381488323212
-0.14556962251663208 -0.297468364238739 0.20468942821025848
-0.14556962251663208 -0.2848101258277893 0.20613232254981995
-0.14556962251663208 -0.2721518874168396 0.20751246809959412
-0.14556962251663208 -0.2594936788082123 0.2088298797607422
-0.14556962251663208 -0.24683544039726257 0.21008457243442535
-0.14556962251663208 -0.23417721688747406 0.21127651631832123
-0.14556962251663208 -0.22151899337768555 0.212405726313591
-0.14556962251663208 -0.20886075496673584 0.21347221732139587
-0.14556962251663208 -0.19620253145694733 0.21447595953941345
-0.14556962251663208 -0.1835443079471588 0.21541696786880493
-0.14556962251663208 -0.1708860695362091 0.2162952423095703
-0.14556962251663208 -0.1582278460264206 0.2171107977628708
-0.14556962251663208 -0.14556962251663208 0.21786360442638397
-0.14556962251663208 -0.13291139900684357 0.21855367720127106
-0.14556962251663208 -0.12025316804647446 0.21918101608753204
-0.14556962251663208 -0.10759493708610535 0.21974562108516693
-0.14556962251663208 -0.09493670612573624 0.22024750709533691
-0.14556962251663208 -0.08227848261594772 0.2206866443157196
-0.14556962251663208 -0.06962025165557861 0.2210630476474762
-0.14556962251663208 -0.0569620244204998 0.2213767170906067
-0.14556962251663208 -0.04430379718542099 0.22162765264511108
-0.14556962251663208 -0.03164556995034218 0.22181585431098938
-0.14556962251663208 -0.018987340852618217 0.22194132208824158
-0.14556962251663208 -0.006329114083200693 0.22200405597686768
-0.14556962251663208 0.006329114083200693 0.22200405597686768
-0.14556962251663208 0.018987340852618217 0.22194132208824158
-0.14556962251663208 0.03164556995034218 0.22181585431098938
-0.14556962251663208 0.04430379718542099 0.22162765264511108
-0.14556962251663208 0.0569620244204998 0.2213767170906067
-0.14556962251663208 0.06962025165557861 0.2210630476474762
-0.14556962251663208 0.08227848261594772 0.2206866443157196
-0.14556962251663208 0.09493670612573624 0.22024750709533691
-0.14556962251663208 0.10759493708610535 0.21974562108516693
-0.14556962251663208 0.12025316804647446 0.21918101608753204
-0.14556962251663208 0.13291139900684357 0.21855367720127106
-0.14556962251663208 0.14556962251663208 0.21786360442638397
-0.14556962251663208 0.1582278460264206 0.2171107977628708
-0.14556962251663208 0.1708860695362091 0.2162952423095703
-0.14556962251663208 0.1835443079471588 0.21541696786880493
-0.14556962251663208 0.19620253145694733 0.21447595953941345
-0.14556962251663208 0.20886075496673584 0.21347221732139587
-0.14556962251663208 0.22151899337768555 0.212405726313591
-0.14556962251663208 0.23417721688747406 0.21127651631832123
-0.14556962251663208 0.24683544039726257 0.21008457243442535
-0.14556962251663208 0.2594936788082123 0.2088298797607422
-0.14556962251663208 0.2721518874168396 0.20751246809959412
-0.14556962251663208 0.2848101258277893 0.20613232254981995
-0.14556962251663208 0.297468364238739 0.20468942821025848
-0.14556962251663208 0.31012657284736633 0.20318381488323212
-0.14556962251663208 0.32278481125831604 0.20161545276641846
-0.14556962251663208 0.33544304966926575 0.1999843716621399
-0.14556962251663208 0.34810125827789307 0.19829055666923523
-0.14556962251663208 0.3607594966888428 0.19653399288654327
-0.14556962251663208 0.3734177350997925 0.1947147101163864
-0.14556962251663208 0.3860759437084198 0.19283267855644226
-0.14556962251663208 0.3987341821193695 0.190887913107872
-0.14556962251663208 0.4113923907279968 0.18888042867183685
-0.14556962251663208 0.42405062913894653 0.1868101954460144
-0.14556962251663208 0.43670886754989624 0.18467724323272705
-0.14556962251663208 0.44936707615852356 0.1824815422296524
-0.14556962251663208 0.46202531456947327 0.18022312223911285
-0.14556962251663208 0.474683552980423 0.177901953458786
-0.14556962251663208 0.4873417615890503 0.17551805078983307
-0.14556962251663208 0.5 0.17307142913341522
-0.13291139900684357 -0.5 0.1736001819372177
-0.13291139900684357 -0.4873417615890503 0.17605562508106232
-0.13291139900684357 -0.474683552980423 0.17844811081886292
-0.13291139900684357 -0.46202531456947327 0.1807776391506195
-0.13291139900684357 -0.44936707615852356 0.1830441951751709
-0.13291139900684357 -0.43670886754989624 0.18524779379367828
-0.13291139900684357 -0.42405062913894653 0.18738843500614166
-0.13291139900684357 -0.4113923907279968 0.18946611881256104
-0.13291139900684357 -0.3987341821193695 0.1914808452129364
-0.13291139900684357 -0.3860759437084198 0.19343261420726776
-0.13291139900684357 -0.3734177350997925 0.19532141089439392
-0.13291139900684357 -0.3607594966888428 0.19714725017547607
-0.13291139900684357 -0.34810125827789307 0.19891013205051422
-0.13291139900684357 -0.33544304966926575 0.20061005651950836
-0.13291139900684357 -0.32278481125831604 0.2022470235824585
-0.13291139900684357 -0.31012657284736633 0.20382101833820343
-0.13291139900684357 -0.297468364238739 0.20533205568790436
-0.13291139900684357 -0.2848101258277893 0.20678015053272247
-0.13291139900684357 -0.2721518874168396 0.2081652581691742
-0.13291139900684357 -0.2594936788082123 0.2094874233007431
-0.13291139900684357 -0.24683544039726257 0.210746631026268
-0.13291139900684357 -0.23417721688747406 0.2119428664445877
-0.13291139900684357 -0.22151899337768555 0.2130761444568634
-0.13291139900684357 -0.20886075496673584 0.2141464799642563
-0.13291139900684357 -0.19620253145694733 0.21515382826328278
-0.13291139900684357 -0.1835443079471588 0.21609823405742645
-0.13291139900684357 -0.1708860695362091 0.21697968244552612
-0.13291139900684357 -0.1582278460264206 0.2177981585264206
-0.13291139900684357 -0.14556962251663208 0.21855367720127106
-0.13291139900684357 -0.13291139900684357 0.21924623847007751
-0.13291139900684357 -0.12025316804647446 0.21987584233283997
-0.13291139900684357 -0.10759493708610535 0.22044247388839722
-0.13291139900684357 -0.09493670612573624 0.22094616293907166
-0.13291139900684357 -0.08227848261594772 0.2213868796825409
-0.13291139900684357 -0.06962025165557861 0.22176463901996613
-0.13291139900684357 -0.0569620244204998 0.22207944095134735
-0.13291139900684357 -0.04430379718542099 0.22233128547668457
-0.13291139900684357 -0.03164556995034218 0.2225201576948166
-0.13291139900684357 -0.018987340852618217 0.2226460874080658
-0.13291139900684357 -0.006329114083200693 0.2227090448141098
-0.13291139900684357 0.006329114083200693 0.2227090448141098
-0.13291139900684357 0.018987340852618217 0.2226460874080658
-0.13291139900684357 0.03164556995034218 0.2225201576948166
-0.13291139900684357 0.04430379718542099 0.22233128547668457
-0.13291139900684357 0.0569620244204998 0.22207944095134735
-0.13291139900684357 0.06962025165557861 0.22176463901996613
-0.13291139900684357 0.08227848261594772 0.2213868796825409
-0.13291139900684357 0.09493670612573624 0.22094616293907166
-0.13291139900684357 0.10759493708610535 0.22044247388839722
-0.13291139900684357 0.12025316804647446 0.21987584233283997
-0.13291139900684357 0.13291139900684357 0.21924623847007751
-0.13291139900684357 0.14556962251663208 0.21855367720127106
-0.13291139900684357 0.1582278460264206 0.2177981585264206
-0.13291139900684357 0.1708860695362091 0.21697968244552612
-0.13291139900684357 0.1835443079471588 0.21609823405742645
-0.13291139900684357 0.19620253145694733 0.21515382826328278
-0.13291139900684357 0.20886075496673584 0.2141464799642563
-0.13291139900684357 0.22151899337768555 0.2130761444568634
-0.13291139900684357 0.23417721688747406 0.2119428664445877
-0.13291139900684357 0.24683544039726257 0.210746631026268
-0.13291139900684357 0.2594936788082123 0.2094874233007431
-0.13291139900684357 0.2721518874168396 0.2081652581691742
-0.13291139900684357 0.2848101258277893 0.20678015053272247
-0.13291139900684357 0.297468364238739 0.20533205568790436
-0.13291139900684357 0.31012657284736633 0.20382101833820343
-0.13291139900684357 0.32278481125831604 0.2022470235824585
-0.13291139900684357 0.33544304966926575 0.20061005651950836
-0.13291139900684357 0.34810125827789307 0.19891013205051422
-0.13291139900684357 0.3607594966888428 0.19714725017547607
-0.13291139900684357 0.3734177350997925 0.19532141089439392
-0.13291139900684357 0.3860759437084198 0.19343261420726776
-0.13291139900684357 0.3987341821193695 0.1914808452129364
-0.13291139900684357 0.4113923907279968 0.18946611881256104
-0.13291139900684357 0.42405062913894653 0.18738843500614166
-0.13291139900684357 0.43670886754989624 0.18524779379367828
-0.13291139900684357 0.44936707615852356 0.1830441951751709
-0.13291139900684357 0.46202531456947327 0.1807776391506195
-0.13291139900684357 0.474683552980423 0.17844811081886292
-0.13291139900684357 0.4873417615890503 0.17605562508106232
-0.13291139900684357 0.5 0.1736001819372177
-0.12025316804647446 -0.5 0.17408087849617004
-0.12025316804647446 -0.4873417615890503 0.17654432356357574
-0.12025316804647446 -0.474683552980423 0.17894461750984192
-0.12025316804647446 -0.46202531456947327 0.18128174543380737
-0.12025316804647446 -0.44936707615852356 0.1835556924343109
-0.12025316804647446 -0.43670886754989624 0.18576648831367493
-0.12025316804647446 -0.42405062913894653 0.18791411817073822
-0.12025316804647446 -0.4113923907279968 0.1899985671043396
-0.12025316804647446 -0.3987341821193695 0.19201986491680145
-0.12025316804647446 -0.3860759437084198 0.19397799670696259
-0.12025316804647446 -0.3734177350997925 0.195872962474823
-0.12025316804647446 -0.3607594966888428 0.1977047622203827
-0.12025316804647446 -0.34810125827789307 0.19947339594364166
-0.12025316804647446 -0.33544304966926575 0.20117886364459991
-0.12025316804647446 -0.32278481125831604 0.20282116532325745
-0.12025316804647446 -0.31012657284736633 0.20440030097961426
-0.12025316804647446 -0.297468364238739 0.20591627061367035
-0.12025316804647446 -0.2848101258277893 0.20736907422542572
-0.12025316804647446 -0.2721518874168396 0.20875871181488037
-0.12025316804647446 -0.2594936788082123 0.2100851982831955
-0.12025316804647446 -0.24683544039726257 0.2113485038280487
-0.12025316804647446 -0.23417721688747406 0.2125486433506012
-0.12025316804647446 -0.22151899337768555 0.21368561685085297
-0.12025316804647446 -0.20886075496673584 0.2147594392299652
-0.12025316804647446 -0.19620253145694733 0.21577008068561554
-0.12025316804647446 -0.1835443079471588 0.21671757102012634
-0.12025316804647446 -0.1708860695362091 0.21760188043117523
-0.12025316804647446 -0.1582278460264206 0.2184230387210846
-0.12025316804647446 -0.14556962251663208 0.21918101608753204
-0.12025316804647446 -0.13291139900684357 0.21987584233283997
-0.12025316804647446 -0.12025316804647446 0.22050748765468597
-0.12025316804647446 -0.10759493708610535 0.22107598185539246
-0.12025316804647446 -0.09493670612573624 0.22158131003379822
-0.12025316804647446 -0.08227848261594772 0.22202347218990326
-0.12025316804647446 -0.06962025165557861 0.2224024534225464
-0.12025316804647446 -0.0569620244204998 0.22271828353405
-0.12025316804647446 -0.04430379718542099 0.22297094762325287
-0.12025316804647446 -0.03164556995034218 0.22316044569015503
-0.12025316804647446 -0.018987340852618217 0.22328677773475647
-0.12025316804647446 -0.006329114083200693 0.2233499437570572
-0.12025316804647446 0.006329114083200693 0.2233499437570572
-0.12025316804647446 0.018987340852618217 0.22328677773475647
-0.12025316804647446 0.03164556995034218 0.22316044569015503
-0.12025316804647446 0.04430379718542099 0.22297094762325287
-0.12025316804647446 0.0569620244204998 0.22271828353405
-0.12025316804647446 0.06962025165557861 0.2224024534225464
-0.12025316804647446 0.08227848261594772 0.22202347218990326
-0.12025316804647446 0.09493670612573624 0.22158131003379822
-0.12025316804647446 0.10759493708610535 0.22107598185539246
-0.12025316804647446 0.12025316804647446 0.22050748765468597
-0.12025316804647446 0.13291139900684357 0.21987584233283997
-0.12025316804647446 0.14556962251663208 0.21918101608753204
-0.12025316804647446 0.1582278460264206 0.2184230387210846
-0.12025316804647446 0.1708860695362091 0.21760188043117523
-0.12025316804647446 0.1835443079471588 0.21671757102012634
-0.12025316804647446 0.19620253145694733 0.21577008068561554
-0.12025316804647446 0.20886075496673584 0.2147594392299652
-0.12025316804647446 0.22151899337768555 0.21368561685085297
-0.12025316804647446 0.23417721688747406 0.2125486433506012
-0.12025316804647446 0.24683544039726257 0.2113485038280487
-0.12025316804647446 0.2594936788082123 0.2100851982831955
-0.12025316804647446 0.2721518874168396 0.20875871181488037
-0.12025316804647446 0.2848101258277893 0.20736907422542572
-0.12025316804647446 0.297468364238739 0.20591627061367035
-0.12025316804647446 0.31012657284736633 0.20440030097961426
-0.12025316804647446 0.32278481125831604 0.20282116532325745
-0.12025316804647446 0.33544304966926575 0.20117886364459991
-0.12025316804647446 0.34810125827789307 0.19947339594364166
-0.12025316804647446 0.3607594966888428 0.1977047622203827
-0.12025316804647446 0.3734177350997925 0.195872962474823
-0.12025316804647446 0.3860759437084198 0.19397799670696259
-0.12025316804647446 0.3987341821193695 0.19201986491680145
-0.12025316804647446 0.4113923907279968 0.1899985671043396
-0.12025316804647446 0.42405062913894653 0.18791411817073822
-0.12025316804647446 0.43670886754989624 0.18576648831367493
-0.12025316804647446 0.44936707615852356 0.1835556924343109
-0.12025316804647446 0.46202531456947327 0.18128174543380737
-0.12025316804647446 0.474683552980423 0.17894461750984192
-0.12025316804647446 0.4873417615890503 0.17654432356357574
-0.12025316804647446 0.5 0.17408087849617004
-0.10759493708610535 -0.5 0.17451350390911102
-0.10759493708610535 -0.4873417615890503 0.17698416113853455
-0.10759493708610535 -0.474683552980423 0.17939147353172302
-0.10759493708610535 -0.46202531456947327 0.18173544108867645
-0.10759493708610535 -0.44936707615852356 0.18401604890823364
-0.10759493708610535 -0.43670886754989624 0.1862333118915558
-0.10759493708610535 -0.42405062913894653 0.1883872151374817
-0.10759493708610535 -0.4113923907279968 0.19047777354717255
-0.10759493708610535 -0.3987341821193695 0.19250498712062836
-0.10759493708610535 -0.3860759437084198 0.19446885585784912
-0.10759493708610535 -0.3734177350997925 0.19636936485767365
-0.10759493708610535 -0.3607594966888428 0.19820651412010193
-0.10759493708610535 -0.34810125827789307 0.19998033344745636
-0.10759493708610535 -0.33544304966926575 0.20169079303741455
-0.10759493708610535 -0.32278481125831604 0.2033378928899765
-0.10759493708610535 -0.31012657284736633 0.2049216479063034
-0.10759493708610535 -0.297468364238739 0.20644205808639526
-0.10759493708610535 -0.2848101258277893 0.20789912343025208
-0.10759493708610535 -0.2721518874168396 0.20929282903671265
-0.10759493708610535 -0.2594936788082123 0.21062317490577698
-0.10759493708610535 -0.24683544039726257 0.21189019083976746
-0.10759493708610535 -0.23417721688747406 0.2130938470363617
-0.10759493708610535 -0.22151899337768555 0.2142341434955597
-0.10759493708610535 -0.20886075496673584 0.21531111001968384
-0.10759493708610535 -0.19620253145694733 0.21632471680641174
-0.10759493708610535 -0.1835443079471588 0.2172749638557434
-0.10759493708610535 -0.1708860695362091 0.21816186606884003
-0.10759493708610535 -0.1582278460264206 0.2189854234457016
-0.10759493708610535 -0.14556962251663208 0.21974562108516693
-0.10759493708610535 -0.13291139900684357 0.22044247388839722
-0.10759493708610535 -0.12025316804647446 0.22107598185539246
-0.10759493708610535 -0.10759493708610535 0.22164613008499146
-0.10759493708610535 -0.09493670612573624 0.2221529334783554
-0.10759493708610535 -0.08227848261594772 0.22259639203548431
-0.10759493708610535 -0.06962025165557861 0.22297649085521698
-0.10759493708610535 -0.0569620244204998 0.2232932448387146
-0.10759493708610535 -0.04430379718542099 0.22354663908481598
-0.10759493708610535 -0.03164556995034218 0.2237367033958435
-0.10759493708610535 -0.018987340852618217 0.2238633930683136
-0.10759493708610535 -0.006329114083200693 0.22392675280570984
-0.10759493708610535 0.006329114083200693 0.22392675280570984
-0.10759493708610535 0.018987340852618217 0.2238633930683136
-0.10759493708610535 0.03164556995034218 0.2237367033958435
-0.10759493708610535 0.04430379718542099 0.22354663908481598
-0.10759493708610535 0.0569620244204998 0.2232932448387146
-0.10759493708610535 0.06962025165557861 0.22297649085521698
-0.10759493708610535 0.08227848261594772 0.22259639203548431
-0.10759493708610535 0.09493670612573624 0.2221529334783554
-0.10759493708610535 0.10759493708610535 0.22164613008499146
-0.10759493708610535 0.12025316804647446 0.22107598185539246
-0.10759493708610535 0.13291139900684357 0.22044247388839722
-0.10759493708610535 0.14556962251663208 0.21974562108516693
-0.10759493708610535 0.1582278460264206 0.2189854234457016
-0.10759493708610535 0.1708860695362091 0.21816186606884003
-0.10759493708610535 0.1835443079471588 0.2172749638557434
-0.10759493708610535 0.19620253145694733 0.21632471680641174
-0.10759493708610535 0.20886075496673584 0.21531111001968384
-0.10759493708610535 0.22151899337768555 0.2142341434955597
-0.10759493708610535 0.23417721688747406 0.2130938470363617
-0.10759493708610535 0.24683544039726257 0.21189019083976746
-0.10759493708610535 0.2594936788082123 0.21062317490577698
-0.10759493708610535 0.2721518874168396 0.20929282903671265
-0.10759493708610535 0.2848101258277893 0.20789912343025208
-0.10759493708610535 0.297468364238739 0.20644205808639526
-0.10759493708610535 0.31012657284736633 0.2049216479063034
-0.10759493708610535 0.32278481125831604 0.2033378928899765
-0.10759493708610535 0.33544304966926575 0.20169079303741455
-0.10759493708610535 0.34810125827789307 0.19998033344745636
-0.10759493708610535 0.3607594966888428 0.19820651412010193
-0.10759493708610535 0.3734177350997925 0.19636936485767365
-0.10759493708610535 0.3860759437084198 0.19446885585784912
-0.10759493708610535 0.3987341821193695 0.19250498712062836
-0.10759493708610535 0.4113923907279968 0.19047777354717255
-0.10759493708610535 0.42405062913894653 0.1883872151374817
-0.10759493708610535 0.43670886754989624 0.1862333118915558
-0.10759493708610535 0.44936707615852356 0.18401604890823364
-0.10759493708610535 0.46202531456947327 0.18173544108867645
-0.10759493708610535 0.474683552980423 0.17939147353172302
-0.10759493708610535 0.4873417615890503 0.17698416113853455
-0.10759493708610535 0.5 0.17451350390911102
-0.09493670612573624 -0.5 0.17489805817604065
-0.09493670612573624 -0.4873417615890503 0.17737512290477753
-0.09493670612573624 -0.474683552980423 0.17978867888450623
-0.09493670612573624 -0.46202531456947327 0.18213872611522675
-0.09493670612573624 -0.44936707615852356 0.1844252496957779
-0.09493670612573624 -0.43670886754989624 0.18664826452732086
-0.09493670612573624 -0.42405062913894653 0.18880775570869446
-0.09493670612573624 -0.4113923907279968 0.19090373814105988
-0.09493670612573624 -0.3987341821193695 0.19293621182441711
-0.09493670612573624 -0.3860759437084198 0.19490516185760498
-0.09493670612573624 -0.3734177350997925 0.19681060314178467
-0.09493670612573624 -0.3607594966888428 0.19865252077579498
-0.09493670612573624 -0.34810125827789307 0.20043092966079712
-0.09493670612573624 -0.33544304966926575 0.20214582979679108
-0.09493670612573624 -0.32278481125831604 0.20379720628261566
-0.09493670612573624 -0.31012657284736633 0.20538507401943207
-0.09493670612573624 -0.297468364238739 0.2069094330072403
-0.09493670612573624 -0.2848101258277893 0.20837026834487915
-0.09493670612573624 -0.2721518874168396 0.20976758003234863
-0.09493670612573624 -0.2594936788082123 0.21110139787197113
-0.09493670612573624 -0.24683544039726257 0.21237169206142426
-0.09493670612573624 -0.23417721688747406 0.213578462600708
-0.09493670612573624 -0.22151899337768555 0.21472172439098358
-0.09493670612573624 -0.20886075496673584 0.21580147743225098
-0.09493670612573624 -0.19620253145694733 0.216817706823349
-0.09493670612573624 -0.1835443079471588 0.21777042746543884
-0.09493670612573624 -0.1708860695362091 0.2186596393585205
-0.09493670612573624 -0.1582278460264206 0.2194853276014328
-0.09493670612573624 -0.14556962251663208 0.22024750709533691
-0.09493670612573624 -0.13291139900684357 0.22094616293907166
-0.09493670612573624 -0.12025316804647446 0.22158131003379822
-0.09493670612573624 -0.10759493708610535 0.2221529334783554
-0.09493670612573624 -0.09493670612573624 0.2226610630750656
-0.09493670612573624 -0.08227848261594772 0.22310565412044525
-0.09493670612573624 -0.06962025165557861 0.2234867513179779
-0.09493670612573624 -0.0569620244204998 0.2238043248653412
-0.09493670612573624 -0.04430379718542099 0.2240583747625351
-0.09493670612573624 -0.03164556995034218 0.22424891591072083
-0.09493670612573624 -0.018987340852618217 0.22437594830989838
-0.09493670612573624 -0.006329114083200693 0.22443947196006775
-0.09493670612573624 0.006329114083200693 0.22443947196006775
-0.09493670612573624 0.018987340852618217 0.22437594830989838
-0.09493670612573624 0.03164556995034218 0.22424891591072083
-0.09493670612573624 0.04430379718542099 0.2240583747625351
-0.09493670612573624 0.0569620244204998 0.2238043248653412
-0.09493670612573624 0.06962025165557861 0.2234867513179779
-0.09493670612573624 0.08227848261594772 0.22310565412044525
-0.09493670612573624 0.09493670612573624 0.2226610630750656
-0.09493670612573624 0.10759493708610535 0.2221529334783554
-0.09493670612573624 0.12025316804647446 0.22158131003379822
-0.09493670612573624 0.13291139900684357 0.22094616293907166
-0.09493670612573624 0.14556962251663208 0.22024750709533691
-0.09493670612573624 0.1582278460264206 0.2194853276014328
-0.09493670612573624 0.1708860695362091 0.2186596393585205
-0.09493670612573624 0.1835443079471588 0.21777042746543884
-0.09493670612573624 0.19620253145694733 0.216817706823349
-0.09493670612573624 0.20886075496673584 0.21580147743225098
-0.09493670612573624 0.22151899337768555 0.21472172439098358
-0.09493670612573624 0.23417721688747406 0.213578462600708
-0.09493670612573624 0.24683544039726257 0.21237169206142426
-0.09493670612573624 0.2594936788082123 0.21110139787197113
-0.09493670612573624 0.2721518874168396 0.20976758003234863
-0.09493670612573624 0.2848101258277893 0.20837026834487915
-0.09493670612573624 0.297468364238739 0.2069094330072403
-0.09493670612573624 0.31012657284736633 0.20538507401943207
-0.09493670612573624 0.32278481125831604 0.20379720628261566
-0.09493670612573624 0.33544304966926575 0.20214582979679108
-0.09493670612573624 0.34810125827789307 0.20043092966079712
-0.09493670612573624 0.3607594966888428 0.19865252077579498
-0.09493670612573624 0.3734177350997925 0.19681060314178467
-0.09493670612573624 0.3860759437084198 0.19490516185760498
-0.09493670612573624 0.3987341821193695 0.19293621182441711
-0.09493670612573624 0.4113923907279968 0.19090373814105988
-0.09493670612573624 0.42405062913894653 0.18880775570869446
-0.09493670612573624 0.43670886754989624 0.18664826452732086
-0.09493670612573624 0.44936707615852356 0.1844252496957779
-0.09493670612573624 0.46202531456947327 0.18213872611522675
-0.09493670612573624 0.474683552980423 0.17978867888450623
-0.09493670612573624 0.4873417615890503 0.17737512290477753
-0.09493670612573624 0.5 0.17489805817604065
-0.08227848261594772 -0.5 0.17523454129695892
-0.08227848261594772 -0.4873417615890503 0.1777172088623047
-0.08227848261594772 -0.474683552980423 0.18013623356819153
-0.08227848261594772 -0.46202531456947327 0.18249160051345825
-0.08227848261594772 -0.44936707615852356 0.18478329479694366
-0.08227848261594772 -0.43670886754989624 0.18701134622097015
-0.08227848261594772 -0.42405062913894653 0.18917572498321533
-0.08227848261594772 -0.4113923907279968 0.1912764608860016
-0.08227848261594772 -0.3987341821193695 0.19331352412700653
-0.08227848261594772 -0.3860759437084198 0.19528692960739136
-0.08227848261594772 -0.3734177350997925 0.19719669222831726
-0.08227848261594772 -0.3607594966888428 0.19904278218746185
-0.08227848261594772 -0.34810125827789307 0.20082521438598633
-0.08227848261594772 -0.33544304966926575 0.20254398882389069
-0.08227848261594772 -0.32278481125831604 0.20419910550117493
-0.08227848261594772 -0.31012657284736633 0.20579057931900024
-0.08227848261594772 -0.297468364238739 0.20731838047504425
-0.08227848261594772 -0.2848101258277893 0.20878252387046814
-0.08227848261594772 -0.2721518874168396 0.21018299460411072
-0.08227848261594772 -0.2594936788082123 0.21151982247829437
-0.08227848261594772 -0.24683544039726257 0.2127929925918579
-0.08227848261594772 -0.23417721688747406 0.21400250494480133
-0.08227848261594772 -0.22151899337768555 0.21514835953712463
-0.08227848261594772 -0.20886075496673584 0.21623055636882782
-0.08227848261594772 -0.19620253145694733 0.2172490805387497
-0.08227848261594772 -0.1835443079471588 0.21820396184921265
-0.08227848261594772 -0.1708860695362091 0.21909518539905548
-0.08227848261594772 -0.1582278460264206 0.219922736287117
-0.08227848261594772 -0.14556962251663208 0.2206866443157196
-0.08227848261594772 -0.13291139900684357 0.2213868796825409
-0.08227848261594772 -0.12025316804647446 0.22202347218990326
-0.08227848261594772 -0.10759493708610535 0.22259639203548431
-0.08227848261594772 -0.09493670612573624 0.22310565412044525
-0.08227848261594772 -0.08227848261594772 0.22355127334594727
-0.08227848261594772 -0.06962025165557861 0.22393321990966797
-0.08227848261594772 -0.0569620244204998 0.22425150871276855
-0.08227848261594772 -0.04430379718542099 0.22450613975524902
-0.08227848261594772 -0.03164556995034218 0.22469711303710938
-0.08227848261594772 -0.018987340852618217 0.2248244285583496
-0.08227848261594772 -0.006329114083200693 0.22488808631896973
-0.08227848261594772 0.006329114083200693 0.22488808631896973
-0.08227848261594772 0.018987340852618217 0.2248244285583496
-0.08227848261594772 0.03164556995034218 0.22469711303710938
-0.08227848261594772 0.04430379718542099 0.22450613975524902
-0.08227848261594772 0.0569620244204998 0.22425150871276855
-0.08227848261594772 0.06962025165557861 0.22393321990966797
-0.08227848261594772 0.08227848261594772 0.22355127334594727
-0.08227848261594772 0.09493670612573624 0.22310565412044525
-0.08227848261594772 0.10759493708610535 0.22259639203548431
-0.08227848261594772 0.12025316804647446 0.22202347218990326
-0.08227848261594772 0.13291139900684357 0.2213868796825409
-0.08227848261594772 0.14556962251663208 0.2206866443157196
-0.08227848261594772 0.1582278460264206 0.219922736287117
-0.08227848261594772 0.1708860695362091 0.21909518539905548
-0.08227848261594772 0.1835443079471588 0.21820396184921265
-0.08227848261594772 0.19620253145694733 0.2172490805387497
-0.08227848261594772 0.20886075496673584 0.21623055636882782
-0.08227848261594772 0.22151899337768555 0.21514835953712463
-0.08227848261594772 0.23417721688747406 0.21400250494480133
-0.08227848261594772 0.24683544039726257 0.2127929925918579
-0.08227848261594772 0.2594936788082123 0.21151982247829437
-0.08227848261594772 0.2721518874168396 0.21018299460411072
-0.08227848261594772 0.2848101258277893 0.20878252387046814
-0.08227848261594772 0.297468364238739 0.20731838047504425
-0.08227848261594772 0.31012657284736633 0.20579057931900024
-0.08227848261594772 0.32278481125831604 0.20419910550117493
-0.08227848261594772 0.33544304966926575 0.20254398882389069
-0.08227848261594772 0.34810125827789307 0.20082521438598633
-0.08227848261594772 0.3607594966888428 0.19904278218746185
-0.08227848261594772 0.3734177350997925 0.19719669222831726
-0.08227848261594772 0.3860759437084198 0.19528692960739136
-0.08227848261594772 0.3987341821193695 0.19331352412700653
-0.08227848261594772 0.4113923907279968 0.1912764608860016
-0.08227848261594772 0.42405062913894653 0.18917572498321533
-0.08227848261594772 0.43670886754989624 0.18701134622097015
-0.08227848261594772 0.44936707615852356 0.18478329479694366
-0.08227848261594772 0.46202531456947327 0.18249160051345825
-0.08227848261594772 0.474683552980423 0.18013623356819153
-0.08227848261594772 0.4873417615890503 0.1777172088623047
-0.08227848261594772 0.5 0.17523454129695892
-0.06962025165557861 -0.5 0.17552295327186584
-0.06962025165557861 -0.4873417615890503 0.17801043391227722
-0.06962025165557861 -0.474683552980423 0.18043413758277893
-0.06962025165557861 -0.46202531456947327 0.18279406428337097
-0.06962025165557861 -0.44936707615852356 0.18509019911289215
-0.06962025165557861 -0.43670886754989624 0.18732255697250366
-0.06962025165557861 -0.42405062913894653 0.1894911378622055
-0.06962025165557861 -0.4113923907279968 0.1915959268808365
-0.06962025165557861 -0.3987341821193695 0.1936369389295578
-0.06962025165557861 -0.3860759437084198 0.19561417400836945
-0.06962025165557861 -0.3734177350997925 0.19752761721611023
-0.06962025165557861 -0.3607594966888428 0.19937728345394135
-0.06962025165557861 -0.34810125827789307 0.2011631727218628
-0.06962025165557861 -0.33544304966926575 0.20288527011871338
-0.06962025165557861 -0.32278481125831604 0.2045436054468155
-0.06962025165557861 -0.31012657284736633 0.20613813400268555
-0.06962025165557861 -0.297468364238739 0.20766890048980713
-0.06962025165557861 -0.2848101258277893 0.20913587510585785
-0.06962025165557861 -0.2721518874168396 0.2105390727519989
-0.06962025165557861 -0.2594936788082123 0.21187849342823029
-0.06962025165557861 -0.24683544039726257 0.2131541222333908
-0.06962025165557861 -0.23417721688747406 0.21436597406864166
-0.06962025165557861 -0.22151899337768555 0.21551403403282166
-0.06962025165557861 -0.20886075496673584 0.21659833192825317
-0.06962025165557861 -0.19620253145694733 0.21761883795261383
-0.06962025165557861 -0.1835443079471588 0.21857556700706482
-0.06962025165557861 -0.1708860695362091 0.21946850419044495
-0.06962025165557861 -0.1582278460264206 0.2202976644039154
-0.06962025165557861 -0.14556962251663208 0.2210630476474762
-0.06962025165557861 -0.13291139900684357 0.22176463901996613
-0.06962025165557861 -0.12025316804647446 0.2224024534225464
-0.06962025165557861 -0.10759493708610535 0.22297649085521698
-0.06962025165557861 -0.09493670612573624 0.2234867513179779
-0.06962025165557861 -0.08227848261594772 0.22393321990966797
-0.06962025165557861 -0.06962025165557861 0.22431591153144836
-0.06962025165557861 -0.0569620244204998 0.2246348112821579
-0.06962025165557861 -0.04430379718542099 0.22488994896411896
-0.06962025165557861 -0.03164556995034218 0.22508127987384796
-0.06962025165557861 -0.018987340852618217 0.2252088487148285
-0.06962025165557861 -0.006329114083200693 0.22527262568473816
-0.06962025165557861 0.006329114083200693 0.22527262568473816
-0.06962025165557861 0.018987340852618217 0.2252088487148285
-0.06962025165557861 0.03164556995034218 0.22508127987384796
-0.06962025165557861 0.04430379718542099 0.22488994896411896
-0.06962025165557861 0.0569620244204998 0.2246348112821579
-0.06962025165557861 0.06962025165557861 0.22431591153144836
-0.06962025165557861 0.08227848261594772 0.22393321990966797
-0.06962025165557861 0.09493670612573624 0.2234867513179779
-0.06962025165557861 0.10759493708610535 0.22297649085521698
-0.06962025165557861 0.12025316804647446 0.2224024534225464
-0.06962025165557861 0.13291139900684357 0.22176463901996613
-0.06962025165557861 0.14556962251663208 0.2210630476474762
-0.06962025165557861 0.1582278460264206 0.2202976644039154
-0.06962025165557861 0.1708860695362091 0.21946850419044495
-0.06962025165557861 0.1835443079471588 0.21857556700706482
-0.06962025165557861 0.19620253145694733 0.21761883795261383
-0.06962025165557861 0.20886075496673584 0.21659833192825317
-0.06962025165557861 0.22151899337768555 0.21551403403282166
-0.06962025165557861 0.23417721688747406 0.21436597406864166
-0.06962025165557861 0.24683544039726257 0.2131541222333908
-0.06962025165557861 0.2594936788082123 0.21187849342823029
-0.06962025165557861 0.2721518874168396 0.2105390727519989
-0.06962025165557861 0.2848101258277893 0.20913587510585785
-0.06962025165557861 0.297468364238739 0.20766890048980713
-0.06962025165557861 0.31012657284736633 0.20613813400268555
-0.06962025165557861 0.32278481125831604 0.2045436054468155
-0.06962025165557861 0.33544304966926575 0.20288527011871338
-0.06962025165557861 0.34810125827789307 0.2011631727218628
-0.06962025165557861 0.3607594966888428 0.19937728345394135
-0.06962025165557861 0.3734177350997925 0.19752761721611023
-0.06962025165557861 0.3860759437084198 0.19561417400836945
-0.06962025165557861 0.3987341821193695 0.1936369389295578
-0.06962025165557861 0.4113923907279968 0.1915959268808365
-0.06962025165557861 0.42405062913894653 0.1894911378622055
-0.06962025165557861 0.43670886754989624 0.18732255697250366
-0.06962025165557861 0.44936707615852356 0.18509019911289215
-0.06962025165557861 0.46202531456947327 0.18279406428337097
-0.06962025165557861 0.474683552980423 0.18043413758277893
-0.06962025165557861 0.4873417615890503 0.17801043391227722
-0.06962025165557861 0.5 0.17552295327186584
-0.0569620244204998 -0.5 0.1757632941007614
-0.0569620244204998 -0.4873417615890503 0.17825478315353394
-0.0569620244204998 -0.474683552980423 0.18068239092826843
-0.0569620244204998 -0.46202531456947327 0.1830461174249649
-0.0569620244204998 -0.44936707615852356 0.18534594774246216
-0.0569620244204998 -0.43670886754989624 0.1875818967819214
-0.0569620244204998 -0.42405062913894653 0.1897539645433426
-0.0569620244204998 -0.4113923907279968 0.19186215102672577
-0.0569620244204998 -0.3987341821193695 0.19390645623207092
-0.0569620244204998 -0.3860759437084198 0.19588686525821686
-0.0569620244204998 -0.3734177350997925 0.19780339300632477
-0.0569620244204998 -0.3607594966888428 0.19965603947639465
-0.0569620244204998 -0.34810125827789307 0.2014448046684265
-0.0569620244204998 -0.33544304966926575 0.20316967368125916
-0.0569620244204998 -0.32278481125831604 0.20483067631721497
-0.0569620244204998 -0.31012657284736633 0.20642778277397156
-0.0569620244204998 -0.297468364238739 0.20796100795269012
-0.0569620244204998 -0.2848101258277893 0.20943033695220947
-0.0569620244204998 -0.2721518874168396 0.210835799574852
-0.0569620244204998 -0.2594936788082123 0.2121773660182953
-0.0569620244204998 -0.24683544039726257 0.21345505118370056
-0.0569620244204998 -0.23417721688747406 0.2146688550710678
-0.0569620244204998 -0.22151899337768555 0.21581877768039703
-0.0569620244204998 -0.20886075496673584 0.21690480411052704
-0.0569620244204998 -0.19620253145694733 0.2179269641637802
-0.0569620244204998 -0.1835443079471588 0.21888522803783417
-0.0569620244204998 -0.1708860695362091 0.2197796106338501
-0.0569620244204998 -0.1582278460264206 0.2206100970506668
-0.0569620244204998 -0.14556962251663208 0.2213767170906067
-0.0569620244204998 -0.13291139900684357 0.22207944095134735
-0.0569620244204998 -0.12025316804647446 0.22271828353405
-0.0569620244204998 -0.10759493708610535 0.2232932448387146
-0.0569620244204998 -0.09493670612573624 0.2238043248653412
-0.0569620244204998 -0.08227848261594772 0.22425150871276855
-0.0569620244204998 -0.06962025165557861 0.2246348112821579
-0.0569620244204998 -0.0569620244204998 0.22495423257350922
-0.0569620244204998 -0.04430379718542099 0.2252097725868225
-0.0569620244204998 -0.03164556995034218 0.22540143132209778
-0.0569620244204998 -0.018987340852618217 0.22552919387817383
-0.0569620244204998 -0.006329114083200693 0.22559307515621185
-0.0569620244204998 0.006329114083200693 0.22559307515621185
-0.0569620244204998 0.018987340852618217 0.22552919387817383
-0.0569620244204998 0.03164556995034218 0.22540143132209778
-0.0569620244204998 0.04430379718542099 0.2252097725868225
-0.0569620244204998 0.0569620244204998 0.22495423257350922
-0.0569620244204998 0.06962025165557861 0.2246348112821579
-0.0569620244204998 0.08227848261594772 0.22425150871276855
-0.0569620244204998 0.09493670612573624 0.2238043248653412
-0.0569620244204998 0.10759493708610535 0.2232932448387146
-0.0569620244204998 0.12025316804647446 0.22271828353405
-0.0569620244204998 0.13291139900684357 0.22207944095134735
-0.0569620244204998 0.14556962251663208 0.2213767170906067
-0.0569620244204998 0.1582278460264206 0.2206100970506668
-0.0569620244204998 0.1708860695362091 0.2197796106338501
-0.0569620244204998 0.1835443079471588 0.21888522803783417
-0.0569620244204998 0.19620253145694733 0.2179269641637802
-0.0569620244204998 0.20886075496673584 0.21690480411052704
-0.0569620244204998 0.22151899337768555 0.21581877768039703
-0.0569620244204998 0.23417721688747406 0.2146688550710678
-0.0569620244204998 0.24683544039726257 0.21345505118370056
-0.0569620244204998 0.2594936788082123 0.2121773660182953
-0.0569620244204998 0.2721518874168396 0.210835799574852
-0.0569620244204998 0.2848101258277893 0.20943033695220947
-0.0569620244204998 0.297468364238739 0.20796100795269012
-0.0569620244204998 0.31012657284736633 0.20642778277397156
-0.0569620244204998 0.32278481125831604 0.20483067631721497
-0.0569620244204998 0.33544304966926575 0.20316967368125916
-0.0569620244204998 0.34810125827789307 0.2014448046684265
-0.0569620244204998 0.3607594966888428 0.19965603947639465
-0.0569620244204998 0.3734177350997925 0.19780339300632477
-0.0569620244204998 0.3860759437084198 0.19588686525821686
-0.0569620244204998 0.3987341821193695 0.19390645623207092
-0.0569620244204998 0.4113923907279968 0.19186215102672577
-0.0569620244204998 0.42405062913894653 0.1897539645433426
-0.0569620244204998 0.43670886754989624 0.1875818967819214
-0.0569620244204998 0.44936707615852356 0.18534594774246216
-0.0569620244204998 0.46202531456947327 0.1830461174249649
-0.0569620244204998 0.474683552980423 0.18068239092826843
-0.0569620244204998 0.4873417615890503 0.17825478315353394
-0.0569620244204998 0.5 0.1757632941007614
-0.04430379718542099 -0.5 0.17595557868480682
-0.04430379718542099 -0.4873417615890503 0.17845027148723602
-0.04430379718542099 -0.474683552980423 0.18088099360466003
-0.04430379718542099 -0.46202531456947327 0.18324775993824005
-0.04430379718542099 -0.44936707615852356 0.18555055558681488
-0.04430379718542099 -0.43670886754989624 0.18778938055038452
-0.04430379718542099 -0.42405062913894653 0.18996423482894897
-0.04430379718542099 -0.4113923907279968 0.19207513332366943
-0.04430379718542099 -0.3987341821193695 0.1941220611333847
-0.04430379718542099 -0.3860759437084198 0.1961050182580948
-0.04430379718542099 -0.3734177350997925 0.19802401959896088
-0.04430379718542099 -0.3607594966888428 0.19987905025482178
-0.04430379718542099 -0.34810125827789307 0.2016701102256775
-0.04430379718542099 -0.33544304966926575 0.20339719951152802
-0.04430379718542099 -0.32278481125831604 0.20506033301353455
-0.04430379718542099 -0.31012657284736633 0.2066594958305359
-0.04430379718542099 -0.297468364238739 0.20819468796253204
-0.04430379718542099 -0.2848101258277893 0.2096659243106842
-0.04430379718542099 -0.2721518874168396 0.21107317507266998
-0.04430379718542099 -0.2594936788082123 0.21241647005081177
-0.04430379718542099 -0.24683544039726257 0.21369580924510956
-0.04430379718542099 -0.23417721688747406 0.21491116285324097
-0.04430379718542099 -0.22151899337768555 0.21606256067752838
-0.04430379718542099 -0.20886075496673584 0.2171500027179718
-0.04430379718542099 -0.19620253145694733 0.21817345917224884
-0.04430379718542099 -0.1835443079471588 0.21913295984268188
-0.04430379718542099 -0.1708860695362091 0.22002848982810974
-0.04430379718542099 -0.1582278460264206 0.2208600491285324
-0.04430379718542099 -0.14556962251663208 0.22162765264511108
-0.04430379718542099 -0.13291139900684357 0.22233128547668457
-0.04430379718542099 -0.12025316804647446 0.22297094762325287
-0.04430379718542099 -0.10759493708610535 0.22354663908481598
-0.04430379718542099 -0.09493670612573624 0.2240583747625351
-0.04430379718542099 -0.08227848261594772 0.22450613975524902
-0.04430379718542099 -0.06962025165557861 0.22488994896411896
-0.04430379718542099 -0.0569620244204998 0.2252097725868225
-0.04430379718542099 -0.04430379718542099 0.22546564042568207
-0.04430379718542099 -0.03164556995034218 0.22565753757953644
-0.04430379718542099 -0.018987340852618217 0.22578547894954681
-0.04430379718542099 -0.006329114083200693 0.2258494347333908
-0.04430379718542099 0.006329114083200693 0.2258494347333908
-0.04430379718542099 0.018987340852618217 0.22578547894954681
-0.04430379718542099 0.03164556995034218 0.22565753757953644
-0.04430379718542099 0.04430379718542099 0.22546564042568207
-0.04430379718542099 0.0569620244204998 0.2252097725868225
-0.04430379718542099 0.06962025165557861 0.22488994896411896
-0.04430379718542099 0.08227848261594772 0.22450613975524902
-0.04430379718542099 0.09493670612573624 0.2240583747625351
-0.04430379718542099 0.10759493708610535 0.22354663908481598
-0.04430379718542099 0.12025316804647446 0.22297094762325287
-0.04430379718542099 0.13291139900684357 0.22233128547668457
-0.04430379718542099 0.14556962251663208 0.22162765264511108
-0.04430379718542099 0.1582278460264206 0.2208600491285324
-0.04430379718542099 0.1708860695362091 0.22002848982810974
-0.04430379718542099 0.1835443079471588 0.21913295984268188
-0.04430379718542099 0.19620253145694733 0.21817345917224884
-0.04430379718542099 0.20886075496673584 0.2171500027179718
-0.04430379718542099 0.22151899337768555 0.21606256067752838
-0.04430379718542099 0.23417721688747406 0.21491116285324097
-0.04430379718542099 0.24683544039726257 0.21369580924510956
-0.04430379718542099 0.2594936788082123 0.21241647005081177
-0.04430379718542099 0.2721518874168396 0.21107317507266998
-0.04430379718542099 0.2848101258277893 0.2096659243106842
-0.04430379718542099 0.297468364238739 0.20819468796253204
-0.04430379718542099 0.31012657284736633 0.2066594958305359
-0.04430379718542099 0.32278481125831604 0.20506033301353455
-0.04430379718542099 0.33544304966926575 0.20339719951152802
-0.04430379718542099 0.34810125827789307 0.2016701102256775
-0.04430379718542099 0.3607594966888428 0.19987905025482178
-0.04430379718542099 0.3734177350997925 0.19802401959896088
-0.04430379718542099 0.3860759437084198 0.1961050182580948
-0.04430379718542099 0.3987341821193695 0.1941220611333847
-0.04430379718542099 0.4113923907279968 0.19207513332366943
-0.04430379718542099 0.42405062913894653 0.18996423482894897
-0.04430379718542099 0.43670886754989624 0.18778938055038452
-0.04430379718542099 0.44936707615852356 0.18555055558681488
-0.04430379718542099 0.46202531456947327 0.18324775993824005
-0.04430379718542099 0.474683552980423 0.18088099360466003
-0.04430379718542099 0.4873417615890503 0.17845027148723602
-0.04430379718542099 0.5 0.17595557868480682
-0.03164556995034218 -0.5 0.1760997772216797
-0.03164556995034218 -0.4873417615890503 0.1785968840122223
-0.03164556995034218 -0.474683552980423 0.18102994561195374
-0.03164556995034218 -0.46202531456947327 0.1833989918231964
-0.03164556995034218 -0.44936707615852356 0.18570400774478912
-0.03164556995034218 -0.43670886754989624 0.18794497847557068
-0.03164556995034218 -0.42405062913894653 0.19012193381786346
-0.03164556995034218 -0.4113923907279968 0.19223487377166748
-0.03164556995034218 -0.3987341821193695 0.19428376853466034
-0.03164556995034218 -0.3860759437084198 0.19626863300800323
-0.03164556995034218 -0.3734177350997925 0.19818948209285736
-0.03164556995034218 -0.3607594966888428 0.20004630088806152
-0.03164556995034218 -0.34810125827789307 0.20183908939361572
-0.03164556995034218 -0.33544304966926575 0.20356784760951996
-0.03164556995034218 -0.32278481125831604 0.20523257553577423
-0.03164556995034218 -0.31012657284736633 0.20683327317237854
-0.03164556995034218 -0.297468364238739 0.20836995542049408
-0.03164556995034218 -0.2848101258277893 0.20984259247779846
-0.03164556995034218 -0.2721518874168396 0.21125121414661407
-0.03164556995034218 -0.2594936788082123 0.21259580552577972
-0.03164556995034218 -0.24683544039726257 0.2138763666152954
-0.03164556995034218 -0.23417721688747406 0.21509289741516113
-0.03164556995034218 -0.22151899337768555 0.21624541282653809
-0.03164556995034218 -0.20886075496673584 0.21733388304710388
-0.03164556995034218 -0.19620253145694733 0.2183583378791809
-0.03164556995034218 -0.1835443079471588 0.21931876242160797
-0.03164556995034218 -0.1708860695362091 0.22021515667438507
-0.03164556995034218 -0.1582278460264206 0.2210475206375122
-0.03164556995034218 -0.14556962251663208 0.22181585431098938
-0.03164556995034218 -0.13291139900684357 0.2225201576948166
-0.03164556995034218 -0.12025316804647446 0.22316044569015503
-0.03164556995034218 -0.10759493708610535 0.2237367033958435
-0.03164556995034218 -0.09493670612573624 0.22424891591072083
-0.03164556995034218 -0.08227848261594772 0.22469711303710938
-0.03164556995034218 -0.06962025165557861 0.22508127987384796
-0.03164556995034218 -0.0569620244204998 0.22540143132209778
-0.03164556995034218 -0.04430379718542099 0.22565753757953644
-0.03164556995034218 -0.03164556995034218 0.22584962844848633
-0.03164556995034218 -0.018987340852618217 0.22597767412662506
-0.03164556995034218 -0.006329114083200693 0.22604170441627502
-0.03164556995034218 0.006329114083200693 0.22604170441627502
-0.03164556995034218 0.018987340852618217 0.22597767412662506
-0.03164556995034218 0.03164556995034218 0.22584962844848633
-0.03164556995034218 0.04430379718542099 0.22565753757953644
-0.03164556995034218 0.0569620244204998 0.22540143132209778
-0.03164556995034218 0.06962025165557861 0.22508127987384796
-0.03164556995034218 0.08227848261594772 0.22469711303710938
-0.03164556995034218 0.09493670612573624 0.22424891591072083
-0.03164556995034218 0.10759493708610535 0.2237367033958435
-0.03164556995034218 0.12025316804647446 0.22316044569015503
-0.03164556995034218 0.13291139900684357 0.2225201576948166
-0.03164556995034218 0.14556962251663208 0.22181585431098938
-0.03164556995034218 0.1582278460264206 0.2210475206375122
-0.03164556995034218 0.1708860695362091 0.22021515667438507
-0.03164556995034218 0.1835443079471588 0.21931876242160797
-0.03164556995034218 0.19620253145694733 0.2183583378791809
-0.03164556995034218 0.20886075496673584 0.21733388304710388
-0.03164556995034218 0.22151899337768555 0.21624541282653809
-0.03164556995034218 0.23417721688747406 0.21509289741516113
-0.03164556995034218 0.24683544039726257 0.2138763666152954
-0.03164556995034218 0.2594936788082123 0.21259580552577972
-0.03164556995034218 0.2721518874168396 0.21125121414661407
-0.03164556995034218 0.2848101258277893 0.20984259247779846
-0.03164556995034218 0.297468364238739 0.20836995542049408
-0.03164556995034218 0.31012657284736633 0.20683327317237854
-0.03164556995034218 0.32278481125831604 0.20523257553577423
-0.03164556995034218 0.33544304966926575 0.20356784760951996
-0.03164556995034218 0.34810125827789307 0.20183908939361572
-0.03164556995034218 0.3607594966888428 0.20004630088806152
-0.03164556995034218 0.3734177350997925 0.19818948209285736
-0.03164556995034218 0.3860759437084198 0.19626863300800323
-0.03164556995034218 0.3987341821193695 0.19428376853466034
-0.03164556995034218 0.4113923907279968 0.19223487377166748
-0.03164556995034218 0.42405062913894653 0.19012193381786346
-0.03164556995034218 0.43670886754989624 0.18794497847557068
-0.03164556995034218 0.44936707615852356 0.18570400774478912
-0.03164556995034218 0.46202531456947327 0.1833989918231964
-0.03164556995034218 0.474683552980423 0.18102994561195374
-0.03164556995034218 0.4873417615890503 0.1785968840122223
-0.03164556995034218 0.5 0.1760997772216797
-0.018987340852618217 -0.5 0.1761959195137024
-0.018987340852618217 -0.4873417615890503 0.17869462072849274
-0.018987340852618217 -0.474683552980423 0.18112924695014954
-0.018987340852618217 -0.46202531456947327 0.18349981307983398
-0.018987340852618217 -0.44936707615852356 0.1858063042163849
-0.018987340852618217 -0.43670886754989624 0.18804872035980225
-0.018987340852618217 -0.42405062913894653 0.19022707641124725
-0.018987340852618217 -0.4113923907279968 0.19234135746955872
-0.018987340852618217 -0.3987341821193695 0.19439157843589783
-0.018987340852618217 -0.3860759437084198 0.1963777095079422
-0.018987340852618217 -0.3734177350997925 0.19829979538917542
-0.018987340852618217 -0.3607594966888428 0.2001577913761139
-0.018987340852618217 -0.34810125827789307 0.2019517421722412
-0.018987340852618217 -0.33544304966926575 0.2036816030740738
-0.018987340852618217 -0.32278481125831604 0.20534740388393402
-0.018987340852618217 -0.31012657284736633 0.2069491297006607
-0.018987340852618217 -0.297468364238739 0.20848679542541504
-0.018987340852618217 -0.2848101258277893 0.20996038615703583
-0.018987340852618217 -0.2721518874168396 0.21136990189552307
-0.018987340852618217 -0.2594936788082123 0.21271535754203796
-0.018987340852618217 -0.24683544039726257 0.2139967381954193
-0.018987340852618217 -0.23417721688747406 0.2152140587568283
-0.018987340852618217 -0.22151899337768555 0.21636730432510376
-0.018987340852618217 -0.20886075496673584 0.21745647490024567
-0.018987340852618217 -0.19620253145694733 0.21848158538341522
-0.018987340852618217 -0.1835443079471588 0.21944262087345123
-0.018987340852618217 -0.1708860695362091 0.2203395962715149
-0.018987340852618217 -0.1582278460264206 0.221172496676445
-0.018987340852618217 -0.14556962251663208 0.22194132208824158
-0.018987340852618217 -0.13291139900684357 0.2226460874080658
-0.018987340852618217 -0.12025316804647446 0.22328677773475647
-0.018987340852618217 -0.10759493708610535 0.2238633930683136
-0.018987340852618217 -0.09493670612573624 0.22437594830989838
-0.018987340852618217 -0.08227848261594772 0.2248244285583496
-0.018987340852618217 -0.06962025165557861 0.2252088487148285
-0.018987340852618217 -0.0569620244204998 0.22552919387817383
-0.018987340852618217 -0.04430379718542099 0.22578547894954681
-0.018987340852618217 -0.03164556995034218 0.22597767412662506
-0.018987340852618217 -0.018987340852618217 0.22610582411289215
-0.018987340852618217 -0.006329114083200693 0.2261698842048645
-0.018987340852618217 0.006329114083200693 0.2261698842048645
-0.018987340852618217 0.018987340852618217 0.22610582411289215
-0.018987340852618217 0.03164556995034218 0.22597767412662506
-0.018987340852618217 0.04430379718542099 0.22578547894954681
-0.018987340852618217 0.0569620244204998 0.22552919387817383
-0.018987340852618217 0.06962025165557861 0.2252088487148285
-0.018987340852618217 0.08227848261594772 0.2248244285583496
-0.018987340852618217 0.09493670612573624 0.22437594830989838
-0.018987340852618217 0.10759493708610535 0.2238633930683136
-0.018987340852618217 0.12025316804647446 0.22328677773475647
-0.018987340852618217 0.13291139900684357 0.2226460874080658
-0.018987340852618217 0.14556962251663208 0.22194132208824158
-0.018987340852618217 0.1582278460264206 0.221172496676445
-0.018987340852618217 0.1708860695362091 0.2203395962715149
-0.018987340852618217 0.1835443079471588 0.21944262087345123
-0.018987340852618217 0.19620253145694733 0.21848158538341522
-0.018987340852618217 0.20886075496673584 0.21745647490024567
-0.018987340852618217 0.22151899337768555 0.21636730432510376
-0.018987340852618217 0.23417721688747406 0.2152140587568283
-0.018987340852618217 0.24683544039726257 0.2139967381954193
-0.018987340852618217 0.2594936788082123 0.21271535754203796
-0.018987340852618217 0.2721518874168396 0.21136990189552307
-0.018987340852618217 0.2848101258277893 0.20996038615703583
-0.018987340852618217 0.297468364238739 0.20848679542541504
-0.018987340852618217 0.31012657284736633 0.2069491297006607
-0.018987340852618217 0.32278481125831604 0.20534740388393402
-0.018987340852618217 0.33544304966926575 0.2036816030740738
-0.018987340852618217 0.34810125827789307 0.2019517421722412
-0.018987340852618217 0.3607594966888428 0.2001577913761139
-0.018987340852618217 0.3734177350997925 0.19829979538917542
-0.018987340852618217 0.3860759437084198 0.1963777095079422
-0.018987340852618217 0.3987341821193695 0.19439157843589783
-0.018987340852618217 0.4113923907279968 0.19234135746955872
-0.018987340852618217 0.42405062913894653 0.19022707641124725
-0.018987340852618217 0.43670886754989624 0.18804872035980225
-0.018987340852618217 0.44936707615852356 0.1858063042163849
-0.018987340852618217 0.46202531456947327 0.18349981307983398
-0.018987340852618217 0.474683552980423 0.18112924695014954
-0.018987340852618217 0.4873417615890503 0.17869462072849274
-0.018987340852618217 0.5 0.1761959195137024
-0.006329114083200693 -0.5 0.17624399065971375
-0.006329114083200693 -0.4873417615890503 0.17874349653720856
-0.006329114083200693 -0.474683552980423 0.18117889761924744
-0.006329114083200693 -0.46202531456947327 0.18355022370815277
-0.006329114083200693 -0.44936707615852356 0.18585744500160217
-0.006329114083200693 -0.43670886754989624 0.18810059130191803
-0.006329114083200693 -0.42405062913894653 0.19027964770793915
-0.006329114083200693 -0.4113923907279968 0.19239459931850433
-0.006329114083200693 -0.3987341821193695 0.19444547593593597
-0.006329114083200693 -0.3860759437084198 0.19643226265907288
-0.006329114083200693 -0.3734177350997925 0.19835494458675385
-0.006329114083200693 -0.3607594966888428 0.20021355152130127
-0.006329114083200693 -0.34810125827789307 0.20200806856155396
-0.006329114083200693 -0.33544304966926575 0.2037384808063507
-0.006329114083200693 -0.32278481125831604 0.20540481805801392
-0.006329114083200693 -0.31012657284736633 0.20700706541538239
-0.006329114083200693 -0.297468364238739 0.20854520797729492
-0.006329114083200693 -0.2848101258277893 0.2100192755460739
-0.006329114083200693 -0.2721518874168396 0.21142925322055817
-0.006329114083200693 -0.2594936788082123 0.21277514100074768
-0.006329114083200693 -0.24683544039726257 0.21405692398548126
-0.006329114083200693 -0.23417721688747406 0.2152746319770813
-0.006329114083200693 -0.22151899337768555 0.2164282500743866
-0.006329114083200693 -0.20886075496673584 0.21751777827739716
-0.006329114083200693 -0.19620253145694733 0.21854321658611298
-0.006329114083200693 -0.1835443079471588 0.21950455009937286
-0.006329114083200693 -0.1708860695362091 0.2204018086194992
-0.006329114083200693 -0.1582278460264206 0.2212349772453308
-0.006329114083200693 -0.14556962251663208 0.22200405597686768
-0.006329114083200693 -0.13291139900684357 0.2227090448141098
-0.006329114083200693 -0.12025316804647446 0.2233499437570572
-0.006329114083200693 -0.10759493708610535 0.22392675280570984
-0.006329114083200693 -0.09493670612573624 0.22443947196006775
-0.006329114083200693 -0.08227848261594772 0.22488808631896973
-0.006329114083200693 -0.06962025165557861 0.22527262568473816
-0.006329114083200693 -0.0569620244204998 0.22559307515621185
-0.006329114083200693 -0.04430379718542099 0.2258494347333908
-0.006329114083200693 -0.03164556995034218 0.22604170441627502
-0.006329114083200693 -0.018987340852618217 0.2261698842048645
-0.006329114083200693 -0.006329114083200693 0.22623397409915924
-0.006329114083200693 0.006329114083200693 0.22623397409915924
-0.006329114083200693 0.018987340852618217 0.2261698842048645
-0.006329114083200693 0.03164556995034218 0.22604170441627502
-0.006329114083200693 0.04430379718542099 0.2258494347333908
-0.006329114083200693 0.0569620244204998 0.22559307515621185
-0.006329114083200693 0.06962025165557861 0.22527262568473816
-0.006329114083200693 0.08227848261594772 0.22488808631896973
-0.006329114083200693 0.09493670612573624 0.22443947196006775
-0.006329114083200693 0.10759493708610535 0.22392675280570984
-0.006329114083200693 0.12025316804647446 0.2233499437570572
-0.006329114083200693 0.13291139900684357 0.2227090448141098
-0.006329114083200693 0.14556962251663208 0.22200405597686768
-0.006329114083200693 0.1582278460264206 0.2212349772453308
-0.006329114083200693 0.1708860695362091 0.2204018086194992
-0.006329114083200693 0.1835443079471588 0.21950455009937286
-0.006329114083200693 0.19620253145694733 0.21854321658611298
-0.006329114083200693 0.20886075496673584 0.21751777827739716
-0.006329114083200693 0.22151899337768555 0.2164282500743866
-0.006329114083200693 0.23417721688747406 0.2152746319770813
-0.006329114083200693 0.24683544039726257 0.21405692398548126
-0.006329114083200693 0.2594936788082123 0.21277514100074768
-0.006329114083200693 0.2721518874168396 0.21142925322055817
-0.006329114083200693 0.2848101258277893 0.2100192755460739
-0.006329114083200693 0.297468364238739 0.20854520797729492
-0.006329114083200693 0.31012657284736633 0.20700706541538239
-0.006329114083200693 0.32278481125831604 0.20540481805801392
-0.006329114083200693 0.33544304966926575 0.2037384808063507
-0.006329114083200693 0.34810125827789307 0.20200806856155396
-0.006329114083200693 0.3607594966888428 0.20021355152130127
-0.006329114083200693 0.3734177350997925 0.19835494458675385
-0.006329114083200693 0.3860759437084198 0.19643226265907288
-0.006329114083200693 0.3987341821193695 0.19444547593593597
-0.006329114083200693 0.4113923907279968 0.19239459931850433
-0.006329114083200693 0.42405062913894653 0.19027964770793915
-0.006329114083200693 0.43670886754989624 0.18810059130191803
-0.006329114083200693 0.44936707615852356 0.18585744500160217
-0.006329114083200693 0.46202531456947327 0.18355022370815277
-0.006329114083200693 0.474683552980423 0.18117889761924744
-0.006329114083200693 0.4873417615890503 0.17874349653720856
-0.006329114083200693 0.5 0.17624399065971375
0.006329114083200693 -0.5 0.17624399065971375
0.006329114083200693 -0.4873417615890503 0.17874349653720856
0.006329114083200693 -0.474683552980423 0.18117889761924744
0.006329114083200693 -0.46202531456947327 0.18355022370815277
0.006329114083200693 -0.44936707615852356 0.18585744500160217
0.006329114083200693 -0.43670886754989624 0.18810059130191803
0.006329114083200693 -0.42405062913894653 0.19027964770793915
0.006329114083200693 -0.4113923907279968 0.19239459931850433
0.006329114083200693 -0.3987341821193695 0.19444547593593597
0.006329114083200693 -0.3860759437084198 0.19643226265907288
0.006329114083200693 -0.3734177350997925 0.19835494458675385
0.006329114083200693 -0.3607594966888428 0.20021355152130127
0.006329114083200693 -0.34810125827789307 0.20200806856155396
0.006329114083200693 -0.33544304966926575 0.2037384808063507
0.006329114083200693 -0.32278481125831604 0.20540481805801392
0.006329114083200693 -0.31012657284736633 0.20700706541538239
0.006329114083200693 -0.297468364238739 0.20854520797729492
0.006329114083200693 -0.2848101258277893 0.2100192755460739
0.006329114083200693 -0.2721518874168396 0.21142925322055817
0.006329114083200693 -0.2594936788082123 0.21277514100074768
0.006329114083200693 -0.24683544039726257 0.21405692398548126
0.006329114083200693 -0.23417721688747406 0.2152746319770813
0.006329114083200693 -0.22151899337768555 0.2164282500743866
0.006329114083200693 -0.20886075496673584 0.21751777827739716
0.006329114083200693 -0.19620253145694733 0.21854321658611298
0.006329114083200693 -0.1835443079471588 0.21950455009937286
0.006329114083200693 -0.1708860695362091 0.2204018086194992
0.006329114083200693 -0.1582278460264206 0.2212349772453308
0.006329114083200693 -0.14556962251663208 0.22200405597686768
0.006329114083200693 -0.13291139900684357 0.2227090448141098
0.006329114083200693 -0.12025316804647446 0.2233499437570572
0.006329114083200693 -0.10759493708610535 0.22392675280570984
0.006329114083200693 -0.09493670612573624 0.22443947196006775
0.006329114083200693 -0.08227848261594772 0.22488808631896973
0.006329114083200693 -0.06962025165557861 0.22527262568473816
0.006329114083200693 -0.0569620244204998 0.22559307515621185
0.006329114083200693 -0.04430379718542099 0.2258494347333908
0.006329114083200693 -0.03164556995034218 0.22604170441627502
0.006329114083200693 -0.018987340852618217 0.2261698842048645
0.006329114083200693 -0.006329114083200693 0.22623397409915924
0.006329114083200693 0.006329114083200693 0.22623397409915924
0.006329114083200693 0.018987340852618217 0.2261698842048645
0.006329114083200693 0.03164556995034218 0.22604170441627502
0.006329114083200693 0.04430379718542099 0.2258494347333908
0.006329114083200693 0.0569620244204998 0.22559307515621185
0.006329114083200693 0.06962025165557861 0.22527262568473816
0.006329114083200693 0.08227848261594772 0.22488808631896973
0.006329114083200693 0.09493670612573624 0.22443947196006775
0.006329114083200693 0.10759493708610535 0.22392675280570984
0.006329114083200693 0.12025316804647446 0.2233499437570572
0.006329114083200693 0.13291139900684357 0.2227090448141098
0.006329114083200693 0.14556962251663208 0.22200405597686768
0.006329114083200693 0.1582278460264206 0.2212349772453308
0.006329114083200693 0.1708860695362091 0.2204018086194992
0.006329114083200693 0.1835443079471588 0.21950455009937286
0.006329114083200693 0.19620253145694733 0.21854321658611298
0.006329114083200693 0.20886075496673584 0.21751777827739716
0.006329114083200693 0.22151899337768555 0.2164282500743866
0.006329114083200693 0.23417721688747406 0.2152746319770813
0.006329114083200693 0.24683544039726257 0.21405692398548126
0.006329114083200693 0.2594936788082123 0.21277514100074768
0.006329114083200693 0.2721518874168396 0.21142925322055817
0.006329114083200693 0.2848101258277893 0.2100192755460739
0.006329114083200693 0.297468364238739 0.20854520797729492
0.006329114083200693 0.31012657284736633 0.20700706541538239
0.006329114083200693 0.32278481125831604 0.20540481805801392
0.006329114083200693 0.33544304966926575 0.2037384808063507
0.006329114083200693 0.34810125827789307 0.20200806856155396
0.006329114083200693 0.3607594966888428 0.20021355152130127
0.006329114083200693 0.3734177350997925 0.19835494458675385
0.006329114083200693 0.3860759437084198 0.19643226265907288
0.006329114083200693 0.3987341821193695 0.19444547593593597
0.006329114083200693 0.4113923907279968 0.19239459931850433
0.006329114083200693 0.42405062913894653 0.19027964770793915
0.006329114083200693 0.43670886754989624 0.18810059130191803
0.006329114083200693 0.44936707615852356 0.18585744500160217
0.006329114083200693 0.46202531456947327 0.18355022370815277
0.006329114083200693 0.474683552980423 0.18117889761924744
0.006329114083200693 0.4873417615890503 0.17874349653720856
0.006329114083200693 0.5 0.17624399065971375
0.018987340852618217 -0.5 0.1761959195137024
0.018987340852618217 -0.4873417615890503 0.17869462072849274
0.018987340852618217 -0.474683552980423 0.18112924695014954
0.018987340852618217 -0.46202531456947327 0.18349981307983398
0.018987340852618217 -0.44936707615852356 0.1858063042163849
0.018987340852618217 -0.43670886754989624 0.18804872035980225
0.018987340852618217 -0.42405062913894653 0.19022707641124725
0.018987340852618217 -0.4113923907279968 0.19234135746955872
0.018987340852618217 -0.3987341821193695 0.19439157843589783
0.018987340852618217 -0.3860759437084198 0.1963777095079422
0.018987340852618217 -0.3734177350997925 0.19829979538917542
0.018987340852618217 -0.3607594966888428 0.2001577913761139
0.018987340852618217 -0.34810125827789307 0.2019517421722412
0.018987340852618217 -0.33544304966926575 0.2036816030740738
0.018987340852618217 -0.32278481125831604 0.20534740388393402
0.018987340852618217 -0.31012657284736633 0.2069491297006607
0.018987340852618217 -0.297468364238739 0.20848679542541504
0.018987340852618217 -0.2848101258277893 0.20996038615703583
0.018987340852618217 -0.2721518874168396 0.21136990189552307
0.018987340852618217 -0.2594936788082123 0.21271535754203796
0.018987340852618217 -0.24683544039726257 0.2139967381954193
0.018987340852618217 -0.23417721688747406 0.2152140587568283
0.018987340852618217 -0.22151899337768555 0.21636730432510376
0.018987340852618217 -0.20886075496673584 0.21745647490024567
0.018987340852618217 -0.19620253145694733 0.21848158538341522
0.018987340852618217 -0.1835443079471588 0.21944262087345123
0.018987340852618217 -0.1708860695362091 0.2203395962715149
0.018987340852618217 -0.1582278460264206 0.221172496676445
0.018987340852618217 -0.14556962251663208 0.22194132208824158
0.018987340852618217 -0.13291139900684357 0.2226460874080658
0.018987340852618217 -0.12025316804647446 0.22328677773475647
0.018987340852618217 -0.10759493708610535 0.2238633930683136
0.018987340852618217 -0.09493670612573624 0.22437594830989838
0.018987340852618217 -0.08227848261594772 0.2248244285583496
0.018987340852618217 -0.06962025165557861 0.2252088487148285
0.018987340852618217 -0.0569620244204998 0.22552919387817383
0.018987340852618217 -0.04430379718542099 0.22578547894954681
0.018987340852618217 -0.03164556995034218 0.22597767412662506
0.018987340852618217 -0.018987340852618217 0.22610582411289215
0.018987340852618217 -0.006329114083200693 0.2261698842048645
0.018987340852618217 0.006329114083200693 0.2261698842048645
0.018987340852618217 0.018987340852618217 0.22610582411289215
0.018987340852618217 0.03164556995034218 0.22597767412662506
0.018987340852618217 0.04430379718542099 0.22578547894954681
0.018987340852618217 0.0569620244204998 0.22552919387817383
0.018987340852618217 0.06962025165557861 0.2252088487148285
0.018987340852618217 0.08227848261594772 0.2248244285583496
0.018987340852618217 0.09493670612573624 0.22437594830989838
0.018987340852618217 0.10759493708610535 0.2238633930683136
0.018987340852618217 0.12025316804647446 0.22328677773475647
0.018987340852618217 0.13291139900684357 0.2226460874080658
0.018987340852618217 0.14556962251663208 0.22194132208824158
0.018987340852618217 0.1582278460264206 0.221172496676445
0.018987340852618217 0.1708860695362091 0.2203395962715149
0.018987340852618217 0.1835443079471588 0.21944262087345123
0.018987340852618217 0.19620253145694733 0.21848158538341522
0.018987340852618217 0.20886075496673584 0.21745647490024567
0.018987340852618217 0.22151899337768555 0.21636730432510376
0.018987340852618217 0.23417721688747406 0.2152140587568283
0.018987340852618217 0.24683544039726257 0.2139967381954193
0.018987340852618217 0.2594936788082123 0.21271535754203796
0.018987340852618217 0.2721518874168396 0.21136990189552307
0.018987340852618217 0.2848101258277893 0.20996038615703583
0.018987340852618217 0.297468364238739 0.20848679542541504
0.018987340852618217 0.31012657284736633 0.2069491297006607
0.018987340852618217 0.32278481125831604 0.20534740388393402
0.018987340852618217 0.33544304966926575 0.2036816030740738
0.018987340852618217 0.34810125827789307 0.2019517421722412
0.018987340852618217 0.3607594966888428 0.2001577913761139
0.018987340852618217 0.3734177350997925 0.19829979538917542
0.018987340852618217 0.3860759437084198 0.1963777095079422
0.018987340852618217 0.3987341821193695 0.19439157843589783
0.018987340852618217 0.4113923907279968 0.19234135746955872
0.018987340852618217 0.42405062913894653 0.19022707641124725
0.018987340852618217 0.43670886754989624 0.18804872035980225
0.018987340852618217 0.44936707615852356 0.1858063042163849
0.018987340852618217 0.46202531456947327 0.18349981307983398
0.018987340852618217 0.474683552980423 0.18112924695014954
0.018987340852618217 0.4873417615890503 0.17869462072849274
0.018987340852618217 0.5 0.1761959195137024
0.03164556995034218 -0.5 0.1760997772216797
0.03164556995034218 -0.4873417615890503 0.1785968840122223
0.03164556995034218 -0.474683552980423 0.18102994561195374
0.03164556995034218 -0.46202531456947327 0.1833989918231964
0.03164556995034218 -0.44936707615852356 0.18570400774478912
0.03164556995034218 -0.43670886754989624 0.18794497847557068
0.03164556995034218 -0.42405062913894653 0.19012193381786346
0.03164556995034218 -0.4113923907279968 0.19223487377166748
0.03164556995034218 -0.3987341821193695 0.19428376853466034
0.03164556995034218 -0.3860759437084198 0.19626863300800323
0.03164556995034218 -0.3734177350997925 0.19818948209285736
0.03164556995034218 -0.3607594966888428 0.20004630088806152
0.03164556995034218 -0.34810125827789307 0.20183908939361572
0.03164556995034218 -0.33544304966926575 0.20356784760951996
0.03164556995034218 -0.32278481125831604 0.20523257553577423
0.03164556995034218 -0.31012657284736633 0.20683327317237854
0.03164556995034218 -0.297468364238739 0.20836995542049408
0.03164556995034218 -0.2848101258277893 0.20984259247779846
0.03164556995034218 -0.2721518874168396 0.21125121414661407
0.03164556995034218 -0.2594936788082123 0.21259580552577972
0.03164556995034218 -0.24683544039726257 0.2138763666152954
0.03164556995034218 -0.23417721688747406 0.21509289741516113
0.03164556995034218 -0.22151899337768555 0.21624541282653809
0.03164556995034218 -0.20886075496673584 0.21733388304710388
0.03164556995034218 -0.19620253145694733 0.2183583378791809
0.03164556995034218 -0.1835443079471588 0.21931876242160797
0.03164556995034218 -0.1708860695362091 0.22021515667438507
0.03164556995034218 -0.1582278460264206 0.2210475206375122
0.03164556995034218 -0.14556962251663208 0.22181585431098938
0.03164556995034218 -0.13291139900684357 0.2225201576948166
0.03164556995034218 -0.12025316804647446 0.22316044569015503
0.03164556995034218 -0.10759493708610535 0.2237367033958435
0.03164556995034218 -0.09493670612573624 0.22424891591072083
0.03164556995034218 -0.08227848261594772 0.22469711303710938
0.03164556995034218 -0.06962025165557861 0.22508127987384796
0.03164556995034218 -0.0569620244204998 0.22540143132209778
0.03164556995034218 -0.04430379718542099 0.22565753757953644
0.03164556995034218 -0.03164556995034218 0.22584962844848633
0.03164556995034218 -0.018987340852618217 0.22597767412662506
0.03164556995034218 -0.006329114083200693 0.22604170441627502
0.03164556995034218 0.006329114083200693 0.22604170441627502
0.03164556995034218 0.018987340852618217 0.22597767412662506
0.03164556995034218 0.03164556995034218 0.22584962844848633
0.03164556995034218 0.04430379718542099 0.22565753757953644
0.03164556995034218 0.0569620244204998 0.22540143132209778
0.03164556995034218 0.06962025165557861 0.22508127987384796
0.03164556995034218 0.08227848261594772 0.22469711303710938
0.03164556995034218 0.09493670612573624 0.22424891591072083
0.03164556995034218 0.10759493708610535 0.2237367033958435
0.03164556995034218 0.12025316804647446 0.22316044569015503
0.03164556995034218 0.13291139900684357 0.2225201576948166
0.03164556995034218 0.14556962251663208 0.22181585431098938
0.03164556995034218 0.1582278460264206 0.2210475206375122
0.03164556995034218 0.1708860695362091 0.22021515667438507
0.03164556995034218 0.1835443079471588 0.21931876242160797
0.03164556995034218 0.19620253145694733 0.2183583378791809
0.03164556995034218 0.20886075496673584 0.21733388304710388
0.03164556995034218 0.22151899337768555 0.21624541282653809
0.03164556995034218 0.23417721688747406 0.21509289741516113
0.03164556995034218 0.24683544039726257 0.2138763666152954
0.03164556995034218 0.2594936788082123 0.21259580552577972
0.03164556995034218 0.2721518874168396 0.21125121414661407
0.03164556995034218 0.2848101258277893 0.20984259247779846
0.03164556995034218 0.297468364238739 0.20836995542049408
0.03164556995034218 0.31012657284736633 0.20683327317237854
0.03164556995034218 0.32278481125831604 0.20523257553577423
0.03164556995034218 0.33544304966926575 0.20356784760951996
0.03164556995034218 0.34810125827789307 0.20183908939361572
0.03164556995034218 0.3607594966888428 0.20004630088806152
0.03164556995034218 0.3734177350997925 0.19818948209285736
0.03164556995034218 0.3860759437084198 0.19626863300800323
0.03164556995034218 0.3987341821193695 0.19428376853466034
0.03164556995034218 0.4113923907279968 0.19223487377166748
0.03164556995034218 0.42405062913894653 0.19012193381786346
0.03164556995034218 0.43670886754989624 0.18794497847557068
0.03164556995034218 0.44936707615852356 0.18570400774478912
0.03164556995034218 0.46202531456947327 0.1833989918231964
0.03164556995034218 0.474683552980423 0.18102994561195374
0.03164556995034218 0.4873417615890503 0.1785968840122223
0.03164556995034218 0.5 0.1760997772216797
0.04430379718542099 -0.5 0.17595557868480682
0.04430379718542099 -0.4873417615890503 0.17845027148723602
0.04430379718542099 -0.474683552980423 0.18088099360466003
0.04430379718542099 -0.46202531456947327 0.18324775993824005
0.04430379718542099 -0.44936707615852356 0.18555055558681488
0.04430379718542099 -0.43670886754989624 0.18778938055038452
0.04430379718542099 -0.42405062913894653 0.18996423482894897
0.04430379718542099 -0.4113923907279968 0.19207513332366943
0.04430379718542099 -0.3987341821193695 0.1941220611333847
0.04430379718542099 -0.3860759437084198 0.1961050182580948
0.04430379718542099 -0.3734177350997925 0.19802401959896088
0.04430379718542099 -0.3607594966888428 0.19987905025482178
0.04430379718542099 -0.34810125827789307 0.2016701102256775
0.04430379718542099 -0.33544304966926575 0.20339719951152802
0.04430379718542099 -0.32278481125831604 0.20506033301353455
0.04430379718542099 -0.31012657284736633 0.2066594958305359
0.04430379718542099 -0.297468364238739 0.20819468796253204
0.04430379718542099 -0.2848101258277893 0.2096659243106842
0.04430379718542099 -0.2721518874168396 0.21107317507266998
0.04430379718542099 -0.2594936788082123 0.21241647005081177
0.04430379718542099 -0.24683544039726257 0.21369580924510956
0.04430379718542099 -0.23417721688747406 0.21491116285324097
0.04430379718542099 -0.22151899337768555 0.21606256067752838
0.04430379718542099 -0.20886075496673584 0.2171500027179718
0.04430379718542099 -0.19620253145694733 0.21817345917224884
0.04430379718542099 -0.1835443079471588 0.21913295984268188
0.04430379718542099 -0.1708860695362091 0.22002848982810974
0.04430379718542099 -0.1582278460264206 0.2208600491285324
0.04430379718542099 -0.14556962251663208 0.22162765264511108
0.04430379718542099 -0.13291139900684357 0.22233128547668457
0.04430379718542099 -0.12025316804647446 0.22297094762325287
0.04430379718542099 -0.10759493708610535 0.22354663908481598
0.04430379718542099 -0.09493670612573624 0.2240583747625351
0.04430379718542099 -0.08227848261594772 0.22450613975524902
0.04430379718542099 -0.06962025165557861 0.22488994896411896
0.04430379718542099 -0.0569620244204998 0.2252097725868225
0.04430379718542099 -0.04430379718542099 0.22546564042568207
0.04430379718542099 -0.03164556995034218 0.22565753757953644
0.04430379718542099 -0.018987340852618217 0.22578547894954681
0.04430379718542099 -0.006329114083200693 0.2258494347333908
0.04430379718542099 0.006329114083200693 0.2258494347333908
0.04430379718542099 0.018987340852618217 0.22578547894954681
0.04430379718542099 0.03164556995034218 0.22565753757953644
0.04430379718542099 0.04430379718542099 0.22546564042568207
0.04430379718542099 0.0569620244204998 0.2252097725868225
0.04430379718542099 0.06962025165557861 0.22488994896411896
0.04430379718542099 0.08227848261594772 0.22450613975524902
0.04430379718542099 0.09493670612573624 0.2240583747625351
0.04430379718542099 0.10759493708610535 0.22354663908481598
0.04430379718542099 0.12025316804647446 0.22297094762325287
0.04430379718542099 0.13291139900684357 0.22233128547668457
0.04430379718542099 0.14556962251663208 0.22162765264511108
0.04430379718542099 0.1582278460264206 0.2208600491285324
0.04430379718542099 0.1708860695362091 0.22002848982810974
0.04430379718542099 0.1835443079471588 0.21913295984268188
0.04430379718542099 0.19620253145694733 0.21817345917224884
0.04430379718542099 0.20886075496673584 0.2171500027179718
0.04430379718542099 0.22151899337768555 0.21606256067752838
0.04430379718542099 0.23417721688747406 0.21491116285324097
0.04430379718542099 0.24683544039726257 0.21369580924510956
0.04430379718542099 0.2594936788082123 0.21241647005081177
0.04430379718542099 0.2721518874168396 0.21107317507266998
0.04430379718542099 0.2848101258277893 0.2096659243106842
0.04430379718542099 0.297468364238739 0.20819468796253204
0.04430379718542099 0.31012657284736633 0.2066594958305359
0.04430379718542099 0.32278481125831604 0.20506033301353455
0.04430379718542099 0.33544304966926575 0.20339719951152802
0.04430379718542099 0.34810125827789307 0.2016701102256775
0.04430379718542099 0.3607594966888428 0.19987905025482178
0.04430379718542099 0.3734177350997925 0.19802401959896088
0.04430379718542099 0.3860759437084198 0.1961050182580948
0.04430379718542099 0.3987341821193695 0.1941220611333847
0.04430379718542099 0.4113923907279968 0.19207513332366943
0.04430379718542099 0.42405062913894653 0.18996423482894897
0.04430379718542099 0.43670886754989624 0.18778938055038452
0.04430379718542099 0.44936707615852356 0.18555055558681488
0.04430379718542099 0.46202531456947327 0.18324775993824005
0.04430379718542099 0.474683552980423 0.18088099360466003
0.04430379718542099 0.4873417615890503 0.17845027148723602
0.04430379718542099 0.5 0.17595557868480682
0.0569620244204998 -0.5 0.1757632941007614
0.0569620244204998 -0.4873417615890503 0.17825478315353394
0.0569620244204998 -0.474683552980423 0.18068239092826843
0.0569620244204998 -0.46202531456947327 0.1830461174249649
0.0569620244204998 -0.44936707615852356 0.18534594774246216
0.0569620244204998 -0.43670886754989624 0.1875818967819214
0.0569620244204998 -0.42405062913894653 0.1897539645433426
0.0569620244204998 -0.4113923907279968 0.19186215102672577
0.0569620244204998 -0.3987341821193695 0.19390645623207092
0.0569620244204998 -0.3860759437084198 0.19588686525821686
0.0569620244204998 -0.3734177350997925 0.19780339300632477
0.0569620244204998 -0.3607594966888428 0.19965603947639465
0.0569620244204998 -0.34810125827789307 0.2014448046684265
0.0569620244204998 -0.33544304966926575 0.20316967368125916
0.0569620244204998 -0.32278481125831604 0.20483067631721497
0.0569620244204998 -0.31012657284736633 0.20642778277397156
0.0569620244204998 -0.297468364238739 0.20796100795269012
0.0569620244204998 -0.2848101258277893 0.20943033695220947
0.0569620244204998 -0.2721518874168396 0.210835799574852
0.0569620244204998 -0.2594936788082123 0.2121773660182953
0.0569620244204998 -0.24683544039726257 0.21345505118370056
0.0569620244204998 -0.23417721688747406 0.2146688550710678
0.0569620244204998 -0.22151899337768555 0.21581877768039703
0.0569620244204998 -0.20886075496673584 0.21690480411052704
0.0569620244204998 -0.19620253145694733 0.2179269641637802
0.0569620244204998 -0.1835443079471588 0.21888522803783417
0.0569620244204998 -0.1708860695362091 0.2197796106338501
0.0569620244204998 -0.1582278460264206 0.2206100970506668
0.0569620244204998 -0.14556962251663208 0.2213767170906067
0.0569620244204998 -0.13291139900684357 0.22207944095134735
0.0569620244204998 -0.12025316804647446 0.22271828353405
0.0569620244204998 -0.10759493708610535 0.2232932448387146
0.0569620244204998 -0.09493670612573624 0.2238043248653412
0.0569620244204998 -0.08227848261594772 0.22425150871276855
0.0569620244204998 -0.06962025165557861 0.2246348112821579
0.0569620244204998 -0.0569620244204998 0.22495423257350922
0.0569620244204998 -0.04430379718542099 0.2252097725868225
0.0569620244204998 -0.03164556995034218 0.22540143132209778
0.0569620244204998 -0.018987340852618217 0.22552919387817383
0.0569620244204998 -0.006329114083200693 0.22559307515621185
0.0569620244204998 0.006329114083200693 0.22559307515621185
0.0569620244204998 0.018987340852618217 0.22552919387817383
0.0569620244204998 0.03164556995034218 0.22540143132209778
0.0569620244204998 0.04430379718542099 0.2252097725868225
0.0569620244204998 0.0569620244204998 0.22495423257350922
0.0569620244204998 0.06962025165557861 0.2246348112821579
0.0569620244204998 0.08227848261594772 0.22425150871276855
0.0569620244204998 0.09493670612573624 0.2238043248653412
0.0569620244204998 0.10759493708610535 0.2232932448387146
0.0569620244204998 0.12025316804647446 0.22271828353405
0.0569620244204998 0.13291139900684357 0.22207944095134735
0.0569620244204998 0.14556962251663208 0.2213767170906067
0.0569620244204998 0.1582278460264206 0.2206100970506668
0.0569620244204998 0.1708860695362091 0.2197796106338501
0.0569620244204998 0.1835443079471588 0.21888522803783417
0.0569620244204998 0.19620253145694733 0.2179269641637802
0.0569620244204998 0.20886075496673584 0.21690480411052704
0.0569620244204998 0.22151899337768555 0.21581877768039703
0.0569620244204998 0.23417721688747406 0.2146688550710678
0.0569620244204998 0.24683544039726257 0.21345505118370056
0.0569620244204998 0.2594936788082123 0.2121773660182953
0.0569620244204998 0.2721518874168396 0.210835799574852
0.0569620244204998 0.2848101258277893 0.20943033695220947
0.0569620244204998 0.297468364238739 0.20796100795269012
0.0569620244204998 0.31012657284736633 0.20642778277397156
0.0569620244204998 0.32278481125831604 0.20483067631721497
0.0569620244204998 0.33544304966926575 0.20316967368125916
0.0569620244204998 0.34810125827789307 0.2014448046684265
0.0569620244204998 0.3607594966888428 0.19965603947639465
0.0569620244204998 0.3734177350997925 0.19780339300632477
0.0569620244204998 0.3860759437084198 0.19588686525821686
0.0569620244204998 0.3987341821193695 0.19390645623207092
0.0569620244204998 0.4113923907279968 0.19186215102672577
0.0569620244204998 0.42405062913894653 0.1897539645433426
0.0569620244204998 0.43670886754989624 0.1875818967819214
0.0569620244204998 0.44936707615852356 0.18534594774246216
0.0569620244204998 0.46202531456947327 0.1830461174249649
0.0569620244204998 0.474683552980423 0.18068239092826843
0.0569620244204998 0.4873417615890503 0.17825478315353394
0.0569620244204998 0.5 0.1757632941007614
0.06962025165557861 -0.5 0.17552295327186584
0.06962025165557861 -0.4873417615890503 0.17801043391227722
0.06962025165557861 -0.474683552980423 0.18043413758277893
0.06962025165557861 -0.46202531456947327 0.18279406428337097
0.06962025165557861 -0.44936707615852356 0.18509019911289215
0.06962025165557861 -0.43670886754989624 0.18732255697250366
0.06962025165557861 -0.42405062913894653 0.1894911378622055
0.06962025165557861 -0.4113923907279968 0.1915959268808365
0.06962025165557861 -0.3987341821193695 0.1936369389295578
0.06962025165557861 -0.3860759437084198 0.19561417400836945
0.06962025165557861 -0.3734177350997925 0.19752761721611023
0.06962025165557861 -0.3607594966888428 0.19937728345394135
0.06962025165557861 -0.34810125827789307 0.2011631727218628
0.06962025165557861 -0.33544304966926575 0.20288527011871338
0.06962025165557861 -0.32278481125831604 0.2045436054468155
0.06962025165557861 -0.31012657284736633 0.20613813400268555
0.06962025165557861 -0.297468364238739 0.20766890048980713
0.06962025165557861 -0.2848101258277893 0.20913587510585785
0.06962025165557861 -0.2721518874168396 0.2105390727519989
0.06962025165557861 -0.2594936788082123 0.21187849342823029
0.06962025165557861 -0.24683544039726257 0.2131541222333908
0.06962025165557861 -0.23417721688747406 0.21436597406864166
0.06962025165557861 -0.22151899337768555 0.21551403403282166
0.06962025165557861 -0.20886075496673584 0.21659833192825317
0.06962025165557861 -0.19620253145694733 0.21761883795261383
0.06962025165557861 -0.1835443079471588 0.21857556700706482
0.06962025165557861 -0.1708860695362091 0.21946850419044495
0.06962025165557861 -0.1582278460264206 0.2202976644039154
0.06962025165557861 -0.14556962251663208 0.2210630476474762
0.06962025165557861 -0.13291139900684357 0.22176463901996613
0.06962025165557861 -0.12025316804647446 0.2224024534225464
0.06962025165557861 -0.10759493708610535 0.22297649085521698
0.06962025165557861 -0.09493670612573624 0.2234867513179779
0.06962025165557861 -0.08227848261594772 0.22393321990966797
0.06962025165557861 -0.06962025165557861 0.22431591153144836
0.06962025165557861 -0.0569620244204998 0.2246348112821579
0.06962025165557861 -0.04430379718542099 0.22488994896411896
0.06962025165557861 -0.03164556995034218 0.22508127987384796
0.06962025165557861 -0.018987340852618217 0.2252088487148285
0.06962025165557861 -0.006329114083200693 0.22527262568473816
0.06962025165557861 0.006329114083200693 0.22527262568473816
0.06962025165557861 0.018987340852618217 0.2252088487148285
0.06962025165557861 0.03164556995034218 0.22508127987384796
0.06962025165557861 0.04430379718542099 0.22488994896411896
0.06962025165557861 0.0569620244204998 0.2246348112821579
0.06962025165557861 0.06962025165557861 0.22431591153144836
0.06962025165557861 0.08227848261594772 0.22393321990966797
0.06962025165557861 0.09493670612573624 0.2234867513179779
0.06962025165557861 0.10759493708610535 0.22297649085521698
0.06962025165557861 0.12025316804647446 0.2224024534225464
0.06962025165557861 0.13291139900684357 0.22176463901996613
0.06962025165557861 0.14556962251663208 0.2210630476474762
0.06962025165557861 0.1582278460264206 0.2202976644039154
0.06962025165557861 0.1708860695362091 0.21946850419044495
0.06962025165557861 0.1835443079471588 0.21857556700706482
0.06962025165557861 0.19620253145694733 0.21761883795261383
0.06962025165557861 0.20886075496673584 0.21659833192825317
0.06962025165557861 0.22151899337768555 0.21551403403282166
0.06962025165557861 0.23417721688747406 0.21436597406864166
0.06962025165557861 0.24683544039726257 0.2131541222333908
0.06962025165557861 0.2594936788082123 0.21187849342823029
0.06962025165557861 0.2721518874168396 0.2105390727519989
0.06962025165557861 0.2848101258277893 0.20913587510585785
0.06962025165557861 0.297468364238739 0.20766890048980713
0.06962025165557861 0.31012657284736633 0.20613813400268555
0.06962025165557861 0.32278481125831604 0.2045436054468155
0.06962025165557861 0.33544304966926575 0.20288527011871338
0.06962025165557861 0.34810125827789307 0.2011631727218628
0.06962025165557861 0.3607594966888428 0.19937728345394135
0.06962025165557861 0.3734177350997925 0.19752761721611023
0.06962025165557861 0.3860759437084198 0.19561417400836945
0.06962025165557861 0.3987341821193695 0.1936369389295578
0.06962025165557861 0.4113923907279968 0.1915959268808365
0.06962025165557861 0.42405062913894653 0.1894911378622055
0.06962025165557861 0.43670886754989624 0.18732255697250366
0.06962025165557861 0.44936707615852356 0.18509019911289215
0.06962025165557861 0.46202531456947327 0.18279406428337097
0.06962025165557861 0.474683552980423 0.18043413758277893
0.06962025165557861 0.4873417615890503 0.17801043391227722
0.06962025165557861 0.5 0.17552295327186584
0.08227848261594772 -0.5 0.17523454129695892
0.08227848261594772 -0.4873417615890503 0.1777172088623047
0.08227848261594772 -0.474683552980423 0.18013623356819153
0.08227848261594772 -0.46202531456947327 0.18249160051345825
0.08227848261594772 -0.44936707615852356 0.18478329479694366
0.08227848261594772 -0.43670886754989624 0.18701134622097015
0.08227848261594772 -0.42405062913894653 0.18917572498321533
0.08227848261594772 -0.4113923907279968 0.1912764608860016
0.08227848261594772 -0.3987341821193695 0.19331352412700653
0.08227848261594772 -0.3860759437084198 0.19528692960739136
0.08227848261594772 -0.3734177350997925 0.19719669222831726
0.08227848261594772 -0.3607594966888428 0.19904278218746185
0.08227848261594772 -0.34810125827789307 0.20082521438598633
0.08227848261594772 -0.33544304966926575 0.20254398882389069
0.08227848261594772 -0.32278481125831604 0.20419910550117493
0.08227848261594772 -0.31012657284736633 0.20579057931900024
0.08227848261594772 -0.297468364238739 0.20731838047504425
0.08227848261594772 -0.2848101258277893 0.20878252387046814
0.08227848261594772 -0.2721518874168396 0.21018299460411072
0.08227848261594772 -0.2594936788082123 0.21151982247829437
0.08227848261594772 -0.24683544039726257 0.2127929925918579
0.08227848261594772 -0.23417721688747406 0.21400250494480133
0.08227848261594772 -0.22151899337768555 0.21514835953712463
0.08227848261594772 -0.20886075496673584 0.21623055636882782
0.08227848261594772 -0.19620253145694733 0.2172490805387497
0.08227848261594772 -0.1835443079471588 0.21820396184921265
0.08227848261594772 -0.1708860695362091 0.21909518539905548
0.08227848261594772 -0.1582278460264206 0.219922736287117
0.08227848261594772 -0.14556962251663208 0.2206866443157196
0.08227848261594772 -0.13291139900684357 0.2213868796825409
0.08227848261594772 -0.12025316804647446 0.22202347218990326
0.08227848261594772 -0.10759493708610535 0.22259639203548431
0.08227848261594772 -0.09493670612573624 0.22310565412044525
0.08227848261594772 -0.08227848261594772 0.22355127334594727
0.08227848261594772 -0.06962025165557861 0.22393321990966797
0.08227848261594772 -0.0569620244204998 0.22425150871276855
0.08227848261594772 -0.04430379718542099 0.22450613975524902
0.08227848261594772 -0.03164556995034218 0.22469711303710938
0.08227848261594772 -0.018987340852618217 0.2248244285583496
0.08227848261594772 -0.006329114083200693 0.22488808631896973
0.08227848261594772 0.006329114083200693 0.22488808631896973
0.08227848261594772 0.018987340852618217 0.2248244285583496
0.08227848261594772 0.03164556995034218 0.22469711303710938
0.08227848261594772 0.04430379718542099 0.22450613975524902
0.08227848261594772 0.0569620244204998 0.22425150871276855
0.08227848261594772 0.06962025165557861 0.22393321990966797
0.08227848261594772 0.08227848261594772 0.22355127334594727
0.08227848261594772 0.09493670612573624 0.22310565412044525
0.08227848261594772 0.10759493708610535 0.22259639203548431
0.08227848261594772 0.12025316804647446 0.22202347218990326
0.08227848261594772 0.13291139900684357 0.2213868796825409
0.08227848261594772 0.14556962251663208 0.2206866443157196
0.08227848261594772 0.1582278460264206 0.219922736287117
0.08227848261594772 0.1708860695362091 0.21909518539905548
0.08227848261594772 0.1835443079471588 0.21820396184921265
0.08227848261594772 0.19620253145694733 0.2172490805387497
0.08227848261594772 0.20886075496673584 0.21623055636882782
0.08227848261594772 0.22151899337768555 0.21514835953712463
0.08227848261594772 0.23417721688747406 0.21400250494480133
0.08227848261594772 0.24683544039726257 0.2127929925918579
0.08227848261594772 0.2594936788082123 0.21151982247829437
0.08227848261594772 0.2721518874168396 0.21018299460411072
0.08227848261594772 0.2848101258277893 0.20878252387046814
0.08227848261594772 0.297468364238739 0.20731838047504425
0.08227848261594772 0.31012657284736633 0.20579057931900024
0.08227848261594772 0.32278481125831604 0.20419910550117493
0.08227848261594772 0.33544304966926575 0.20254398882389069
0.08227848261594772 0.34810125827789307 0.20082521438598633
0.08227848261594772 0.3607594966888428 0.19904278218746185
0.08227848261594772 0.3734177350997925 0.19719669222831726
0.08227848261594772 0.3860759437084198 0.19528692960739136
0.08227848261594772 0.3987341821193695 0.19331352412700653
0.08227848261594772 0.4113923907279968 0.1912764608860016
0.08227848261594772 0.42405062913894653 0.18917572498321533
0.08227848261594772 0.43670886754989624 0.18701134622097015
0.08227848261594772 0.44936707615852356 0.18478329479694366
0.08227848261594772 0.46202531456947327 0.18249160051345825
0.08227848261594772 0.474683552980423 0.18013623356819153
0.08227848261594772 0.4873417615890503 0.1777172088623047
0.08227848261594772 0.5 0.17523454129695892
0.09493670612573624 -0.5 0.17489805817604065
0.09493670612573624 -0.4873417615890503 0.17737512290477753
0.09493670612573624 -0.474683552980423 0.17978867888450623
0.09493670612573624 -0.46202531456947327 0.18213872611522675
0.09493670612573624 -0.44936707615852356 0.1844252496957779
0.09493670612573624 -0.43670886754989624 0.18664826452732086
0.09493670612573624 -0.42405062913894653 0.18880775570869446
0.09493670612573624 -0.4113923907279968 0.19090373814105988
0.09493670612573624 -0.3987341821193695 0.19293621182441711
0.09493670612573624 -0.3860759437084198 0.19490516185760498
0.09493670612573624 -0.3734177350997925 0.19681060314178467
0.09493670612573624 -0.3607594966888428 0.19865252077579498
0.09493670612573624 -0.34810125827789307 0.20043092966079712
0.09493670612573624 -0.33544304966926575 0.20214582979679108
0.09493670612573624 -0.32278481125831604 0.20379720628261566
0.09493670612573624 -0.31012657284736633 0.20538507401943207
0.09493670612573624 -0.297468364238739 0.2069094330072403
0.09493670612573624 -0.2848101258277893 0.20837026834487915
0.09493670612573624 -0.2721518874168396 0.20976758003234863
0.09493670612573624 -0.2594936788082123 0.21110139787197113
0.09493670612573624 -0.24683544039726257 0.21237169206142426
0.09493670612573624 -0.23417721688747406 0.213578462600708
0.09493670612573624 -0.22151899337768555 0.21472172439098358
0.09493670612573624 -0.20886075496673584 0.21580147743225098
0.09493670612573624 -0.19620253145694733 0.216817706823349
0.09493670612573624 -0.1835443079471588 0.21777042746543884
0.09493670612573624 -0.1708860695362091 0.2186596393585205
0.09493670612573624 -0.1582278460264206 0.2194853276014328
0.09493670612573624 -0.14556962251663208 0.22024750709533691
0.09493670612573624 -0.13291139900684357 0.22094616293907166
0.09493670612573624 -0.12025316804647446 0.22158131003379822
0.09493670612573624 -0.10759493708610535 0.2221529334783554
0.09493670612573624 -0.09493670612573624 0.2226610630750656
0.09493670612573624 -0.08227848261594772 0.22310565412044525
0.09493670612573624 -0.06962025165557861 0.2234867513179779
0.09493670612573624 -0.0569620244204998 0.2238043248653412
0.09493670612573624 -0.04430379718542099 0.2240583747625351
0.09493670612573624 -0.03164556995034218 0.22424891591072083
0.09493670612573624 -0.018987340852618217 0.22437594830989838
0.09493670612573624 -0.006329114083200693 0.22443947196006775
0.09493670612573624 0.006329114083200693 0.22443947196006775
0.09493670612573624 0.018987340852618217 0.22437594830989838
0.09493670612573624 0.03164556995034218 0.22424891591072083
0.09493670612573624 0.04430379718542099 0.2240583747625351
0.09493670612573624 0.0569620244204998 0.2238043248653412
0.09493670612573624 0.06962025165557861 0.2234867513179779
0.09493670612573624 0.08227848261594772 0.22310565412044525
0.09493670612573624 0.09493670612573624 0.2226610630750656
0.09493670612573624 0.10759493708610535 0.2221529334783554
0.09493670612573624 0.12025316804647446 0.22158131003379822
0.09493670612573624 0.13291139900684357 0.22094616293907166
0.09493670612573624 0.14556962251663208 0.22024750709533691
0.09493670612573624 0.1582278460264206 0.2194853276014328
0.09493670612573624 0.1708860695362091 0.2186596393585205
0.09493670612573624 0.1835443079471588 0.21777042746543884
0.09493670612573624 0.19620253145694733 0.216817706823349
0.09493670612573624 0.20886075496673584 0.21580147743225098
0.09493670612573624 0.22151899337768555 0.21472172439098358
0.09493670612573624 0.23417721688747406 0.213578462600708
0.09493670612573624 0.24683544039726257 0.21237169206142426
0.09493670612573624 0.2594936788082123 0.21110139787197113
0.09493670612573624 0.2721518874168396 0.20976758003234863
0.09493670612573624 0.2848101258277893 0.20837026834487915
0.09493670612573624 0.297468364238739 0.2069094330072403
0.09493670612573624 0.31012657284736633 0.20538507401943207
0.09493670612573624 0.32278481125831604 0.20379720628261566
0.09493670612573624 0.33544304966926575 0.20214582979679108
0.09493670612573624 0.34810125827789307 0.20043092966079712
0.09493670612573624 0.3607594966888428 0.19865252077579498
0.09493670612573624 0.3734177350997925 0.19681060314178467
0.09493670612573624 0.3860759437084198 0.19490516185760498
0.09493670612573624 0.3987341821193695 0.19293621182441711
0.09493670612573624 0.4113923907279968 0.19090373814105988
0.09493670612573624 0.42405062913894653 0.18880775570869446
0.09493670612573624 0.43670886754989624 0.18664826452732086
0.09493670612573624 0.44936707615852356 0.1844252496957779
0.09493670612573624 0.46202531456947327 0.18213872611522675
0.09493670612573624 0.474683552980423 0.17978867888450623
0.09493670612573624 0.4873417615890503 0.17737512290477753
0.09493670612573624 0.5 0.17489805817604065
0.10759493708610535 -0.5 0.17451350390911102
0.10759493708610535 -0.4873417615890503 0.17698416113853455
0.10759493708610535 -0.474683552980423 0.17939147353172302
0.10759493708610535 -0.46202531456947327 0.18173544108867645
0.10759493708610535 -0.44936707615852356 0.18401604890823364
0.10759493708610535 -0.43670886754989624 0.1862333118915558
0.10759493708610535 -0.42405062913894653 0.1883872151374817
0.10759493708610535 -0.4113923907279968 0.19047777354717255
0.10759493708610535 -0.3987341821193695 0.19250498712062836
0.10759493708610535 -0.3860759437084198 0.19446885585784912
0.10759493708610535 -0.3734177350997925 0.19636936485767365
0.10759493708610535 -0.3607594966888428 0.19820651412010193
0.10759493708610535 -0.34810125827789307 0.19998033344745636
0.10759493708610535 -0.33544304966926575 0.20169079303741455
0.10759493708610535 -0.32278481125831604 0.2033378928899765
0.10759493708610535 -0.31012657284736633 0.2049216479063034
0.10759493708610535 -0.297468364238739 0.20644205808639526
0.10759493708610535 -0.2848101258277893 0.20789912343025208
0.10759493708610535 -0.2721518874168396 0.20929282903671265
0.10759493708610535 -0.2594936788082123 0.21062317490577698
0.10759493708610535 -0.24683544039726257 0.21189019083976746
0.10759493708610535 -0.23417721688747406 0.2130938470363617
0.10759493708610535 -0.22151899337768555 0.2142341434955597
0.10759493708610535 -0.20886075496673584 0.21531111001968384
0.10759493708610535 -0.19620253145694733 0.21632471680641174
0.10759493708610535 -0.1835443079471588 0.2172749638557434
0.10759493708610535 -0.1708860695362091 0.21816186606884003
0.10759493708610535 -0.1582278460264206 0.2189854234457016
0.10759493708610535 -0.14556962251663208 0.21974562108516693
0.10759493708610535 -0.13291139900684357 0.22044247388839722
0.10759493708610535 -0.12025316804647446 0.22107598185539246
0.10759493708610535 -0.10759493708610535 0.22164613008499146
0.10759493708610535 -0.09493670612573624 0.2221529334783554
0.10759493708610535 -0.08227848261594772 0.22259639203548431
0.10759493708610535 -0.06962025165557861 0.22297649085521698
0.10759493708610535 -0.0569620244204998 0.2232932448387146
0.10759493708610535 -0.04430379718542099 0.22354663908481598
0.10759493708610535 -0.03164556995034218 0.2237367033958435
0.10759493708610535 -0.018987340852618217 0.2238633930683136
0.10759493708610535 -0.006329114083200693 0.22392675280570984
0.10759493708610535 0.006329114083200693 0.22392675280570984
0.10759493708610535 0.018987340852618217 0.2238633930683136
0.10759493708610535 0.03164556995034218 0.2237367033958435
0.10759493708610535 0.04430379718542099 0.22354663908481598
0.10759493708610535 0.0569620244204998 0.2232932448387146
0.10759493708610535 0.06962025165557861 0.22297649085521698
0.10759493708610535 0.08227848261594772 0.22259639203548431
0.10759493708610535 0.09493670612573624 0.2221529334783554
0.10759493708610535 0.10759493708610535 0.22164613008499146
0.10759493708610535 0.12025316804647446 0.22107598185539246
0.10759493708610535 0.13291139900684357 0.22044247388839722
0.10759493708610535 0.14556962251663208 0.21974562108516693
0.10759493708610535 0.1582278460264206 0.2189854234457016
0.10759493708610535 0.1708860695362091 0.21816186606884003
0.10759493708610535 0.1835443079471588 0.2172749638557434
0.10759493708610535 0.19620253145694733 0.21632471680641174
0.10759493708610535 0.20886075496673584 0.21531111001968384
0.10759493708610535 0.22151899337768555 0.2142341434955597
0.10759493708610535 0.23417721688747406 0.2130938470363617
0.10759493708610535 0.24683544039726257 0.21189019083976746
0.10759493708610535 0.2594936788082123 0.21062317490577698
0.10759493708610535 0.2721518874168396 0.20929282903671265
0.10759493708610535 0.2848101258277893 0.20789912343025208
0.10759493708610535 0.297468364238739 0.20644205808639526
0.10759493708610535 0.31012657284736633 0.2049216479063034
0.10759493708610535 0.32278481125831604 0.2033378928899765
0.10759493708610535 0.33544304966926575 0.20169079303741455
0.10759493708610535 0.34810125827789307 0.19998033344745636
0.10759493708610535 0.3607594966888428 0.19820651412010193
0.10759493708610535 0.3734177350997925 0.19636936485767365
0.10759493708610535 0.3860759437084198 0.19446885585784912
0.10759493708610535 0.3987341821193695 0.19250498712062836
0.10759493708610535 0.4113923907279968 0.19047777354717255
0.10759493708610535 0.42405062913894653 0.1883872151374817
0.10759493708610535 0.43670886754989624 0.1862333118915558
0.10759493708610535 0.44936707615852356 0.18401604890823364
0.10759493708610535 0.46202531456947327 0.18173544108867645
0.10759493708610535 0.474683552980423 0.17939147353172302
0.10759493708610535 0.4873417615890503 0.17698416113853455
0.10759493708610535 0.5 0.17451350390911102
0.12025316804647446 -0.5 0.17408087849617004
0.12025316804647446 -0.4873417615890503 0.17654432356357574
0.12025316804647446 -0.474683552980423 0.17894461750984192
0.12025316804647446 -0.46202531456947327 0.18128174543380737
0.12025316804647446 -0.44936707615852356 0.1835556924343109
0.12025316804647446 -0.43670886754989624 0.18576648831367493
0.12025316804647446 -0.42405062913894653 0.18791411817073822
0.12025316804647446 -0.4113923907279968 0.1899985671043396
0.12025316804647446 -0.3987341821193695 0.19201986491680145
0.12025316804647446 -0.3860759437084198 0.19397799670696259
0.12025316804647446 -0.3734177350997925 0.195872962474823
0.12025316804647446 -0.3607594966888428 0.1977047622203827
0.12025316804647446 -0.34810125827789307 0.19947339594364166
0.12025316804647446 -0.33544304966926575 0.20117886364459991
0.12025316804647446 -0.32278481125831604 0.20282116532325745
0.12025316804647446 -0.31012657284736633 0.20440030097961426
0.12025316804647446 -0.297468364238739 0.20591627061367035
0.12025316804647446 -0.2848101258277893 0.20736907422542572
0.12025316804647446 -0.2721518874168396 0.20875871181488037
0.12025316804647446 -0.2594936788082123 0.2100851982831955
0.12025316804647446 -0.24683544039726257 0.2113485038280487
0.12025316804647446 -0.23417721688747406 0.2125486433506012
0.12025316804647446 -0.22151899337768555 0.21368561685085297
0.12025316804647446 -0.20886075496673584 0.2147594392299652
0.12025316804647446 -0.19620253145694733 0.21577008068561554
0.12025316804647446 -0.1835443079471588 0.21671757102012634
0.12025316804647446 -0.1708860695362091 0.21760188043117523
0.12025316804647446 -0.1582278460264206 0.2184230387210846
0.12025316804647446 -0.14556962251663208 0.21918101608753204
0.12025316804647446 -0.13291139900684357 0.21987584233283997
0.12025316804647446 -0.12025316804647446 0.22050748765468597
0.12025316804647446 -0.10759493708610535 0.22107598185539246
0.12025316804647446 -0.09493670612573624 0.22158131003379822
0.12025316804647446 -0.08227848261594772 0.22202347218990326
0.12025316804647446 -0.06962025165557861 0.2224024534225464
0.12025316804647446 -0.0569620244204998 0.22271828353405
0.12025316804647446 -0.04430379718542099 0.22297094762325287
0.12025316804647446 -0.03164556995034218 0.22316044569015503
0.12025316804647446 -0.018987340852618217 0.22328677773475647
0.12025316804647446 -0.006329114083200693 0.2233499437570572
0.12025316804647446 0.006329114083200693 0.2233499437570572
0.12025316804647446 0.018987340852618217 0.22328677773475647
0.12025316804647446 0.03164556995034218 0.22316044569015503
0.12025316804647446 0.04430379718542099 0.22297094762325287
0.12025316804647446 0.0569620244204998 0.22271828353405
0.12025316804647446 0.06962025165557861 0.2224024534225464
0.12025316804647446 0.08227848261594772 0.22202347218990326
0.12025316804647446 0.09493670612573624 0.22158131003379822
0.12025316804647446 0.10759493708610535 0.22107598185539246
0.12025316804647446 0.12025316804647446 0.22050748765468597
0.12025316804647446 0.13291139900684357 0.21987584233283997
0.12025316804647446 0.14556962251663208 0.21918101608753204
0.12025316804647446 0.1582278460264206 0.2184230387210846
0.12025316804647446 0.1708860695362091 0.21760188043117523
0.12025316804647446 0.1835443079471588 0.21671757102012634
0.12025316804647446 0.19620253145694733 0.21577008068561554
0.12025316804647446 0.20886075496673584 0.2147594392299652
0.12025316804647446 0.22151899337768555 0.21368561685085297
0.12025316804647446 0.23417721688747406 0.2125486433506012
0.12025316804647446 0.24683544039726257 0.2113485038280487
0.12025316804647446 0.2594936788082123 0.2100851982831955
0.12025316804647446 0.2721518874168396 0.20875871181488037
0.12025316804647446 0.2848101258277893 0.20736907422542572
0.12025316804647446 0.297468364238739 0.20591627061367035
0.12025316804647446 0.31012657284736633 0.20440030097961426
0.12025316804647446 0.32278481125831604 0.20282116532325745
0.12025316804647446 0.33544304966926575 0.20117886364459991
0.12025316804647446 0.34810125827789307 0.19947339594364166
0.12025316804647446 0.3607594966888428 0.1977047622203827
0.12025316804647446 0.3734177350997925 0.195872962474823
0.12025316804647446 0.3860759437084198 0.19397799670696259
0.12025316804647446 0.3987341821193695 0.19201986491680145
0.12025316804647446 0.4113923907279968 0.1899985671043396
0.12025316804647446 0.42405062913894653 0.18791411817073822
0.12025316804647446 0.43670886754989624 0.18576648831367493
0.12025316804647446 0.44936707615852356 0.1835556924343109
0.12025316804647446 0.46202531456947327 0.18128174543380737
0.12025316804647446 0.474683552980423 0.17894461750984192
0.12025316804647446 0.4873417615890503 0.17654432356357574
0.12025316804647446 0.5 0.17408087849617004
0.13291139900684357 -0.5 0.1736001819372177
0.13291139900684357 -0.4873417615890503 0.17605562508106232
0.13291139900684357 -0.474683552980423 0.17844811081886292
0.13291139900684357 -0.46202531456947327 0.1807776391506195
0.13291139900684357 -0.44936707615852356 0.1830441951751709
0.13291139900684357 -0.43670886754989624 0.18524779379367828
0.13291139900684357 -0.42405062913894653 0.18738843500614166
0.13291139900684357 -0.4113923907279968 0.18946611881256104
0.13291139900684357 -0.3987341821193695 0.1914808452129364
0.13291139900684357 -0.3860759437084198 0.19343261420726776
0.13291139900684357 -0.3734177350997925 0.19532141089439392
0.13291139900684357 -0.3607594966888428 0.19714725017547607
0.13291139900684357 -0.34810125827789307 0.19891013205051422
0.13291139900684357 -0.33544304966926575 0.20061005651950836
0.13291139900684357 -0.32278481125831604 0.2022470235824585
0.13291139900684357 -0.31012657284736633 0.20382101833820343
0.13291139900684357 -0.297468364238739 0.20533205568790436
0.13291139900684357 -0.2848101258277893 0.20678015053272247
0.13291139900684357 -0.2721518874168396 0.2081652581691742
0.13291139900684357 -0.2594936788082123 0.2094874233007431
0.13291139900684357 -0.24683544039726257 0.210746631026268
0.13291139900684357 -0.23417721688747406 0.2119428664445877
0.13291139900684357 -0.22151899337768555 0.2130761444568634
0.13291139900684357 -0.20886075496673584 0.2141464799642563
0.13291139900684357 -0.19620253145694733 0.21515382826328278
0.13291139900684357 -0.1835443079471588 0.21609823405742645
0.13291139900684357 -0.1708860695362091 0.21697968244552612
0.13291139900684357 -0.1582278460264206 0.2177981585264206
0.13291139900684357 -0.14556962251663208 0.21855367720127106
0.13291139900684357 -0.13291139900684357 0.21924623847007751
0.13291139900684357 -0.12025316804647446 0.21987584233283997
0.13291139900684357 -0.10759493708610535 0.22044247388839722
0.13291139900684357 -0.09493670612573624 0.22094616293907166
0.13291139900684357 -0.08227848261594772 0.2213868796825409
0.13291139900684357 -0.06962025165557861 0.22176463901996613
0.13291139900684357 -0.0569620244204998 0.22207944095134735
0.13291139900684357 -0.04430379718542099 0.22233128547668457
0.13291139900684357 -0.03164556995034218 0.2225201576948166
0.13291139900684357 -0.018987340852618217 0.2226460874080658
0.13291139900684357 -0.006329114083200693 0.2227090448141098
0.13291139900684357 0.006329114083200693 0.2227090448141098
0.13291139900684357 0.018987340852618217 0.2226460874080658
0.13291139900684357 0.03164556995034218 0.2225201576948166
0.13291139900684357 0.04430379718542099 0.22233128547668457
0.13291139900684357 0.0569620244204998 0.22207944095134735
0.13291139900684357 0.06962025165557861 0.22176463901996613
0.13291139900684357 0.08227848261594772 0.2213868796825409
0.13291139900684357 0.09493670612573624 0.22094616293907166
0.13291139900684357 0.10759493708610535 0.22044247388839722
0.13291139900684357 0.12025316804647446 0.21987584233283997
0.13291139900684357 0.13291139900684357 0.21924623847007751
0.13291139900684357 0.14556962251663208 0.21855367720127106
0.13291139900684357 0.1582278460264206 0.2177981585264206
0.13291139900684357 0.1708860695362091 0.21697968244552612
0.13291139900684357 0.1835443079471588 0.21609823405742645
0.13291139900684357 0.19620253145694733 0.21515382826328278
0.13291139900684357 0.20886075496673584 0.2141464799642563
0.13291139900684357 0.22151899337768555 0.2130761444568634
0.13291139900684357 0.23417721688747406 0.2119428664445877
0.13291139900684357 0.24683544039726257 0.210746631026268
0.13291139900684357 0.2594936788082123 0.2094874233007431
0.13291139900684357 0.2721518874168396 0.2081652581691742
0.13291139900684357 0.2848101258277893 0.20678015053272247
0.13291139900684357 0.297468364238739 0.20533205568790436
0.13291139900684357 0.31012657284736633 0.20382101833820343
0.13291139900684357 0.32278481125831604 0.2022470235824585
0.13291139900684357 0.33544304966926575 0.20061005651950836
0.13291139900684357 0.34810125827789307 0.19891013205051422
0.13291139900684357 0.3607594966888428 0.19714725017547607
0.13291139900684357 0.3734177350997925 0.19532141089439392
0.13291139900684357 0.3860759437084198 0.19343261420726776
0.13291139900684357 0.3987341821193695 0.1914808452129364
0.13291139900684357 0.4113923907279968 0.18946611881256104
0.13291139900684357 0.42405062913894653 0.18738843500614166
0.13291139900684357 0.43670886754989624 0.18524779379367828
0.13291139900684357 0.44936707615852356 0.1830441951751709
0.13291139900684357 0.46202531456947327 0.1807776391506195
0.13291139900684357 0.474683552980423 0.17844811081886292
0.13291139900684357 0.4873417615890503 0.17605562508106232
0.13291139900684357 0.5 0.1736001819372177
0.14556962251663208 -0.5 0.17307142913341522
0.14556962251663208 -0.4873417615890503 0.17551805078983307
0.14556962251663208 -0.474683552980423 0.177901953458786
0.14556962251663208 -0.46202531456947327 0.18022312223911285
0.14556962251663208 -0.44936707615852356 0.1824815422296524
0.14556962251663208 -0.43670886754989624 0.18467724323272705
0.14556962251663208 -0.42405062913894653 0.1868101954460144
0.14556962251663208 -0.4113923907279968 0.18888042867183685
0.14556962251663208 -0.3987341821193695 0.190887913107872
0.14556962251663208 -0.3860759437084198 0.19283267855644226
0.14556962251663208 -0.3734177350997925 0.1947147101163864
0.14556962251663208 -0.3607594966888428 0.19653399288654327
0.14556962251663208 -0.34810125827789307 0.19829055666923523
0.14556962251663208 -0.33544304966926575 0.1999843716621399
0.14556962251663208 -0.32278481125831604 0.20161545276641846
0.14556962251663208 -0.31012657284736633 0.20318381488323212
0.14556962251663208 -0.297468364238739 0.20468942821025848
0.14556962251663208 -0.2848101258277893 0.20613232254981995
0.14556962251663208 -0.2721518874168396 0.20751246809959412
0.14556962251663208 -0.2594936788082123 0.2088298797607422
0.14556962251663208 -0.24683544039726257 0.21008457243442535
0.14556962251663208 -0.23417721688747406 0.21127651631832123
0.14556962251663208 -0.22151899337768555 0.212405726313591
0.14556962251663208 -0.20886075496673584 0.21347221732139587
0.14556962251663208 -0.19620253145694733 0.21447595953941345
0.14556962251663208 -0.1835443079471588 0.21541696786880493
0.14556962251663208 -0.1708860695362091 0.2162952423095703
0.14556962251663208 -0.1582278460264206 0.2171107977628708
0.14556962251663208 -0.14556962251663208 0.21786360442638397
0.14556962251663208 -0.13291139900684357 0.21855367720127106
0.14556962251663208 -0.12025316804647446 0.21918101608753204
0.14556962251663208 -0.10759493708610535 0.21974562108516693
0.14556962251663208 -0.09493670612573624 0.22024750709533691
0.14556962251663208 -0.08227848261594772 0.2206866443157196
0.14556962251663208 -0.06962025165557861 0.2210630476474762
0.14556962251663208 -0.0569620244204998 0.2213767170906067
0.14556962251663208 -0.04430379718542099 0.22162765264511108
0.14556962251663208 -0.03164556995034218 0.22181585431098938
0.14556962251663208 -0.018987340852618217 0.22194132208824158
0.14556962251663208 -0.006329114083200693 0.22200405597686768
0.14556962251663208 0.006329114083200693 0.22200405597686768
0.14556962251663208 0.018987340852618217 0.22194132208824158
0.14556962251663208 0.03164556995034218 0.22181585431098938
0.14556962251663208 0.04430379718542099 0.22162765264511108
0.14556962251663208 0.0569620244204998 0.2213767170906067
0.14556962251663208 0.06962025165557861 0.2210630476474762
0.14556962251663208 0.08227848261594772 0.2206866443157196
0.14556962251663208 0.09493670612573624 0.22024750709533691
0.14556962251663208 0.10759493708610535 0.21974562108516693
0.14556962251663208 0.12025316804647446 0.21918101608753204
0.14556962251663208 0.13291139900684357 0.21855367720127106
0.14556962251663208 0.14556962251663208 0.21786360442638397
0.14556962251663208 0.1582278460264206 0.2171107977628708
0.14556962251663208 0.1708860695362091 0.2162952423095703
0.14556962251663208 0.1835443079471588 0.21541696786880493
0.14556962251663208 0.19620253145694733 0.21447595953941345
0.14556962251663208 0.20886075496673584 0.21347221732139587
0.14556962251663208 0.22151899337768555 0.212405726313591
0.14556962251663208 0.23417721688747406 0.21127651631832123
0.14556962251663208 0.24683544039726257 0.21008457243442535
0.14556962251663208 0.2594936788082123 0.2088298797607422
0.14556962251663208 0.2721518874168396 0.20751246809959412
0.14556962251663208 0.2848101258277893 0.20613232254981995
0.14556962251663208 0.297468364238739 0.20468942821025848
0.14556962251663208 0.31012657284736633 0.20318381488323212
0.14556962251663208 0.32278481125831604 0.20161545276641846
0.14556962251663208 0.33544304966926575 0.1999843716621399
0.14556962251663208 0.34810125827789307 0.19829055666923523
0.14556962251663208 0.3607594966888428 0.19653399288654327
0.14556962251663208 0.3734177350997925 0.1947147101163864
0.14556962251663208 0.3860759437084198 0.19283267855644226
0.14556962251663208 0.3987341821193695 0.190887913107872
0.14556962251663208 0.4113923907279968 0.18888042867183685
0.14556962251663208 0.42405062913894653 0.1868101954460144
0.14556962251663208 0.43670886754989624 0.18467724323272705
0.14556962251663208 0.44936707615852356 0.1824815422296524
0.14556962251663208 0.46202531456947327 0.18022312223911285
0.14556962251663208 0.474683552980423 0.177901953458786
0.14556962251663208 0.4873417615890503 0.17551805078983307
0.14556962251663208 0.5 0.17307142913341522
0.1582278460264206 -0.5 0.17249459028244019
0.1582278460264206 -0.4873417615890503 0.1749316155910492
0.1582278460264206 -0.474683552980423 0.1773061454296112
0.1582278460264206 -0.46202531456947327 0.17961819469928741
0.1582278460264206 -0.44936707615852356 0.18186774849891663
0.1582278460264206 -0.43670886754989624 0.18405480682849884
0.1582278460264206 -0.42405062913894653 0.18617939949035645
0.1582278460264206 -0.4113923907279968 0.18824148178100586
0.1582278460264206 -0.3987341821193695 0.19024109840393066
0.1582278460264206 -0.3860759437084198 0.19217820465564728
0.1582278460264206 -0.3734177350997925 0.19405284523963928
0.1582278460264206 -0.3607594966888428 0.1958649903535843
0.1582278460264206 -0.34810125827789307 0.1976146399974823
0.1582278460264206 -0.33544304966926575 0.1993018090724945
0.1582278460264206 -0.32278481125831604 0.20092648267745972
0.1582278460264206 -0.31012657284736633 0.20248867571353912
0.1582278460264206 -0.297468364238739 0.20398838818073273
0.1582278460264206 -0.2848101258277893 0.20542559027671814
0.1582278460264206 -0.2721518874168396 0.20680032670497894
0.1582278460264206 -0.2594936788082123 0.20811256766319275
0.1582278460264206 -0.24683544039726257 0.20936232805252075
0.1582278460264206 -0.23417721688747406 0.21054959297180176
0.1582278460264206 -0.22151899337768555 0.21167436242103577
0.1582278460264206 -0.20886075496673584 0.21273665130138397
0.1582278460264206 -0.19620253145694733 0.21373645961284637
0.1582278460264206 -0.1835443079471588 0.21467377245426178
0.1582278460264206 -0.1708860695362091 0.21554860472679138
0.1582278460264206 -0.1582278460264206 0.216360941529274
0.1582278460264206 -0.14556962251663208 0.2171107977628708
0.1582278460264206 -0.13291139900684357 0.2177981585264206
0.1582278460264206 -0.12025316804647446 0.2184230387210846
0.1582278460264206 -0.10759493708610535 0.2189854234457016
0.1582278460264206 -0.09493670612573624 0.2194853276014328
0.1582278460264206 -0.08227848261594772 0.219922736287117
0.1582278460264206 -0.06962025165557861 0.2202976644039154
0.1582278460264206 -0.0569620244204998 0.2206100970506668
0.1582278460264206 -0.04430379718542099 0.2208600491285324
0.1582278460264206 -0.03164556995034218 0.2210475206375122
0.1582278460264206 -0.018987340852618217 0.221172496676445
0.1582278460264206 -0.006329114083200693 0.2212349772453308
0.1582278460264206 0.006329114083200693 0.2212349772453308
0.1582278460264206 0.018987340852618217 0.221172496676445
0.1582278460264206 0.03164556995034218 0.2210475206375122
0.1582278460264206 0.04430379718542099 0.2208600491285324
0.1582278460264206 0.0569620244204998 0.2206100970506668
0.1582278460264206 0.06962025165557861 0.2202976644039154
0.1582278460264206 0.08227848261594772 0.219922736287117
0.1582278460264206 0.09493670612573624 0.2194853276014328
0.1582278460264206 0.10759493708610535 0.2189854234457016
0.1582278460264206 0.12025316804647446 0.2184230387210846
0.1582278460264206 0.13291139900684357 0.2177981585264206
0.1582278460264206 0.14556962251663208 0.2171107977628708
0.1582278460264206 0.1582278460264206 0.216360941529274
0.1582278460264206 0.1708860695362091 0.21554860472679138
0.1582278460264206 0.1835443079471588 0.21467377245426178
0.1582278460264206 0.19620253145694733 0.21373645961284637
0.1582278460264206 0.20886075496673584 0.21273665130138397
0.1582278460264206 0.22151899337768555 0.21167436242103577
0.1582278460264206 0.23417721688747406 0.21054959297180176
0.1582278460264206 0.24683544039726257 0.20936232805252075
0.1582278460264206 0.2594936788082123 0.20811256766319275
0.1582278460264206 0.2721518874168396 0.20680032670497894
0.1582278460264206 0.2848101258277893 0.20542559027671814
0.1582278460264206 0.297468364238739 0.20398838818073273
0.1582278460264206 0.31012657284736633 0.20248867571353912
0.1582278460264206 0.32278481125831604 0.20092648267745972
0.1582278460264206 0.33544304966926575 0.1993018090724945
0.1582278460264206 0.34810125827789307 0.1976146399974823
0.1582278460264206 0.3607594966888428 0.1958649903535843
0.1582278460264206 0.3734177350997925 0.19405284523963928
0.1582278460264206 0.3860759437084198 0.19217820465564728
0.1582278460264206 0.3987341821193695 0.19024109840393066
0.1582278460264206 0.4113923907279968 0.18824148178100586
0.1582278460264206 0.42405062913894653 0.18617939949035645
0.1582278460264206 0.43670886754989624 0.18405480682849884
0.1582278460264206 0.44936707615852356 0.18186774849891663
0.1582278460264206 0.46202531456947327 0.17961819469928741
0.1582278460264206 0.474683552980423 0.1773061454296112
0.1582278460264206 0.4873417615890503 0.1749316155910492
0.1582278460264206 0.5 0.17249459028244019
0.1708860695362091 -0.5 0.171869695186615
0.1708860695362091 -0.4873417615890503 0.1742963045835495
0.1708860695362091 -0.474683552980423 0.1766606867313385
0.1708860695362091 -0.46202531456947327 0.178962841629982
0.1708860695362091 -0.44936707615852356 0.18120279908180237
0.1708860695362091 -0.43670886754989624 0.18338051438331604
0.1708860695362091 -0.42405062913894653 0.1854960173368454
0.1708860695362091 -0.4113923907279968 0.18754930794239044
0.1708860695362091 -0.3987341821193695 0.18954035639762878
0.1708860695362091 -0.3860759437084198 0.191469207406044
0.1708860695362091 -0.3734177350997925 0.19333581626415253
0.1708860695362091 -0.3607594966888428 0.19514022767543793
0.1708860695362091 -0.34810125827789307 0.19688239693641663
0.1708860695362091 -0.33544304966926575 0.198562353849411
0.1708860695362091 -0.32278481125831604 0.20018009841442108
0.1708860695362091 -0.31012657284736633 0.20173561573028564
0.1708860695362091 -0.297468364238739 0.2032289057970047
0.1708860695362091 -0.2848101258277893 0.20465998351573944
0.1708860695362091 -0.2721518874168396 0.20602883398532867
0.1708860695362091 -0.2594936788082123 0.2073354721069336
0.1708860695362091 -0.24683544039726257 0.208579882979393
0.1708860695362091 -0.23417721688747406 0.2097620815038681
0.1708860695362091 -0.22151899337768555 0.2108820527791977
0.1708860695362091 -0.20886075496673584 0.21193979680538177
0.1708860695362091 -0.19620253145694733 0.21293532848358154
0.1708860695362091 -0.1835443079471588 0.213868647813797
0.1708860695362091 -0.1708860695362091 0.21473972499370575
0.1708860695362091 -0.1582278460264206 0.21554860472679138
0.1708860695362091 -0.14556962251663208 0.2162952423095703
0.1708860695362091 -0.13291139900684357 0.21697968244552612
0.1708860695362091 -0.12025316804647446 0.21760188043117523
0.1708860695362091 -0.10759493708610535 0.21816186606884003
0.1708860695362091 -0.09493670612573624 0.2186596393585205
0.1708860695362091 -0.08227848261594772 0.21909518539905548
0.1708860695362091 -0.06962025165557861 0.21946850419044495
0.1708860695362091 -0.0569620244204998 0.2197796106338501
0.1708860695362091 -0.04430379718542099 0.22002848982810974
0.1708860695362091 -0.03164556995034218 0.22021515667438507
0.1708860695362091 -0.018987340852618217 0.2203395962715149
0.1708860695362091 -0.006329114083200693 0.2204018086194992
0.1708860695362091 0.006329114083200693 0.2204018086194992
0.1708860695362091 0.018987340852618217 0.2203395962715149
0.1708860695362091 0.03164556995034218 0.22021515667438507
0.1708860695362091 0.04430379718542099 0.22002848982810974
0.1708860695362091 0.0569620244204998 0.2197796106338501
0.1708860695362091 0.06962025165557861 0.21946850419044495
0.1708860695362091 0.08227848261594772 0.21909518539905548
0.1708860695362091 0.09493670612573624 0.2186596393585205
0.1708860695362091 0.10759493708610535 0.21816186606884003
0.1708860695362091 0.12025316804647446 0.21760188043117523
0.1708860695362091 0.13291139900684357 0.21697968244552612
0.1708860695362091 0.14556962251663208 0.2162952423095703
0.1708860695362091 0.1582278460264206 0.21554860472679138
0.1708860695362091 0.1708860695362091 0.21473972499370575
0.1708860695362091 0.1835443079471588 0.213868647813797
0.1708860695362091 0.19620253145694733 0.21293532848358154
0.1708860695362091 0.20886075496673584 0.21193979680538177
0.1708860695362091 0.22151899337768555 0.2108820527791977
0.1708860695362091 0.23417721688747406 0.2097620815038681
0.1708860695362091 0.24683544039726257 0.208579882979393
0.1708860695362091 0.2594936788082123 0.2073354721069336
0.1708860695362091 0.2721518874168396 0.20602883398532867
0.1708860695362091 0.2848101258277893 0.20465998351573944
0.1708860695362091 0.297468364238739 0.2032289057970047
0.1708860695362091 0.31012657284736633 0.20173561573028564
0.1708860695362091 0.32278481125831604 0.20018009841442108
0.1708860695362091 0.33544304966926575 0.198562353849411
0.1708860695362091 0.34810125827789307 0.19688239693641663
0.1708860695362091 0.3607594966888428 0.19514022767543793
0.1708860695362091 0.3734177350997925 0.19333581626415253
0.1708860695362091 0.3860759437084198 0.191469207406044
0.1708860695362091 0.3987341821193695 0.18954035639762878
0.1708860695362091 0.4113923907279968 0.18754930794239044
0.1708860695362091 0.42405062913894653 0.1854960173368454
0.1708860695362091 0.43670886754989624 0.18338051438331604
0.1708860695362091 0.44936707615852356 0.18120279908180237
0.1708860695362091 0.46202531456947327 0.178962841629982
0.1708860695362091 0.474683552980423 0.1766606867313385
0.1708860695362091 0.4873417615890503 0.1742963045835495
0.1708860695362091 0.5 0.171869695186615
0.1835443079471588 -0.5 0.17119672894477844
0.1835443079471588 -0.4873417615890503 0.17361211776733398
0.1835443079471588 -0.474683552980423 0.1759655773639679
0.1835443079471588 -0.46202531456947327 0.17825709283351898
0.1835443079471588 -0.44936707615852356 0.18048669397830963
0.1835443079471588 -0.43670886754989624 0.18265435099601746
0.1835443079471588 -0.42405062913894653 0.18476007878780365
0.1835443079471588 -0.4113923907279968 0.18680386245250702
0.1835443079471588 -0.3987341821193695 0.18878573179244995
0.1835443079471588 -0.3860759437084198 0.19070565700531006
0.1835443079471588 -0.3734177350997925 0.19256365299224854
0.1835443079471588 -0.3607594966888428 0.1943597048521042
0.1835443079471588 -0.34810125827789307 0.1960938423871994
0.1835443079471588 -0.33544304966926575 0.1977660357952118
0.1835443079471588 -0.32278481125831604 0.19937629997730255
0.1835443079471588 -0.31012657284736633 0.20092462003231049
0.1835443079471588 -0.297468364238739 0.2024110108613968
0.1835443079471588 -0.2848101258277893 0.20383547246456146
0.1835443079471588 -0.2721518874168396 0.2051980048418045
0.1835443079471588 -0.2594936788082123 0.20649860799312592
0.1835443079471588 -0.24683544039726257 0.2077372670173645
0.1835443079471588 -0.23417721688747406 0.20891399681568146
0.1835443079471588 -0.22151899337768555 0.2100287824869156
0.1835443079471588 -0.20886075496673584 0.21108165383338928
0.1835443079471588 -0.19620253145694733 0.21207258105278015
0.1835443079471588 -0.1835443079471588 0.2130015790462494
0.1835443079471588 -0.1708860695362091 0.213868647813797
0.1835443079471588 -0.1582278460264206 0.21467377245426178
0.1835443079471588 -0.14556962251663208 0.21541696786880493
0.1835443079471588 -0.13291139900684357 0.21609823405742645
0.1835443079471588 -0.12025316804647446 0.21671757102012634
0.1835443079471588 -0.10759493708610535 0.2172749638557434
0.1835443079471588 -0.09493670612573624 0.21777042746543884
0.1835443079471588 -0.08227848261594772 0.21820396184921265
0.1835443079471588 -0.06962025165557861 0.21857556700706482
0.1835443079471588 -0.0569620244204998 0.21888522803783417
0.1835443079471588 -0.04430379718542099 0.21913295984268188
0.1835443079471588 -0.03164556995034218 0.21931876242160797
0.1835443079471588 -0.018987340852618217 0.21944262087345123
0.1835443079471588 -0.006329114083200693 0.21950455009937286
0.1835443079471588 0.006329114083200693 0.21950455009937286
0.1835443079471588 0.018987340852618217 0.21944262087345123
0.1835443079471588 0.03164556995034218 0.21931876242160797
0.1835443079471588 0.04430379718542099 0.21913295984268188
0.1835443079471588 0.0569620244204998 0.21888522803783417
0.1835443079471588 0.06962025165557861 0.21857556700706482
0.1835443079471588 0.08227848261594772 0.21820396184921265
0.1835443079471588 0.09493670612573624 0.21777042746543884
0.1835443079471588 0.10759493708610535 0.2172749638557434
0.1835443079471588 0.12025316804647446 0.21671757102012634
0.1835443079471588 0.13291139900684357 0.21609823405742645
0.1835443079471588 0.14556962251663208 0.21541696786880493
0.1835443079471588 0.1582278460264206 0.21467377245426178
0.1835443079471588 0.1708860695362091 0.213868647813797
0.1835443079471588 0.1835443079471588 0.2130015790462494
0.1835443079471588 0.19620253145694733 0.21207258105278015
0.1835443079471588 0.20886075496673584 0.21108165383338928
0.1835443079471588 0.22151899337768555 0.2100287824869156
0.1835443079471588 0.23417721688747406 0.20891399681568146
0.1835443079471588 0.24683544039726257 0.2077372670173645
0.1835443079471588 0.2594936788082123 0.20649860799312592
0.1835443079471588 0.2721518874168396 0.2051980048418045
0.1835443079471588 0.2848101258277893 0.20383547246456146
0.1835443079471588 0.297468364238739 0.2024110108613968
0.1835443079471588 0.31012657284736633 0.20092462003231049
0.1835443079471588 0.32278481125831604 0.19937629997730255
0.1835443079471588 0.33544304966926575 0.1977660357952118
0.1835443079471588 0.34810125827789307 0.1960938423871994
0.1835443079471588 0.3607594966888428 0.1943597048521042
0.1835443079471588 0.3734177350997925 0.19256365299224854
0.1835443079471588 0.3860759437084198 0.19070565700531006
0.1835443079471588 0.3987341821193695 0.18878573179244995
0.1835443079471588 0.4113923907279968 0.18680386245250702
0.1835443079471588 0.42405062913894653 0.18476007878780365
0.1835443079471588 0.43670886754989624 0.18265435099601746
0.1835443079471588 0.44936707615852356 0.18048669397830963
0.1835443079471588 0.46202531456947327 0.17825709283351898
0.1835443079471588 0.474683552980423 0.1759655773639679
0.1835443079471588 0.4873417615890503 0.17361211776733398
0.1835443079471588 0.5 0.17119672894477844
0.19620253145694733 -0.5 0.17047569155693054
0.19620253145694733 -0.4873417615890503 0.17287905514240265
0.19620253145694733 -0.474683552980423 0.1752208173274994
0.19620253145694733 -0.46202531456947327 0.17750093340873718
0.19620253145694733 -0.44936707615852356 0.17971943318843842
0.19620253145694733 -0.43670886754989624 0.1818763166666031
0.19620253145694733 -0.42405062913894653 0.18397156894207
0.19620253145694733 -0.4113923907279968 0.18600519001483917
0.19620253145694733 -0.3987341821193695 0.18797719478607178
0.19620253145694733 -0.3860759437084198 0.18988756835460663
0.19620253145694733 -0.3734177350997925 0.19173632562160492
0.19620253145694733 -0.3607594966888428 0.19352345168590546
0.19620253145694733 -0.34810125827789307 0.19524894654750824
0.19620253145694733 -0.33544304966926575 0.19691282510757446
0.19620253145694733 -0.32278481125831604 0.19851507246494293
0.19620253145694733 -0.31012657284736633 0.20005570352077484
0.19620253145694733 -0.297468364238739 0.201534703373909
0.19620253145694733 -0.2848101258277893 0.2029520720243454
0.19620253145694733 -0.2721518874168396 0.20430782437324524
0.19620253145694733 -0.2594936788082123 0.20560196042060852
0.19620253145694733 -0.24683544039726257 0.20683445036411285
0.19620253145694733 -0.23417721688747406 0.20800532400608063
0.19620253145694733 -0.22151899337768555 0.20911458134651184
0.19620253145694733 -0.20886075496673584 0.2101622074842453
0.19620253145694733 -0.19620253145694733 0.211148202419281
0.19620253145694733 -0.1835443079471588 0.21207258105278015
0.19620253145694733 -0.1708860695362091 0.21293532848358154
0.19620253145694733 -0.1582278460264206 0.21373645961284637
0.19620253145694733 -0.14556962251663208 0.21447595953941345
0.19620253145694733 -0.13291139900684357 0.21515382826328278
0.19620253145694733 -0.12025316804647446 0.21577008068561554
0.19620253145694733 -0.10759493708610535 0.21632471680641174
0.19620253145694733 -0.09493670612573624 0.216817706823349
0.19620253145694733 -0.08227848261594772 0.2172490805387497
0.19620253145694733 -0.06962025165557861 0.21761883795261383
0.19620253145694733 -0.0569620244204998 0.2179269641637802
0.19620253145694733 -0.04430379718542099 0.21817345917224884
0.19620253145694733 -0.03164556995034218 0.2183583378791809
0.19620253145694733 -0.018987340852618217 0.21848158538341522
0.19620253145694733 -0.006329114083200693 0.21854321658611298
0.19620253145694733 0.006329114083200693 0.21854321658611298
0.19620253145694733 0.018987340852618217 0.21848158538341522
0.19620253145694733 0.03164556995034218 0.2183583378791809
0.19620253145694733 0.04430379718542099 0.21817345917224884
0.19620253145694733 0.0569620244204998 0.2179269641637802
0.19620253145694733 0.06962025165557861 0.21761883795261383
0.19620253145694733 0.08227848261594772 0.2172490805387497
0.19620253145694733 0.09493670612573624 0.216817706823349
0.19620253145694733 0.10759493708610535 0.21632471680641174
0.19620253145694733 0.12025316804647446 0.21577008068561554
0.19620253145694733 0.13291139900684357 0.21515382826328278
0.19620253145694733 0.14556962251663208 0.21447595953941345
0.19620253145694733 0.1582278460264206 0.21373645961284637
0.19620253145694733 0.1708860695362091 0.21293532848358154
0.19620253145694733 0.1835443079471588 0.21207258105278015
0.19620253145694733 0.19620253145694733 0.211148202419281
0.19620253145694733 0.20886075496673584 0.2101622074842453
0.19620253145694733 0.22151899337768555 0.20911458134651184
0.19620253145694733 0.23417721688747406 0.20800532400608063
0.19620253145694733 0.24683544039726257 0.20683445036411285
0.19620253145694733 0.2594936788082123 0.20560196042060852
0.19620253145694733 0.2721518874168396 0.20430782437324524
0.19620253145694733 0.2848101258277893 0.2029520720243454
0.19620253145694733 0.297468364238739 0.201534703373909
0.19620253145694733 0.31012657284736633 0.20005570352077484
0.19620253145694733 0.32278481125831604 0.19851507246494293
0.19620253145694733 0.33544304966926575 0.19691282510757446
0.19620253145694733 0.34810125827789307 0.19524894654750824
0.19620253145694733 0.3607594966888428 0.19352345168590546
0.19620253145694733 0.3734177350997925 0.19173632562160492
0.19620253145694733 0.3860759437084198 0.18988756835460663
0.19620253145694733 0.3987341821193695 0.18797719478607178
0.19620253145694733 0.4113923907279968 0.18600519001483917
0.19620253145694733 0.42405062913894653 0.18397156894207
0.19620253145694733 0.43670886754989624 0.1818763166666031
0.19620253145694733 0.44936707615852356 0.17971943318843842
0.19620253145694733 0.46202531456947327 0.17750093340873718
0.19620253145694733 0.474683552980423 0.1752208173274994
0.19620253145694733 0.4873417615890503 0.17287905514240265
0.19620253145694733 0.5 0.17047569155693054
0.20886075496673584 -0.5 0.1697065830230713
0.20886075496673584 -0.4873417615890503 0.1720971316099167
0.20886075496673584 -0.474683552980423 0.17442640662193298
0.20886075496673584 -0.46202531456947327 0.1766943633556366
0.20886075496673584 -0.44936707615852356 0.17890103161334991
0.20886075496673584 -0.43670886754989624 0.18104641139507294
0.20886075496673584 -0.42405062913894653 0.18313048779964447
0.20886075496673584 -0.4113923907279968 0.1851532757282257
0.20886075496673584 -0.3987341821193695 0.18711476027965546
0.20886075496673584 -0.3860759437084198 0.18901494145393372
0.20886075496673584 -0.3734177350997925 0.19085383415222168
0.20886075496673584 -0.3607594966888428 0.19263143837451935
0.20886075496673584 -0.34810125827789307 0.19434773921966553
0.20886075496673584 -0.33544304966926575 0.19600273668766022
0.20886075496673584 -0.32278481125831604 0.1975964456796646
0.20886075496673584 -0.31012657284736633 0.19912885129451752
0.20886075496673584 -0.297468364238739 0.20059996843338013
0.20886075496673584 -0.2848101258277893 0.20200978219509125
0.20886075496673584 -0.2721518874168396 0.20335830748081207
0.20886075496673584 -0.2594936788082123 0.2046455293893814
0.20886075496673584 -0.24683544039726257 0.20587146282196045
0.20886075496673584 -0.23417721688747406 0.207036092877388
0.20886075496673584 -0.22151899337768555 0.20813941955566406
0.20886075496673584 -0.20886075496673584 0.20918145775794983
0.20886075496673584 -0.19620253145694733 0.2101622074842453
0.20886075496673584 -0.1835443079471588 0.21108165383338928
0.20886075496673584 -0.1708860695362091 0.21193979680538177
0.20886075496673584 -0.1582278460264206 0.21273665130138397
0.20886075496673584 -0.14556962251663208 0.21347221732139587
0.20886075496673584 -0.13291139900684357 0.2141464799642563
0.20886075496673584 -0.12025316804647446 0.2147594392299652
0.20886075496673584 -0.10759493708610535 0.21531111001968384
0.20886075496673584 -0.09493670612573624 0.21580147743225098
0.20886075496673584 -0.08227848261594772 0.21623055636882782
0.20886075496673584 -0.06962025165557861 0.21659833192825317
0.20886075496673584 -0.0569620244204998 0.21690480411052704
0.20886075496673584 -0.04430379718542099 0.2171500027179718
0.20886075496673584 -0.03164556995034218 0.21733388304710388
0.20886075496673584 -0.018987340852618217 0.21745647490024567
0.20886075496673584 -0.006329114083200693 0.21751777827739716
0.20886075496673584 0.006329114083200693 0.21751777827739716
0.20886075496673584 0.018987340852618217 0.21745647490024567
0.20886075496673584 0.03164556995034218 0.21733388304710388
0.20886075496673584 0.04430379718542099 0.2171500027179718
0.20886075496673584 0.0569620244204998 0.21690480411052704
0.20886075496673584 0.06962025165557861 0.21659833192825317
0.20886075496673584 0.08227848261594772 0.21623055636882782
0.20886075496673584 0.09493670612573624 0.21580147743225098
0.20886075496673584 0.10759493708610535 0.21531111001968384
0.20886075496673584 0.12025316804647446 0.2147594392299652
0.20886075496673584 0.13291139900684357 0.2141464799642563
0.20886075496673584 0.14556962251663208 0.21347221732139587
0.20886075496673584 0.1582278460264206 0.21273665130138397
0.20886075496673584 0.1708860695362091 0.21193979680538177
0.20886075496673584 0.1835443079471588 0.21108165383338928
0.20886075496673584 0.19620253145694733 0.2101622074842453
0.20886075496673584 0.20886075496673584 0.20918145775794983
0.20886075496673584 0.22151899337768555 0.20813941955566406
0.20886075496673584 0.23417721688747406 0.207036092877388
0.20886075496673584 0.24683544039726257 0.20587146282196045
0.20886075496673584 0.2594936788082123 0.2046455293893814
0.20886075496673584 0.2721518874168396 0.20335830748081207
0.20886075496673584 0.2848101258277893 0.20200978219509125
0.20886075496673584 0.297468364238739 0.20059996843338013
0.20886075496673584 0.31012657284736633 0.19912885129451752
0.20886075496673584 0.32278481125831604 0.1975964456796646
0.20886075496673584 0.33544304966926575 0.19600273668766022
0.20886075496673584 0.34810125827789307 0.19434773921966553
0.20886075496673584 0.3607594966888428 0.19263143837451935
0.20886075496673584 0.3734177350997925 0.19085383415222168
0.20886075496673584 0.3860759437084198 0.18901494145393372
0.20886075496673584 0.3987341821193695 0.18711476027965546
0.20886075496673584 0.4113923907279968 0.1851532757282257
0.20886075496673584 0.42405062913894653 0.18313048779964447
0.20886075496673584 0.43670886754989624 0.18104641139507294
0.20886075496673584 0.44936707615852356 0.17890103161334991
0.20886075496673584 0.46202531456947327 0.1766943633556366
0.20886075496673584 0.474683552980423 0.17442640662193298
0.20886075496673584 0.4873417615890503 0.1720971316099167
0.20886075496673584 0.5 0.1697065830230713
0.22151899337768555 -0.5 0.16888940334320068
0.22151899337768555 -0.4873417615890503 0.1712663471698761
0.22151899337768555 -0.474683552980423 0.17358234524726868
0.22151899337768555 -0.46202531456947327 0.17583738267421722
0.22151899337768555 -0.44936707615852356 0.17803148925304413
0.22151899337768555 -0.43670886754989624 0.180164635181427
0.22151899337768555 -0.42405062913894653 0.18223685026168823
0.22151899337768555 -0.4113923907279968 0.18424810469150543
0.22151899337768555 -0.3987341821193695 0.1861984133720398
0.22151899337768555 -0.3860759437084198 0.18808777630329132
0.22151899337768555 -0.3734177350997925 0.18991619348526
0.22151899337768555 -0.3607594966888428 0.19168366491794586
0.22151899337768555 -0.34810125827789307 0.19339019060134888
0.22151899337768555 -0.33544304966926575 0.19503577053546906
0.22151899337768555 -0.32278481125831604 0.1966203898191452
0.22151899337768555 -0.31012657284736633 0.1981440782546997
0.22151899337768555 -0.297468364238739 0.19960680603981018
0.22151899337768555 -0.2848101258277893 0.201008602976799
0.22151899337768555 -0.2721518874168396 0.2023494392633438
0.22151899337768555 -0.2594936788082123 0.20362932980060577
0.22151899337768555 -0.24683544039726257 0.2048482745885849
0.22151899337768555 -0.23417721688747406 0.2060062736272812
0.22151899337768555 -0.22151899337768555 0.20710332691669464
0.22151899337768555 -0.20886075496673584 0.20813941955566406
0.22151899337768555 -0.19620253145694733 0.20911458134651184
0.22151899337768555 -0.1835443079471588 0.2100287824869156
0.22151899337768555 -0.1708860695362091 0.2108820527791977
0.22151899337768555 -0.1582278460264206 0.21167436242103577
0.22151899337768555 -0.14556962251663208 0.212405726313591
0.22151899337768555 -0.13291139900684357 0.2130761444568634
0.22151899337768555 -0.12025316804647446 0.21368561685085297
0.22151899337768555 -0.10759493708610535 0.2142341434955597
0.22151899337768555 -0.09493670612573624 0.21472172439098358
0.22151899337768555 -0.08227848261594772 0.21514835953712463
0.22151899337768555 -0.06962025165557861 0.21551403403282166
0.22151899337768555 -0.0569620244204998 0.21581877768039703
0.22151899337768555 -0.04430379718542099 0.21606256067752838
0.22151899337768555 -0.03164556995034218 0.21624541282653809
0.22151899337768555 -0.018987340852618217 0.21636730432510376
0.22151899337768555 -0.006329114083200693 0.2164282500743866
0.22151899337768555 0.006329114083200693 0.2164282500743866
0.22151899337768555 0.018987340852618217 0.21636730432510376
0.22151899337768555 0.03164556995034218 0.21624541282653809
0.22151899337768555 0.04430379718542099 0.21606256067752838
0.22151899337768555 0.0569620244204998 0.21581877768039703
0.22151899337768555 0.06962025165557861 0.21551403403282166
0.22151899337768555 0.08227848261594772 0.21514835953712463
0.22151899337768555 0.09493670612573624 0.21472172439098358
0.22151899337768555 0.10759493708610535 0.2142341434955597
0.22151899337768555 0.12025316804647446 0.21368561685085297
0.22151899337768555 0.13291139900684357 0.2130761444568634
0.22151899337768555 0.14556962251663208 0.212405726313591
0.22151899337768555 0.1582278460264206 0.21167436242103577
0.22151899337768555 0.1708860695362091 0.2108820527791977
0.22151899337768555 0.1835443079471588 0.2100287824869156
0.22151899337768555 0.19620253145694733 0.20911458134651184
0.22151899337768555 0.20886075496673584 0.20813941955566406
0.22151899337768555 0.22151899337768555 0.20710332691669464
0.22151899337768555 0.23417721688747406 0.2060062736272812
0.22151899337768555 0.24683544039726257 0.2048482745885849
0.22151899337768555 0.2594936788082123 0.20362932980060577
0.22151899337768555 0.2721518874168396 0.2023494392633438
0.22151899337768555 0.2848101258277893 0.201008602976799
0.22151899337768555 0.297468364238739 0.19960680603981018
0.22151899337768555 0.31012657284736633 0.1981440782546997
0.22151899337768555 0.32278481125831604 0.1966203898191452
0.22151899337768555 0.33544304966926575 0.19503577053546906
0.22151899337768555 0.34810125827789307 0.19339019060134888
0.22151899337768555 0.3607594966888428 0.19168366491794586
0.22151899337768555 0.3734177350997925 0.18991619348526
0.22151899337768555 0.3860759437084198 0.18808777630329132
0.22151899337768555 0.3987341821193695 0.1861984133720398
0.22151899337768555 0.4113923907279968 0.18424810469150543
0.22151899337768555 0.42405062913894653 0.18223685026168823
0.22151899337768555 0.43670886754989624 0.180164635181427
0.22151899337768555 0.44936707615852356 0.17803148925304413
0.22151899337768555 0.46202531456947327 0.17583738267421722
0.22151899337768555 0.474683552980423 0.17358234524726868
0.22151899337768555 0.4873417615890503 0.1712663471698761
0.22151899337768555 0.5 0.16888940334320068
0.23417721688747406 -0.5 0.16802415251731873
0.23417721688747406 -0.4873417615890503 0.1703866720199585
0.23417721688747406 -0.474683552980423 0.17268861830234528
0.23417721688747406 -0.46202531456947327 0.17492999136447906
0.23417721688747406 -0.44936707615852356 0.17711079120635986
0.23417721688747406 -0.43670886754989624 0.17923100292682648
0.23417721688747406 -0.42405062913894653 0.1812906414270401
0.23417721688747406 -0.4113923907279968 0.18328969180583954
0.23417721688747406 -0.3987341821193695 0.185228168964386
0.23417721688747406 -0.3860759437084198 0.18710607290267944
0.23417721688747406 -0.3734177350997925 0.1889234036207199
0.23417721688747406 -0.3607594966888428 0.19068016111850739
0.23417721688747406 -0.34810125827789307 0.19237633049488068
0.23417721688747406 -0.33544304966926575 0.19401191174983978
0.23417721688747406 -0.32278481125831604 0.1955869346857071
0.23417721688747406 -0.31012657284736633 0.19710136950016022
0.23417721688747406 -0.297468364238739 0.19855523109436035
0.23417721688747406 -0.2848101258277893 0.1999485194683075
0.23417721688747406 -0.2721518874168396 0.20128121972084045
0.23417721688747406 -0.2594936788082123 0.20255334675312042
0.23417721688747406 -0.24683544039726257 0.2037649005651474
0.23417721688747406 -0.23417721688747406 0.2049158811569214
0.23417721688747406 -0.22151899337768555 0.2060062736272812
0.23417721688747406 -0.20886075496673584 0.207036092877388
0.23417721688747406 -0.19620253145694733 0.20800532400608063
0.23417721688747406 -0.1835443079471588 0.20891399681568146
0.23417721688747406 -0.1708860695362091 0.2097620815038681
0.23417721688747406 -0.1582278460264206 0.21054959297180176
0.23417721688747406 -0.14556962251663208 0.21127651631832123
0.23417721688747406 -0.13291139900684357 0.2119428664445877
0.23417721688747406 -0.12025316804647446 0.2125486433506012
0.23417721688747406 -0.10759493708610535 0.2130938470363617
0.23417721688747406 -0.09493670612573624 0.213578462600708
0.23417721688747406 -0.08227848261594772 0.21400250494480133
0.23417721688747406 -0.06962025165557861 0.21436597406864166
0.23417721688747406 -0.0569620244204998 0.2146688550710678
0.23417721688747406 -0.04430379718542099 0.21491116285324097
0.23417721688747406 -0.03164556995034218 0.21509289741516113
0.23417721688747406 -0.018987340852618217 0.2152140587568283
0.23417721688747406 -0.006329114083200693 0.2152746319770813
0.23417721688747406 0.006329114083200693 0.2152746319770813
0.23417721688747406 0.018987340852618217 0.2152140587568283
0.23417721688747406 0.03164556995034218 0.21509289741516113
0.23417721688747406 0.04430379718542099 0.21491116285324097
0.23417721688747406 0.0569620244204998 0.2146688550710678
0.23417721688747406 0.06962025165557861 0.21436597406864166
0.23417721688747406 0.08227848261594772 0.21400250494480133
0.23417721688747406 0.09493670612573624 0.213578462600708
0.23417721688747406 0.10759493708610535 0.2130938470363617
0.23417721688747406 0.12025316804647446 0.2125486433506012
0.23417721688747406 0.13291139900684357 0.2119428664445877
0.23417721688747406 0.14556962251663208 0.21127651631832123
0.23417721688747406 0.1582278460264206 0.21054959297180176
0.23417721688747406 0.1708860695362091 0.2097620815038681
0.23417721688747406 0.1835443079471588 0.20891399681568146
0.23417721688747406 0.19620253145694733 0.20800532400608063
0.23417721688747406 0.20886075496673584 0.207036092877388
0.23417721688747406 0.22151899337768555 0.2060062736272812
0.23417721688747406 0.23417721688747406 0.2049158811569214
0.23417721688747406 0.24683544039726257 0.2037649005651474
0.23417721688747406 0.2594936788082123 0.20255334675312042
0.23417721688747406 0.2721518874168396 0.20128121972084045
0.23417721688747406 0.2848101258277893 0.1999485194683075
0.23417721688747406 0.297468364238739 0.19855523109436035
0.23417721688747406 0.31012657284736633 0.19710136950016022
0.23417721688747406 0.32278481125831604 0.1955869346857071
0.23417721688747406 0.33544304966926575 0.19401191174983978
0.23417721688747406 0.34810125827789307 0.19237633049488068
0.23417721688747406 0.3607594966888428 0.19068016111850739
0.23417721688747406 0.3734177350997925 0.1889234036207199
0.23417721688747406 0.3860759437084198 0.18710607290267944
0.23417721688747406 0.3987341821193695 0.185228168964386
0.23417721688747406 0.4113923907279968 0.18328969180583954
0.23417721688747406 0.42405062913894653 0.1812906414270401
0.23417721688747406 0.43670886754989624 0.17923100292682648
0.23417721688747406 0.44936707615852356 0.17711079120635986
0.23417721688747406 0.46202531456947327 0.17492999136447906
0.23417721688747406 0.474683552980423 0.17268861830234528
0.23417721688747406 0.4873417615890503 0.1703866720199585
0.23417721688747406 0.5 0.16802415251731873
0.24683544039726257 -0.5 0.1671108454465866
0.24683544039726257 -0.4873417615890503 0.16945815086364746
0.24683544039726257 -0.474683552980423 0.17174525558948517
0.24683544039726257 -0.46202531456947327 0.17397218942642212
0.24683544039726257 -0.44936707615852356 0.17613893747329712
0.24683544039726257 -0.43670886754989624 0.17824548482894897
0.24683544039726257 -0.42405062913894653 0.18029186129570007
0.24683544039726257 -0.4113923907279968 0.18227803707122803
0.24683544039726257 -0.3987341821193695 0.18420402705669403
0.24683544039726257 -0.3860759437084198 0.18606983125209808
0.24683544039726257 -0.3734177350997925 0.18787544965744019
0.24683544039726257 -0.3607594966888428 0.18962088227272034
0.24683544039726257 -0.34810125827789307 0.19130612909793854
0.24683544039726257 -0.33544304966926575 0.1929311901330948
0.24683544039726257 -0.32278481125831604 0.1944960653781891
0.24683544039726257 -0.31012657284736633 0.19600073993206024
0.24683544039726257 -0.297468364238739 0.19744524359703064
0.24683544039726257 -0.2848101258277893 0.1988295465707779
0.24683544039726257 -0.2721518874168396 0.2001536637544632
0.24683544039726257 -0.2594936788082123 0.20141759514808655
0.24683544039726257 -0.24683544039726257 0.20262134075164795
0.24683544039726257 -0.23417721688747406 0.2037649005651474
0.24683544039726257 -0.22151899337768555 0.2048482745885849
0.24683544039726257 -0.20886075496673584 0.20587146282196045
0.24683544039726257 -0.19620253145694733 0.20683445036411285
0.24683544039726257 -0.1835443079471588 0.2077372670173645
0.24683544039726257 -0.1708860695362091 0.208579882979393
0.24683544039726257 -0.1582278460264206 0.20936232805252075
0.24683544039726257 -0.14556962251663208 0.21008457243442535
0.24683544039726257 -0.13291139900684357 0.210746631026268
0.24683544039726257 -0.12025316804647446 0.2113485038280487
0.24683544039726257 -0.10759493708610535 0.21189019083976746
0.24683544039726257 -0.09493670612573624 0.21237169206142426
0.24683544039726257 -0.08227848261594772 0.2127929925918579
0.24683544039726257 -0.06962025165557861 0.2131541222333908
0.24683544039726257 -0.0569620244204998 0.21345505118370056
0.24683544039726257 -0.04430379718542099 0.21369580924510956
0.24683544039726257 -0.03164556995034218 0.2138763666152954
0.24683544039726257 -0.018987340852618217 0.2139967381954193
0.24683544039726257 -0.006329114083200693 0.21405692398548126
0.24683544039726257 0.006329114083200693 0.21405692398548126
0.24683544039726257 0.018987340852618217 0.2139967381954193
0.24683544039726257 0.03164556995034218 0.2138763666152954
0.24683544039726257 0.04430379718542099 0.21369580924510956
0.24683544039726257 0.0569620244204998 0.21345505118370056
0.24683544039726257 0.06962025165557861 0.2131541222333908
0.24683544039726257 0.08227848261594772 0.2127929925918579
0.24683544039726257 0.09493670612573624 0.21237169206142426
0.24683544039726257 0.10759493708610535 0.21189019083976746
0.24683544039726257 0.12025316804647446 0.2113485038280487
0.24683544039726257 0.13291139900684357 0.210746631026268
0.24683544039726257 0.14556962251663208 0.21008457243442535
0.24683544039726257 0.1582278460264206 0.20936232805252075
0.24683544039726257 0.1708860695362091 0.208579882979393
0.24683544039726257 0.1835443079471588 0.2077372670173645
0.24683544039726257 0.19620253145694733 0.20683445036411285
0.24683544039726257 0.20886075496673584 0.20587146282196045
0.24683544039726257 0.22151899337768555 0.2048482745885849
0.24683544039726257 0.23417721688747406 0.2037649005651474
0.24683544039726257 0.24683544039726257 0.20262134075164795
0.24683544039726257 0.2594936788082123 0.20141759514808655
0.24683544039726257 0.2721518874168396 0.2001536637544632
0.24683544039726257 0.2848101258277893 0.1988295465707779
0.24683544039726257 0.297468364238739 0.19744524359703064
0.24683544039726257 0.31012657284736633 0.19600073993206024
0.24683544039726257 0.32278481125831604 0.1944960653781891
0.24683544039726257 0.33544304966926575 0.1929311901330948
0.24683544039726257 0.34810125827789307 0.19130612909793854
0.24683544039726257 0.3607594966888428 0.18962088227272034
0.24683544039726257 0.3734177350997925 0.18787544965744019
0.24683544039726257 0.3860759437084198 0.18606983125209808
0.24683544039726257 0.3987341821193695 0.18420402705669403
0.24683544039726257 0.4113923907279968 0.18227803707122803
0.24683544039726257 0.42405062913894653 0.18029186129570007
0.24683544039726257 0.43670886754989624 0.17824548482894897
0.24683544039726257 0.44936707615852356 0.17613893747329712
0.24683544039726257 0.46202531456947327 0.17397218942642212
0.24683544039726257 0.474683552980423 0.17174525558948517
0.24683544039726257 0.4873417615890503 0.16945815086364746
0.24683544039726257 0.5 0.1671108454465866
0.2594936788082123 -0.5 0.16614945232868195
0.2594936788082123 -0.4873417615890503 0.1684807389974594
0.2594936788082123 -0.474683552980423 0.17075224220752716
0.2594936788082123 -0.46202531456947327 0.1729639768600464
0.2594936788082123 -0.44936707615852356 0.1751159280538559
0.2594936788082123 -0.43670886754989624 0.17720811069011688
0.2594936788082123 -0.42405062913894653 0.17924050986766815
0.2594936788082123 -0.4113923907279968 0.1812131404876709
0.2594936788082123 -0.3987341821193695 0.18312598764896393
0.2594936788082123 -0.3860759437084198 0.18497905135154724
0.2594936788082123 -0.3734177350997925 0.18677234649658203
0.2594936788082123 -0.3607594966888428 0.1885058730840683
0.2594936788082123 -0.34810125827789307 0.19017961621284485
0.2594936788082123 -0.33544304966926575 0.19179357588291168
0.2594936788082123 -0.32278481125831604 0.19334776699543
0.2594936788082123 -0.31012657284736633 0.1948421746492386
0.2594936788082123 -0.297468364238739 0.19627681374549866
0.2594936788082123 -0.2848101258277893 0.1976516842842102
0.2594936788082123 -0.2721518874168396 0.19896675646305084
0.2594936788082123 -0.2594936788082123 0.20022207498550415
0.2594936788082123 -0.24683544039726257 0.20141759514808655
0.2594936788082123 -0.23417721688747406 0.20255334675312042
0.2594936788082123 -0.22151899337768555 0.20362932980060577
0.2594936788082123 -0.20886075496673584 0.2046455293893814
0.2594936788082123 -0.19620253145694733 0.20560196042060852
0.2594936788082123 -0.1835443079471588 0.20649860799312592
0.2594936788082123 -0.1708860695362091 0.2073354721069336
0.2594936788082123 -0.1582278460264206 0.20811256766319275
0.2594936788082123 -0.14556962251663208 0.2088298797607422
0.2594936788082123 -0.13291139900684357 0.2094874233007431
0.2594936788082123 -0.12025316804647446 0.2100851982831955
0.2594936788082123 -0.10759493708610535 0.21062317490577698
0.2594936788082123 -0.09493670612573624 0.21110139787197113
0.2594936788082123 -0.08227848261594772 0.21151982247829437
0.2594936788082123 -0.06962025165557861 0.21187849342823029
0.2594936788082123 -0.0569620244204998 0.2121773660182953
0.2594936788082123 -0.04430379718542099 0.21241647005081177
0.2594936788082123 -0.03164556995034218 0.21259580552577972
0.2594936788082123 -0.018987340852618217 0.21271535754203796
0.2594936788082123 -0.006329114083200693 0.21277514100074768
0.2594936788082123 0.006329114083200693 0.21277514100074768
0.2594936788082123 0.018987340852618217 0.21271535754203796
0.2594936788082123 0.03164556995034218 0.21259580552577972
0.2594936788082123 0.04430379718542099 0.21241647005081177
0.2594936788082123 0.0569620244204998 0.2121773660182953
0.2594936788082123 0.06962025165557861 0.21187849342823029
0.2594936788082123 0.08227848261594772 0.21151982247829437
0.2594936788082123 0.09493670612573624 0.21110139787197113
0.2594936788082123 0.10759493708610535 0.21062317490577698
0.2594936788082123 0.12025316804647446 0.2100851982831955
0.2594936788082123 0.13291139900684357 0.2094874233007431
0.2594936788082123 0.14556962251663208 0.2088298797607422
0.2594936788082123 0.1582278460264206 0.20811256766319275
0.2594936788082123 0.1708860695362091 0.2073354721069336
0.2594936788082123 0.1835443079471588 0.20649860799312592
0.2594936788082123 0.19620253145694733 0.20560196042060852
0.2594936788082123 0.20886075496673584 0.2046455293893814
0.2594936788082123 0.22151899337768555 0.20362932980060577
0.2594936788082123 0.23417721688747406 0.20255334675312042
0.2594936788082123 0.24683544039726257 0.20141759514808655
0.2594936788082123 0.2594936788082123 0.20022207498550415
0.2594936788082123 0.2721518874168396 0.19896675646305084
0.2594936788082123 0.2848101258277893 0.1976516842842102
0.2594936788082123 0.297468364238739 0.19627681374549866
0.2594936788082123 0.31012657284736633 0.1948421746492386
0.2594936788082123 0.32278481125831604 0.19334776699543
0.2594936788082123 0.33544304966926575 0.19179357588291168
0.2594936788082123 0.34810125827789307 0.19017961621284485
0.2594936788082123 0.3607594966888428 0.1885058730840683
0.2594936788082123 0.3734177350997925 0.18677234649658203
0.2594936788082123 0.3860759437084198 0.18497905135154724
0.2594936788082123 0.3987341821193695 0.18312598764896393
0.2594936788082123 0.4113923907279968 0.1812131404876709
0.2594936788082123 0.42405062913894653 0.17924050986766815
0.2594936788082123 0.43670886754989624 0.17720811069011688
0.2594936788082123 0.44936707615852356 0.1751159280538559
0.2594936788082123 0.46202531456947327 0.1729639768600464
0.2594936788082123 0.474683552980423 0.17075224220752716
0.2594936788082123 0.4873417615890503 0.1684807389974594
0.2594936788082123 0.5 0.16614945232868195
0.2721518874168396 -0.5 0.16514000296592712
0.2721518874168396 -0.4873417615890503 0.16745446622371674
0.2721518874168396 -0.474683552980423 0.16970957815647125
0.2721518874168396 -0.46202531456947327 0.17190535366535187
0.2721518874168396 -0.44936707615852356 0.1740417778491974
0.2721518874168396 -0.43670886754989624 0.176118865609169
0.2721518874168396 -0.42405062913894653 0.17813660204410553
0.2721518874168396 -0.4113923907279968 0.18009498715400696
0.2721518874168396 -0.3987341821193695 0.18199403584003448
0.2721518874168396 -0.3860759437084198 0.18383373320102692
0.2721518874168396 -0.3734177350997925 0.18561409413814545
0.2721518874168396 -0.3607594966888428 0.18733510375022888
0.2721518874168396 -0.34810125827789307 0.18899676203727722
0.2721518874168396 -0.33544304966926575 0.19059908390045166
0.2721518874168396 -0.32278481125831604 0.1921420693397522
0.2721518874168396 -0.31012657284736633 0.19362568855285645
0.2721518874168396 -0.297468364238739 0.1950499713420868
0.2721518874168396 -0.2848101258277893 0.19641491770744324
0.2721518874168396 -0.2721518874168396 0.1977205127477646
0.2721518874168396 -0.2594936788082123 0.19896675646305084
0.2721518874168396 -0.24683544039726257 0.2001536637544632
0.2721518874168396 -0.23417721688747406 0.20128121972084045
0.2721518874168396 -0.22151899337768555 0.2023494392633438
0.2721518874168396 -0.20886075496673584 0.20335830748081207
0.2721518874168396 -0.19620253145694733 0.20430782437324524
0.2721518874168396 -0.1835443079471588 0.2051980048418045
0.2721518874168396 -0.1708860695362091 0.20602883398532867
0.2721518874168396 -0.1582278460264206 0.20680032670497894
0.2721518874168396 -0.14556962251663208 0.20751246809959412
0.2721518874168396 -0.13291139900684357 0.2081652581691742
0.2721518874168396 -0.12025316804647446 0.20875871181488037
0.2721518874168396 -0.10759493708610535 0.20929282903671265
0.2721518874168396 -0.09493670612573624 0.20976758003234863
0.2721518874168396 -0.08227848261594772 0.21018299460411072
0.2721518874168396 -0.06962025165557861 0.2105390727519989
0.2721518874168396 -0.0569620244204998 0.210835799574852
0.2721518874168396 -0.04430379718542099 0.21107317507266998
0.2721518874168396 -0.03164556995034218 0.21125121414661407
0.2721518874168396 -0.018987340852618217 0.21136990189552307
0.2721518874168396 -0.006329114083200693 0.21142925322055817
0.2721518874168396 0.006329114083200693 0.21142925322055817
0.2721518874168396 0.018987340852618217 0.21136990189552307
0.2721518874168396 0.03164556995034218 0.21125121414661407
0.2721518874168396 0.04430379718542099 0.21107317507266998
0.2721518874168396 0.0569620244204998 0.210835799574852
0.2721518874168396 0.06962025165557861 0.2105390727519989
0.2721518874168396 0.08227848261594772 0.21018299460411072
0.2721518874168396 0.09493670612573624 0.20976758003234863
0.2721518874168396 0.10759493708610535 0.20929282903671265
0.2721518874168396 0.12025316804647446 0.20875871181488037
0.2721518874168396 0.13291139900684357 0.2081652581691742
0.2721518874168396 0.14556962251663208 0.20751246809959412
0.2721518874168396 0.1582278460264206 0.20680032670497894
0.2721518874168396 0.1708860695362091 0.20602883398532867
0.2721518874168396 0.1835443079471588 0.2051980048418045
0.2721518874168396 0.19620253145694733 0.20430782437324524
0.2721518874168396 0.20886075496673584 0.20335830748081207
0.2721518874168396 0.22151899337768555 0.2023494392633438
0.2721518874168396 0.23417721688747406 0.20128121972084045
0.2721518874168396 0.24683544039726257 0.2001536637544632
0.2721518874168396 0.2594936788082123 0.19896675646305084
0.2721518874168396 0.2721518874168396 0.1977205127477646
0.2721518874168396 0.2848101258277893 0.19641491770744324
0.2721518874168396 0.297468364238739 0.1950499713420868
0.2721518874168396 0.31012657284736633 0.19362568855285645
0.2721518874168396 0.32278481125831604 0.1921420693397522
0.2721518874168396 0.33544304966926575 0.19059908390045166
0.2721518874168396 0.34810125827789307 0.18899676203727722
0.2721518874168396 0.3607594966888428 0.18733510375022888
0.2721518874168396 0.3734177350997925 0.18561409413814545
0.2721518874168396 0.3860759437084198 0.18383373320102692
0.2721518874168396 0.3987341821193695 0.18199403584003448
0.2721518874168396 0.4113923907279968 0.18009498715400696
0.2721518874168396 0.42405062913894653 0.17813660204410553
0.2721518874168396 0.43670886754989624 0.176118865609169
0.2721518874168396 0.44936707615852356 0.1740417778491974
0.2721518874168396 0.46202531456947327 0.17190535366535187
0.2721518874168396 0.474683552980423 0.16970957815647125
0.2721518874168396 0.4873417615890503 0.16745446622371674
0.2721518874168396 0.5 0.16514000296592712
0.2848101258277893 -0.5 0.16408248245716095
0.2848101258277893 -0.4873417615890503 0.16637931764125824
0.2848101258277893 -0.474683552980423 0.16861726343631744
0.2848101258277893 -0.46202531456947327 0.17079631984233856
0.2848101258277893 -0.44936707615852356 0.1729164719581604
0.2848101258277893 -0.43670886754989624 0.17497774958610535
0.2848101258277893 -0.42405062913894653 0.176980122923851
0.2848101258277893 -0.4113923907279968 0.1789235919713974
0.2848101258277893 -0.3987341821193695 0.1808081865310669
0.2848101258277893 -0.3860759437084198 0.1826338768005371
0.2848101258277893 -0.3734177350997925 0.18440067768096924
0.2848101258277893 -0.3607594966888428 0.18610858917236328
0.2848101258277893 -0.34810125827789307 0.18775759637355804
0.2848101258277893 -0.33544304966926575 0.18934771418571472
0.2848101258277893 -0.32278481125831604 0.1908789426088333
0.2848101258277893 -0.31012657284736633 0.19235128164291382
0.2848101258277893 -0.297468364238739 0.19376471638679504
0.2848101258277893 -0.2848101258277893 0.19511926174163818
0.2848101258277893 -0.2721518874168396 0.19641491770744324
0.2848101258277893 -0.2594936788082123 0.1976516842842102
0.2848101258277893 -0.24683544039726257 0.1988295465707779
0.2848101258277893 -0.23417721688747406 0.1999485194683075
0.2848101258277893 -0.22151899337768555 0.201008602976799
0.2848101258277893 -0.20886075496673584 0.20200978219509125
0.2848101258277893 -0.19620253145694733 0.2029520720243454
0.2848101258277893 -0.1835443079471588 0.20383547246456146
0.2848101258277893 -0.1708860695362091 0.20465998351573944
0.2848101258277893 -0.1582278460264206 0.20542559027671814
0.2848101258277893 -0.14556962251663208 0.20613232254981995
0.2848101258277893 -0.13291139900684357 0.20678015053272247
0.2848101258277893 -0.12025316804647446 0.20736907422542572
0.2848101258277893 -0.10759493708610535 0.20789912343025208
0.2848101258277893 -0.09493670612573624 0.20837026834487915
0.2848101258277893 -0.08227848261594772 0.20878252387046814
0.2848101258277893 -0.06962025165557861 0.20913587510585785
0.2848101258277893 -0.0569620244204998 0.20943033695220947
0.2848101258277893 -0.04430379718542099 0.2096659243106842
0.2848101258277893 -0.03164556995034218 0.20984259247779846
0.2848101258277893 -0.018987340852618217 0.20996038615703583
0.2848101258277893 -0.006329114083200693 0.2100192755460739
0.2848101258277893 0.006329114083200693 0.2100192755460739
0.2848101258277893 0.018987340852618217 0.20996038615703583
0.2848101258277893 0.03164556995034218 0.20984259247779846
0.2848101258277893 0.04430379718542099 0.2096659243106842
0.2848101258277893 0.0569620244204998 0.20943033695220947
0.2848101258277893 0.06962025165557861 0.20913587510585785
0.2848101258277893 0.08227848261594772 0.20878252387046814
0.2848101258277893 0.09493670612573624 0.20837026834487915
0.2848101258277893 0.10759493708610535 0.20789912343025208
0.2848101258277893 0.12025316804647446 0.20736907422542572
0.2848101258277893 0.13291139900684357 0.20678015053272247
0.2848101258277893 0.14556962251663208 0.20613232254981995
0.2848101258277893 0.1582278460264206 0.20542559027671814
0.2848101258277893 0.1708860695362091 0.20465998351573944
0.2848101258277893 0.1835443079471588 0.20383547246456146
0.2848101258277893 0.19620253145694733 0.2029520720243454
0.2848101258277893 0.20886075496673584 0.20200978219509125
0.2848101258277893 0.22151899337768555 0.201008602976799
0.2848101258277893 0.23417721688747406 0.1999485194683075
0.2848101258277893 0.24683544039726257 0.1988295465707779
0.2848101258277893 0.2594936788082123 0.1976516842842102
0.2848101258277893 0.2721518874168396 0.19641491770744324
0.2848101258277893 0.2848101258277893 0.19511926174163818
0.2848101258277893 0.297468364238739 0.19376471638679504
0.2848101258277893 0.31012657284736633 0.19235128164291382
0.2848101258277893 0.32278481125831604 0.1908789426088333
0.2848101258277893 0.33544304966926575 0.18934771418571472
0.2848101258277893 0.34810125827789307 0.18775759637355804
0.2848101258277893 0.3607594966888428 0.18610858917236328
0.2848101258277893 0.3734177350997925 0.18440067768096924
0.2848101258277893 0.3860759437084198 0.1826338768005371
0.2848101258277893 0.3987341821193695 0.1808081865310669
0.2848101258277893 0.4113923907279968 0.1789235919713974
0.2848101258277893 0.42405062913894653 0.176980122923851
0.2848101258277893 0.43670886754989624 0.17497774958610535
0.2848101258277893 0.44936707615852356 0.1729164719581604
0.2848101258277893 0.46202531456947327 0.17079631984233856
0.2848101258277893 0.474683552980423 0.16861726343631744
0.2848101258277893 0.4873417615890503 0.16637931764125824
0.2848101258277893 0.5 0.16408248245716095
0.297468364238739 -0.5 0.16297689080238342
0.297468364238739 -0.4873417615890503 0.16525530815124512
0.297468364238739 -0.474683552980423 0.16747529804706573
0.297468364238739 -0.46202531456947327 0.16963687539100647
0.297468364238739 -0.44936707615852356 0.17174002528190613
0.297468364238739 -0.43670886754989624 0.1737847626209259
0.297468364238739 -0.42405062913894653 0.1757710725069046
0.297468364238739 -0.4113923907279968 0.17769895493984222
0.297468364238739 -0.3987341821193695 0.17956842482089996
0.297468364238739 -0.3860759437084198 0.18137948215007782
0.297468364238739 -0.3734177350997925 0.1831321120262146
0.297468364238739 -0.3607594966888428 0.1848263144493103
0.297468364238739 -0.34810125827789307 0.18646210432052612
0.297468364238739 -0.33544304966926575 0.18803946673870087
0.297468364238739 -0.32278481125831604 0.18955841660499573
0.297468364238739 -0.31012657284736633 0.1910189390182495
0.297468364238739 -0.297468364238739 0.19242103397846222
0.297468364238739 -0.2848101258277893 0.19376471638679504
0.297468364238739 -0.2721518874168396 0.1950499713420868
0.297468364238739 -0.2594936788082123 0.19627681374549866
0.297468364238739 -0.24683544039726257 0.19744524359703064
0.297468364238739 -0.23417721688747406 0.19855523109436035
0.297468364238739 -0.22151899337768555 0.19960680603981018
0.297468364238739 -0.20886075496673584 0.20059996843338013
0.297468364238739 -0.19620253145694733 0.201534703373909
0.297468364238739 -0.1835443079471588 0.2024110108613968
0.297468364238739 -0.1708860695362091 0.2032289057970047
0.297468364238739 -0.1582278460264206 0.20398838818073273
0.297468364238739 -0.14556962251663208 0.20468942821025848
0.297468364238739 -0.13291139900684357 0.20533205568790436
0.297468364238739 -0.12025316804647446 0.20591627061367035
0.297468364238739 -0.10759493708610535 0.20644205808639526
0.297468364238739 -0.09493670612573624 0.2069094330072403
0.297468364238739 -0.08227848261594772 0.20731838047504425
0.297468364238739 -0.06962025165557861 0.20766890048980713
0.297468364238739 -0.0569620244204998 0.20796100795269012
0.297468364238739 -0.04430379718542099 0.20819468796253204
0.297468364238739 -0.03164556995034218 0.20836995542049408
0.297468364238739 -0.018987340852618217 0.20848679542541504
0.297468364238739 -0.006329114083200693 0.20854520797729492
0.297468364238739 0.006329114083200693 0.20854520797729492
0.297468364238739 0.018987340852618217 0.20848679542541504
0.297468364238739 0.03164556995034218 0.20836995542049408
0.297468364238739 0.04430379718542099 0.20819468796253204
0.297468364238739 0.0569620244204998 0.20796100795269012
0.297468364238739 0.06962025165557861 0.20766890048980713
0.297468364238739 0.08227848261594772 0.20731838047504425
0.297468364238739 0.09493670612573624 0.2069094330072403
0.297468364238739 0.10759493708610535 0.20644205808639526
0.297468364238739 0.12025316804647446 0.20591627061367035
0.297468364238739 0.13291139900684357 0.20533205568790436
0.297468364238739 0.14556962251663208 0.20468942821025848
0.297468364238739 0.1582278460264206 0.20398838818073273
0.297468364238739 0.1708860695362091 0.2032289057970047
0.297468364238739 0.1835443079471588 0.2024110108613968
0.297468364238739 0.19620253145694733 0.201534703373909
0.297468364238739 0.20886075496673584 0.20059996843338013
0.297468364238739 0.22151899337768555 0.19960680603981018
0.297468364238739 0.23417721688747406 0.19855523109436035
0.297468364238739 0.24683544039726257 0.19744524359703064
0.297468364238739 0.2594936788082123 0.19627681374549866
0.297468364238739 0.2721518874168396 0.1950499713420868
0.297468364238739 0.2848101258277893 0.19376471638679504
0.297468364238739 0.297468364238739 0.19242103397846222
0.297468364238739 0.31012657284736633 0.1910189390182495
0.297468364238739 0.32278481125831604 0.18955841660499573
0.297468364238739 0.33544304966926575 0.18803946673870087
0.297468364238739 0.34810125827789307 0.18646210432052612
0.297468364238739 0.3607594966888428 0.1848263144493103
0.297468364238739 0.3734177350997925 0.1831321120262146
0.297468364238739 0.3860759437084198 0.18137948215007782
0.297468364238739 0.3987341821193695 0.17956842482089996
0.297468364238739 0.4113923907279968 0.17769895493984222
0.297468364238739 0.42405062913894653 0.1757710725069046
0.297468364238739 0.43670886754989624 0.1737847626209259
0.297468364238739 0.44936707615852356 0.17174002528190613
0.297468364238739 0.46202531456947327 0.16963687539100647
0.297468364238739 0.474683552980423 0.16747529804706573
0.297468364238739 0.4873417615890503 0.16525530815124512
0.297468364238739 0.5 0.16297689080238342
0.31012657284736633 -0.5 0.16182322800159454
0.31012657284736633 -0.4873417615890503 0.16408242285251617
0.31012657284736633 -0.474683552980423 0.16628368198871613
0.31012657284736633 -0.46202531456947327 0.1684270203113556
0.31012657284736633 -0.44936707615852356 0.17051242291927338
0.31012657284736633 -0.43670886754989624 0.17253990471363068
0.31012657284736633 -0.42405062913894653 0.1745094507932663
0.31012657284736633 -0.4113923907279968 0.17642107605934143
0.31012657284736633 -0.3987341821193695 0.17827478051185608
0.31012657284736633 -0.3860759437084198 0.18007054924964905
0.31012657284736633 -0.3734177350997925 0.18180838227272034
0.31012657284736633 -0.3607594966888428 0.18348829448223114
0.31012657284736633 -0.34810125827789307 0.18511028587818146
0.31012657284736633 -0.33544304966926575 0.1866743415594101
0.31012657284736633 -0.32278481125831604 0.18818046152591705
0.31012657284736633 -0.31012657284736633 0.18962866067886353
0.31012657284736633 -0.297468364238739 0.1910189390182495
0.31012657284736633 -0.2848101258277893 0.19235128164291382
0.31012657284736633 -0.2721518874168396 0.19362568855285645
0.31012657284736633 -0.2594936788082123 0.1948421746492386
0.31012657284736633 -0.24683544039726257 0.19600073993206024
0.31012657284736633 -0.23417721688747406 0.19710136950016022
0.31012657284736633 -0.22151899337768555 0.1981440782546997
0.31012657284736633 -0.20886075496673584 0.19912885129451752
0.31012657284736633 -0.19620253145694733 0.20005570352077484
0.31012657284736633 -0.1835443079471588 0.20092462003231049
0.31012657284736633 -0.1708860695362091 0.20173561573028564
0.31012657284736633 -0.1582278460264206 0.20248867571353912
0.31012657284736633 -0.14556962251663208 0.20318381488323212
0.31012657284736633 -0.13291139900684357 0.20382101833820343
0.31012657284736633 -0.12025316804647446 0.20440030097961426
0.31012657284736633 -0.10759493708610535 0.2049216479063034
0.31012657284736633 -0.09493670612573624 0.20538507401943207
0.31012657284736633 -0.08227848261594772 0.20579057931900024
0.31012657284736633 -0.06962025165557861 0.20613813400268555
0.31012657284736633 -0.0569620244204998 0.20642778277397156
0.31012657284736633 -0.04430379718542099 0.2066594958305359
0.31012657284736633 -0.03164556995034218 0.20683327317237854
0.31012657284736633 -0.018987340852618217 0.2069491297006607
0.31012657284736633 -0.006329114083200693 0.20700706541538239
0.31012657284736633 0.006329114083200693 0.20700706541538239
0.31012657284736633 0.018987340852618217 0.2069491297006607
0.31012657284736633 0.03164556995034218 0.20683327317237854
0.31012657284736633 0.04430379718542099 0.2066594958305359
0.31012657284736633 0.0569620244204998 0.20642778277397156
0.31012657284736633 0.06962025165557861 0.20613813400268555
0.31012657284736633 0.08227848261594772 0.20579057931900024
0.31012657284736633 0.09493670612573624 0.20538507401943207
0.31012657284736633 0.10759493708610535 0.2049216479063034
0.31012657284736633 0.12025316804647446 0.20440030097961426
0.31012657284736633 0.13291139900684357 0.20382101833820343
0.31012657284736633 0.14556962251663208 0.20318381488323212
0.31012657284736633 0.1582278460264206 0.20248867571353912
0.31012657284736633 0.1708860695362091 0.20173561573028564
0.31012657284736633 0.1835443079471588 0.20092462003231049
0.31012657284736633 0.19620253145694733 0.20005570352077484
0.31012657284736633 0.20886075496673584 0.19912885129451752
0.31012657284736633 0.22151899337768555 0.1981440782546997
0.31012657284736633 0.23417721688747406 0.19710136950016022
0.31012657284736633 0.24683544039726257 0.19600073993206024
0.31012657284736633 0.2594936788082123 0.1948421746492386
0.31012657284736633 0.2721518874168396 0.19362568855285645
0.31012657284736633 0.2848101258277893 0.19235128164291382
0.31012657284736633 0.297468364238739 0.1910189390182495
0.31012657284736633 0.31012657284736633 0.18962866067886353
0.31012657284736633 0.32278481125831604 0.18818046152591705
0.31012657284736633 0.33544304966926575 0.1866743415594101
0.31012657284736633 0.34810125827789307 0.18511028587818146
0.31012657284736633 0.3607594966888428 0.18348829448223114
0.31012657284736633 0.3734177350997925 0.18180838227272034
0.31012657284736633 0.3860759437084198 0.18007054924964905
0.31012657284736633 0.3987341821193695 0.17827478051185608
0.31012657284736633 0.4113923907279968 0.17642107605934143
0.31012657284736633 0.42405062913894653 0.1745094507932663
0.31012657284736633 0.43670886754989624 0.17253990471363068
0.31012657284736633 0.44936707615852356 0.17051242291927338
0.31012657284736633 0.46202531456947327 0.1684270203113556
0.31012657284736633 0.474683552980423 0.16628368198871613
0.31012657284736633 0.4873417615890503 0.16408242285251617
0.31012657284736633 0.5 0.16182322800159454
0.32278481125831604 -0.5 0.1606214940547943
0.32278481125831604 -0.4873417615890503 0.1628606617450714
0.32278481125831604 -0.474683552980423 0.16504241526126862
0.32278481125831604 -0.46202531456947327 0.16716675460338593
0.32278481125831604 -0.44936707615852356 0.16923367977142334
0.32278481125831604 -0.43670886754989624 0.17124317586421967
0.32278481125831604 -0.42405062913894653 0.1731952726840973
0.32278481125831604 -0.4113923907279968 0.17508995532989502
0.32278481125831604 -0.3987341821193695 0.17692722380161285
0.32278481125831604 -0.3860759437084198 0.1787070631980896
0.32278481125831604 -0.3734177350997925 0.18042950332164764
0.32278481125831604 -0.3607594966888428 0.1820945292711258
0.32278481125831604 -0.34810125827789307 0.18370212614536285
0.32278481125831604 -0.33544304966926575 0.1852523237466812
0.32278481125831604 -0.32278481125831604 0.18674509227275848
0.32278481125831604 -0.31012657284736633 0.18818046152591705
0.32278481125831604 -0.297468364238739 0.18955841660499573
0.32278481125831604 -0.2848101258277893 0.1908789426088333
0.32278481125831604 -0.2721518874168396 0.1921420693397522
0.32278481125831604 -0.2594936788082123 0.19334776699543
0.32278481125831604 -0.24683544039726257 0.1944960653781891
0.32278481125831604 -0.23417721688747406 0.1955869346857071
0.32278481125831604 -0.22151899337768555 0.1966203898191452
0.32278481125831604 -0.20886075496673584 0.1975964456796646
0.32278481125831604 -0.19620253145694733 0.19851507246494293
0.32278481125831604 -0.1835443079471588 0.19937629997730255
0.32278481125831604 -0.1708860695362091 0.20018009841442108
0.32278481125831604 -0.1582278460264206 0.20092648267745972
0.32278481125831604 -0.14556962251663208 0.20161545276641846
0.32278481125831604 -0.13291139900684357 0.2022470235824585
0.32278481125831604 -0.12025316804647446 0.20282116532325745
0.32278481125831604 -0.10759493708610535 0.2033378928899765
0.32278481125831604 -0.09493670612573624 0.20379720628261566
0.32278481125831604 -0.08227848261594772 0.20419910550117493
0.32278481125831604 -0.06962025165557861 0.2045436054468155
0.32278481125831604 -0.0569620244204998 0.20483067631721497
0.32278481125831604 -0.04430379718542099 0.20506033301353455
0.32278481125831604 -0.03164556995034218 0.20523257553577423
0.32278481125831604 -0.018987340852618217 0.20534740388393402
0.32278481125831604 -0.006329114083200693 0.20540481805801392
0.32278481125831604 0.006329114083200693 0.20540481805801392
0.32278481125831604 0.018987340852618217 0.20534740388393402
0.32278481125831604 0.03164556995034218 0.20523257553577423
0.32278481125831604 0.04430379718542099 0.20506033301353455
0.32278481125831604 0.0569620244204998 0.20483067631721497
0.32278481125831604 0.06962025165557861 0.2045436054468155
0.32278481125831604 0.08227848261594772 0.20419910550117493
0.32278481125831604 0.09493670612573624 0.20379720628261566
0.32278481125831604 0.10759493708610535 0.2033378928899765
0.32278481125831604 0.12025316804647446 0.20282116532325745
0.32278481125831604 0.13291139900684357 0.2022470235824585
0.32278481125831604 0.14556962251663208 0.20161545276641846
0.32278481125831604 0.1582278460264206 0.20092648267745972
0.32278481125831604 0.1708860695362091 0.20018009841442108
0.32278481125831604 0.1835443079471588 0.19937629997730255
0.32278481125831604 0.19620253145694733 0.19851507246494293
0.32278481125831604 0.20886075496673584 0.1975964456796646
0.32278481125831604 0.22151899337768555 0.1966203898191452
0.32278481125831604 0.23417721688747406 0.1955869346857071
0.32278481125831604 0.24683544039726257 0.1944960653781891
0.32278481125831604 0.2594936788082123 0.19334776699543
0.32278481125831604 0.2721518874168396 0.1921420693397522
0.32278481125831604 0.2848101258277893 0.1908789426088333
0.32278481125831604 0.297468364238739 0.18955841660499573
0.32278481125831604 0.31012657284736633 0.18818046152591705
0.32278481125831604 0.32278481125831604 0.18674509227275848
0.32278481125831604 0.33544304966926575 0.1852523237466812
0.32278481125831604 0.34810125827789307 0.18370212614536285
0.32278481125831604 0.3607594966888428 0.1820945292711258
0.32278481125831604 0.3734177350997925 0.18042950332164764
0.32278481125831604 0.3860759437084198 0.1787070631980896
0.32278481125831604 0.3987341821193695 0.17692722380161285
0.32278481125831604 0.4113923907279968 0.17508995532989502
0.32278481125831604 0.42405062913894653 0.1731952726840973
0.32278481125831604 0.43670886754989624 0.17124317586421967
0.32278481125831604 0.44936707615852356 0.16923367977142334
0.32278481125831604 0.46202531456947327 0.16716675460338593
0.32278481125831604 0.474683552980423 0.16504241526126862
0.32278481125831604 0.4873417615890503 0.1628606617450714
0.32278481125831604 0.5 0.1606214940547943
0.33544304966926575 -0.5 0.15937168896198273
0.33544304966926575 -0.4873417615890503 0.16159003973007202
0.33544304966926575 -0.474683552980423 0.1637514978647232
0.33544304966926575 -0.46202531456947327 0.16585607826709747
0.33544304966926575 -0.44936707615852356 0.16790376603603363
0.33544304966926575 -0.43670886754989624 0.16989459097385406
0.33544304966926575 -0.42405062913894653 0.1718285232782364
0.33544304966926575 -0.4113923907279968 0.1737055778503418
0.33544304966926575 -0.3987341821193695 0.1755257546901703
0.33544304966926575 -0.3860759437084198 0.17728905379772186
0.33544304966926575 -0.3734177350997925 0.17899546027183533
0.33544304966926575 -0.3607594966888428 0.18064500391483307
0.33544304966926575 -0.34810125827789307 0.1822376549243927
0.33544304966926575 -0.33544304966926575 0.18377342820167542
0.33544304966926575 -0.32278481125831604 0.1852523237466812
0.33544304966926575 -0.31012657284736633 0.1866743415594101
0.33544304966926575 -0.297468364238739 0.18803946673870087
0.33544304966926575 -0.2848101258277893 0.18934771418571472
0.33544304966926575 -0.2721518874168396 0.19059908390045166
0.33544304966926575 -0.2594936788082123 0.19179357588291168
0.33544304966926575 -0.24683544039726257 0.1929311901330948
0.33544304966926575 -0.23417721688747406 0.19401191174983978
0.33544304966926575 -0.22151899337768555 0.19503577053546906
0.33544304966926575 -0.20886075496673584 0.19600273668766022
0.33544304966926575 -0.19620253145694733 0.19691282510757446
0.33544304966926575 -0.1835443079471588 0.1977660357952118
0.33544304966926575 -0.1708860695362091 0.198562353849411
0.33544304966926575 -0.1582278460264206 0.1993018090724945
0.33544304966926575 -0.14556962251663208 0.1999843716621399
0.33544304966926575 -0.13291139900684357 0.20061005651950836
0.33544304966926575 -0.12025316804647446 0.20117886364459991
0.33544304966926575 -0.10759493708610535 0.20169079303741455
0.33544304966926575 -0.09493670612573624 0.20214582979679108
0.33544304966926575 -0.08227848261594772 0.20254398882389069
0.33544304966926575 -0.06962025165557861 0.20288527011871338
0.33544304966926575 -0.0569620244204998 0.20316967368125916
0.33544304966926575 -0.04430379718542099 0.20339719951152802
0.33544304966926575 -0.03164556995034218 0.20356784760951996
0.33544304966926575 -0.018987340852618217 0.2036816030740738
0.33544304966926575 -0.006329114083200693 0.2037384808063507
0.33544304966926575 0.006329114083200693 0.2037384808063507
0.33544304966926575 0.018987340852618217 0.2036816030740738
0.33544304966926575 0.03164556995034218 0.20356784760951996
0.33544304966926575 0.04430379718542099 0.20339719951152802
0.33544304966926575 0.0569620244204998 0.20316967368125916
0.33544304966926575 0.06962025165557861 0.20288527011871338
0.33544304966926575 0.08227848261594772 0.20254398882389069
0.33544304966926575 0.09493670612573624 0.20214582979679108
0.33544304966926575 0.10759493708610535 0.20169079303741455
0.33544304966926575 0.12025316804647446 0.20117886364459991
0.33544304966926575 0.13291139900684357 0.20061005651950836
0.33544304966926575 0.14556962251663208 0.1999843716621399
0.33544304966926575 0.1582278460264206 0.1993018090724945
0.33544304966926575 0.1708860695362091 0.198562353849411
0.33544304966926575 0.1835443079471588 0.1977660357952118
0.33544304966926575 0.19620253145694733 0.19691282510757446
0.33544304966926575 0.20886075496673584 0.19600273668766022
0.33544304966926575 0.22151899337768555 0.19503577053546906
0.33544304966926575 0.23417721688747406 0.19401191174983978
0.33544304966926575 0.24683544039726257 0.1929311901330948
0.33544304966926575 0.2594936788082123 0.19179357588291168
0.33544304966926575 0.2721518874168396 0.19059908390045166
0.33544304966926575 0.2848101258277893 0.18934771418571472
0.33544304966926575 0.297468364238739 0.18803946673870087
0.33544304966926575 0.31012657284736633 0.1866743415594101
0.33544304966926575 0.32278481125831604 0.1852523237466812
0.33544304966926575 0.33544304966926575 0.18377342820167542
0.33544304966926575 0.34810125827789307 0.1822376549243927
0.33544304966926575 0.3607594966888428 0.18064500391483307
0.33544304966926575 0.3734177350997925 0.17899546027183533
0.33544304966926575 0.3860759437084198 0.17728905379772186
0.33544304966926575 0.3987341821193695 0.1755257546901703
0.33544304966926575 0.4113923907279968 0.1737055778503418
0.33544304966926575 0.42405062913894653 0.1718285232782364
0.33544304966926575 0.43670886754989624 0.16989459097385406
0.33544304966926575 0.44936707615852356 0.16790376603603363
0.33544304966926575 0.46202531456947327 0.16585607826709747
0.33544304966926575 0.474683552980423 0.1637514978647232
0.33544304966926575 0.4873417615890503 0.16159003973007202
0.33544304966926575 0.5 0.15937168896198273
0.34810125827789307 -0.5 0.15807382762432098
0.34810125827789307 -0.4873417615890503 0.1602705419063568
0.34810125827789307 -0.474683552980423 0.1624109297990799
0.34810125827789307 -0.46202531456947327 0.16449499130249023
0.34810125827789307 -0.44936707615852356 0.16652271151542664
0.34810125827789307 -0.43670886754989624 0.1684941202402115
0.34810125827789307 -0.42405062913894653 0.1704092025756836
0.34810125827789307 -0.4113923907279968 0.17226795852184296
0.34810125827789307 -0.3987341821193695 0.17407038807868958
0.34810125827789307 -0.3860759437084198 0.17581649124622345
0.34810125827789307 -0.3734177350997925 0.17750628292560577
0.34810125827789307 -0.3607594966888428 0.17913973331451416
0.34810125827789307 -0.34810125827789307 0.1807168573141098
0.34810125827789307 -0.33544304966926575 0.1822376549243927
0.34810125827789307 -0.32278481125831604 0.18370212614536285
0.34810125827789307 -0.31012657284736633 0.18511028587818146
0.34810125827789307 -0.297468364238739 0.18646210432052612
0.34810125827789307 -0.2848101258277893 0.18775759637355804
0.34810125827789307 -0.2721518874168396 0.18899676203727722
0.34810125827789307 -0.2594936788082123 0.19017961621284485
0.34810125827789307 -0.24683544039726257 0.19130612909793854
0.34810125827789307 -0.23417721688747406 0.19237633049488068
0.34810125827789307 -0.22151899337768555 0.19339019060134888
0.34810125827789307 -0.20886075496673584 0.19434773921966553
0.34810125827789307 -0.19620253145694733 0.19524894654750824
0.34810125827789307 -0.1835443079471588 0.1960938423871994
0.34810125827789307 -0.1708860695362091 0.19688239693641663
0.34810125827789307 -0.1582278460264206 0.1976146399974823
0.34810125827789307 -0.14556962251663208 0.19829055666923523
0.34810125827789307 -0.13291139900684357 0.19891013205051422
0.34810125827789307 -0.12025316804647446 0.19947339594364166
0.34810125827789307 -0.10759493708610535 0.19998033344745636
0.34810125827789307 -0.09493670612573624 0.20043092966079712
0.34810125827789307 -0.08227848261594772 0.20082521438598633
0.34810125827789307 -0.06962025165557861 0.2011631727218628
0.34810125827789307 -0.0569620244204998 0.2014448046684265
0.34810125827789307 -0.04430379718542099 0.2016701102256775
0.34810125827789307 -0.03164556995034218 0.20183908939361572
0.34810125827789307 -0.018987340852618217 0.2019517421722412
0.34810125827789307 -0.006329114083200693 0.20200806856155396
0.34810125827789307 0.006329114083200693 0.20200806856155396
0.34810125827789307 0.018987340852618217 0.2019517421722412
0.34810125827789307 0.03164556995034218 0.20183908939361572
0.34810125827789307 0.04430379718542099 0.2016701102256775
0.34810125827789307 0.0569620244204998 0.2014448046684265
0.34810125827789307 0.06962025165557861 0.2011631727218628
0.34810125827789307 0.08227848261594772 0.20082521438598633
0.34810125827789307 0.09493670612573624 0.20043092966079712
0.34810125827789307 0.10759493708610535 0.19998033344745636
0.34810125827789307 0.12025316804647446 0.19947339594364166
0.34810125827789307 0.13291139900684357 0.19891013205051422
0.34810125827789307 0.14556962251663208 0.19829055666923523
0.34810125827789307 0.1582278460264206 0.1976146399974823
0.34810125827789307 0.1708860695362091 0.19688239693641663
0.34810125827789307 0.1835443079471588 0.1960938423871994
0.34810125827789307 0.19620253145694733 0.19524894654750824
0.34810125827789307 0.20886075496673584 0.19434773921966553
0.34810125827789307 0.22151899337768555 0.19339019060134888
0.34810125827789307 0.23417721688747406 0.19237633049488068
0.34810125827789307 0.24683544039726257 0.19130612909793854
0.34810125827789307 0.2594936788082123 0.19017961621284485
0.34810125827789307 0.2721518874168396 0.18899676203727722
0.34810125827789307 0.2848101258277893 0.18775759637355804
0.34810125827789307 0.297468364238739 0.18646210432052612
0.34810125827789307 0.31012657284736633 0.18511028587818146
0.34810125827789307 0.32278481125831604 0.18370212614536285
0.34810125827789307 0.33544304966926575 0.1822376549243927
0.34810125827789307 0.34810125827789307 0.1807168573141098
0.34810125827789307 0.3607594966888428 0.17913973331451416
0.34810125827789307 0.3734177350997925 0.17750628292560577
0.34810125827789307 0.3860759437084198 0.17581649124622345
0.34810125827789307 0.3987341821193695 0.17407038807868958
0.34810125827789307 0.4113923907279968 0.17226795852184296
0.34810125827789307 0.42405062913894653 0.1704092025756836
0.34810125827789307 0.43670886754989624 0.1684941202402115
0.34810125827789307 0.44936707615852356 0.16652271151542664
0.34810125827789307 0.46202531456947327 0.16449499130249023
0.34810125827789307 0.474683552980423 0.1624109297990799
0.34810125827789307 0.4873417615890503 0.1602705419063568
0.34810125827789307 0.5 0.15807382762432098
0.3607594966888428 -0.5 0.1567278951406479
0.3607594966888428 -0.4873417615890503 0.15890216827392578
0.3607594966888428 -0.474683552980423 0.16102071106433868
0.3607594966888428 -0.46202531456947327 0.16308347880840302
0.3607594966888428 -0.44936707615852356 0.16509051620960236
0.3607594966888428 -0.43670886754989624 0.16704179346561432
0.3607594966888428 -0.42405062913894653 0.1689373254776001
0.3607594966888428 -0.4113923907279968 0.1707770973443985
0.3607594966888428 -0.3987341821193695 0.17256112396717072
0.3607594966888428 -0.3860759437084198 0.17428940534591675
0.3607594966888428 -0.3734177350997925 0.1759619265794754
0.3607594966888428 -0.3607594966888428 0.17757870256900787
0.3607594966888428 -0.34810125827789307 0.17913973331451416
0.3607594966888428 -0.33544304966926575 0.18064500391483307
0.3607594966888428 -0.32278481125831604 0.1820945292711258
0.3607594966888428 -0.31012657284736633 0.18348829448223114
0.3607594966888428 -0.297468364238739 0.1848263144493103
0.3607594966888428 -0.2848101258277893 0.18610858917236328
0.3607594966888428 -0.2721518874168396 0.18733510375022888
0.3607594966888428 -0.2594936788082123 0.1885058730840683
0.3607594966888428 -0.24683544039726257 0.18962088227272034
0.3607594966888428 -0.23417721688747406 0.19068016111850739
0.3607594966888428 -0.22151899337768555 0.19168366491794586
0.3607594966888428 -0.20886075496673584 0.19263143837451935
0.3607594966888428 -0.19620253145694733 0.19352345168590546
0.3607594966888428 -0.1835443079471588 0.1943597048521042
0.3607594966888428 -0.1708860695362091 0.19514022767543793
0.3607594966888428 -0.1582278460264206 0.1958649903535843
0.3607594966888428 -0.14556962251663208 0.19653399288654327
0.3607594966888428 -0.13291139900684357 0.19714725017547607
0.3607594966888428 -0.12025316804647446 0.1977047622203827
0.3607594966888428 -0.10759493708610535 0.19820651412010193
0.3607594966888428 -0.09493670612573624 0.19865252077579498
0.3607594966888428 -0.08227848261594772 0.19904278218746185
0.3607594966888428 -0.06962025165557861 0.19937728345394135
0.3607594966888428 -0.0569620244204998 0.19965603947639465
0.3607594966888428 -0.04430379718542099 0.19987905025482178
0.3607594966888428 -0.03164556995034218 0.20004630088806152
0.3607594966888428 -0.018987340852618217 0.2001577913761139
0.3607594966888428 -0.006329114083200693 0.20021355152130127
0.3607594966888428 0.006329114083200693 0.20021355152130127
0.3607594966888428 0.018987340852618217 0.2001577913761139
0.3607594966888428 0.03164556995034218 0.20004630088806152
0.3607594966888428 0.04430379718542099 0.19987905025482178
0.3607594966888428 0.0569620244204998 0.19965603947639465
0.3607594966888428 0.06962025165557861 0.19937728345394135
0.3607594966888428 0.08227848261594772 0.19904278218746185
0.3607594966888428 0.09493670612573624 0.19865252077579498
0.3607594966888428 0.10759493708610535 0.19820651412010193
0.3607594966888428 0.12025316804647446 0.1977047622203827
0.3607594966888428 0.13291139900684357 0.19714725017547607
0.3607594966888428 0.14556962251663208 0.19653399288654327
0.3607594966888428 0.1582278460264206 0.1958649903535843
0.3607594966888428 0.1708860695362091 0.19514022767543793
0.3607594966888428 0.1835443079471588 0.1943597048521042
0.3607594966888428 0.19620253145694733 0.19352345168590546
0.3607594966888428 0.20886075496673584 0.19263143837451935
0.3607594966888428 0.22151899337768555 0.19168366491794586
0.3607594966888428 0.23417721688747406 0.19068016111850739
0.3607594966888428 0.24683544039726257 0.18962088227272034
0.3607594966888428 0.2594936788082123 0.1885058730840683
0.3607594966888428 0.2721518874168396 0.18733510375022888
0.3607594966888428 0.2848101258277893 0.18610858917236328
0.3607594966888428 0.297468364238739 0.1848263144493103
0.3607594966888428 0.31012657284736633 0.18348829448223114
0.3607594966888428 0.32278481125831604 0.1820945292711258
0.3607594966888428 0.33544304966926575 0.18064500391483307
0.3607594966888428 0.34810125827789307 0.17913973331451416
0.3607594966888428 0.3607594966888428 0.17757870256900787
0.3607594966888428 0.3734177350997925 0.1759619265794754
0.3607594966888428 0.3860759437084198 0.17428940534591675
0.3607594966888428 0.3987341821193695 0.17256112396717072
0.3607594966888428 0.4113923907279968 0.1707770973443985
0.3607594966888428 0.42405062913894653 0.1689373254776001
0.3607594966888428 0.43670886754989624 0.16704179346561432
0.3607594966888428 0.44936707615852356 0.16509051620960236
0.3607594966888428 0.46202531456947327 0.16308347880840302
0.3607594966888428 0.474683552980423 0.16102071106433868
0.3607594966888428 0.4873417615890503 0.15890216827392578
0.3607594966888428 0.5 0.1567278951406479
0.3734177350997925 -0.5 0.15533387660980225
0.3734177350997925 -0.4873417615890503 0.15748493373394012
0.3734177350997925 -0.474683552980423 0.15958082675933838
0.3734177350997925 -0.46202531456947327 0.1616215705871582
0.3734177350997925 -0.44936707615852356 0.1636071652173996
0.3734177350997925 -0.43670886754989624 0.16553759574890137
0.3734177350997925 -0.42405062913894653 0.1674128770828247
0.3734177350997925 -0.4113923907279968 0.16923299431800842
0.3734177350997925 -0.3987341821193695 0.1709979623556137
0.3734177350997925 -0.3860759437084198 0.17270776629447937
0.3734177350997925 -0.3734177350997925 0.1743624359369278
0.3734177350997925 -0.3607594966888428 0.1759619265794754
0.3734177350997925 -0.34810125827789307 0.17750628292560577
0.3734177350997925 -0.33544304966926575 0.17899546027183533
0.3734177350997925 -0.32278481125831604 0.18042950332164764
0.3734177350997925 -0.31012657284736633 0.18180838227272034
0.3734177350997925 -0.297468364238739 0.1831321120262146
0.3734177350997925 -0.2848101258277893 0.18440067768096924
0.3734177350997925 -0.2721518874168396 0.18561409413814545
0.3734177350997925 -0.2594936788082123 0.18677234649658203
0.3734177350997925 -0.24683544039726257 0.18787544965744019
0.3734177350997925 -0.23417721688747406 0.1889234036207199
0.3734177350997925 -0.22151899337768555 0.18991619348526
0.3734177350997925 -0.20886075496673584 0.19085383415222168
0.3734177350997925 -0.19620253145694733 0.19173632562160492
0.3734177350997925 -0.1835443079471588 0.19256365299224854
0.3734177350997925 -0.1708860695362091 0.19333581626415253
0.3734177350997925 -0.1582278460264206 0.19405284523963928
0.3734177350997925 -0.14556962251663208 0.1947147101163864
0.3734177350997925 -0.13291139900684357 0.19532141089439392
0.3734177350997925 -0.12025316804647446 0.195872962474823
0.3734177350997925 -0.10759493708610535 0.19636936485767365
0.3734177350997925 -0.09493670612573624 0.19681060314178467
0.3734177350997925 -0.08227848261594772 0.19719669222831726
0.3734177350997925 -0.06962025165557861 0.19752761721611023
0.3734177350997925 -0.0569620244204998 0.19780339300632477
0.3734177350997925 -0.04430379718542099 0.19802401959896088
0.3734177350997925 -0.03164556995034218 0.19818948209285736
0.3734177350997925 -0.018987340852618217 0.19829979538917542
0.3734177350997925 -0.006329114083200693 0.19835494458675385
0.3734177350997925 0.006329114083200693 0.19835494458675385
0.3734177350997925 0.018987340852618217 0.19829979538917542
0.3734177350997925 0.03164556995034218 0.19818948209285736
0.3734177350997925 0.04430379718542099 0.19802401959896088
0.3734177350997925 0.0569620244204998 0.19780339300632477
0.3734177350997925 0.06962025165557861 0.19752761721611023
0.3734177350997925 0.08227848261594772 0.19719669222831726
0.3734177350997925 0.09493670612573624 0.19681060314178467
0.3734177350997925 0.10759493708610535 0.19636936485767365
0.3734177350997925 0.12025316804647446 0.195872962474823
0.3734177350997925 0.13291139900684357 0.19532141089439392
0.3734177350997925 0.14556962251663208 0.1947147101163864
0.3734177350997925 0.1582278460264206 0.19405284523963928
0.3734177350997925 0.1708860695362091 0.19333581626415253
0.3734177350997925 0.1835443079471588 0.19256365299224854
0.3734177350997925 0.19620253145694733 0.19173632562160492
0.3734177350997925 0.20886075496673584 0.19085383415222168
0.3734177350997925 0.22151899337768555 0.18991619348526
0.3734177350997925 0.23417721688747406 0.1889234036207199
0.3734177350997925 0.24683544039726257 0.18787544965744019
0.3734177350997925 0.2594936788082123 0.18677234649658203
0.3734177350997925 0.2721518874168396 0.18561409413814545
0.3734177350997925 0.2848101258277893 0.18440067768096924
0.3734177350997925 0.297468364238739 0.1831321120262146
0.3734177350997925 0.31012657284736633 0.18180838227272034
0.3734177350997925 0.32278481125831604 0.18042950332164764
0.3734177350997925 0.33544304966926575 0.17899546027183533
0.3734177350997925 0.34810125827789307 0.17750628292560577
0.3734177350997925 0.3607594966888428 0.1759619265794754
0.3734177350997925 0.3734177350997925 0.1743624359369278
0.3734177350997925 0.3860759437084198 0.17270776629447937
0.3734177350997925 0.3987341821193695 0.1709979623556137
0.3734177350997925 0.4113923907279968 0.16923299431800842
0.3734177350997925 0.42405062913894653 0.1674128770828247
0.3734177350997925 0.43670886754989624 0.16553759574890137
0.3734177350997925 0.44936707615852356 0.1636071652173996
0.3734177350997925 0.46202531456947327 0.1616215705871582
0.3734177350997925 0.474683552980423 0.15958082675933838
0.3734177350997925 0.4873417615890503 0.15748493373394012
0.3734177350997925 0.5 0.15533387660980225
0.3860759437084198 -0.5 0.15389180183410645
0.3860759437084198 -0.4873417615890503 0.15601882338523865
0.3860759437084198 -0.474683552980423 0.15809130668640137
0.3860759437084198 -0.46202531456947327 0.1601092517375946
0.3860759437084198 -0.44936707615852356 0.16207265853881836
0.3860759437084198 -0.43670886754989624 0.16398152709007263
0.3860759437084198 -0.42405062913894653 0.16583585739135742
0.3860759437084198 -0.4113923907279968 0.16763564944267273
0.3860759437084198 -0.3987341821193695 0.16938088834285736
0.3860759437084198 -0.3860759437084198 0.1710716038942337
0.3860759437084198 -0.3734177350997925 0.17270776629447937
0.3860759437084198 -0.3607594966888428 0.17428940534591675
0.3860759437084198 -0.34810125827789307 0.17581649124622345
0.3860759437084198 -0.33544304966926575 0.17728905379772186
0.3860759437084198 -0.32278481125831604 0.1787070631980896
0.3860759437084198 -0.31012657284736633 0.18007054924964905
0.3860759437084198 -0.297468364238739 0.18137948215007782
0.3860759437084198 -0.2848101258277893 0.1826338768005371
0.3860759437084198 -0.2721518874168396 0.18383373320102692
0.3860759437084198 -0.2594936788082123 0.18497905135154724
0.3860759437084198 -0.24683544039726257 0.18606983125209808
0.3860759437084198 -0.23417721688747406 0.18710607290267944
0.3860759437084198 -0.22151899337768555 0.18808777630329132
0.3860759437084198 -0.20886075496673584 0.18901494145393372
0.3860759437084198 -0.19620253145694733 0.18988756835460663
0.3860759437084198 -0.1835443079471588 0.19070565700531006
0.3860759437084198 -0.1708860695362091 0.191469207406044
0.3860759437084198 -0.1582278460264206 0.19217820465564728
0.3860759437084198 -0.14556962251663208 0.19283267855644226
0.3860759437084198 -0.13291139900684357 0.19343261420726776
0.3860759437084198 -0.12025316804647446 0.19397799670696259
0.3860759437084198 -0.10759493708610535 0.19446885585784912
0.3860759437084198 -0.09493670612573624 0.19490516185760498
0.3860759437084198 -0.08227848261594772 0.19528692960739136
0.3860759437084198 -0.06962025165557861 0.19561417400836945
0.3860759437084198 -0.0569620244204998 0.19588686525821686
0.3860759437084198 -0.04430379718542099 0.1961050182580948
0.3860759437084198 -0.03164556995034218 0.19626863300800323
0.3860759437084198 -0.018987340852618217 0.1963777095079422
0.3860759437084198 -0.006329114083200693 0.19643226265907288
0.3860759437084198 0.006329114083200693 0.19643226265907288
0.3860759437084198 0.018987340852618217 0.1963777095079422
0.3860759437084198 0.03164556995034218 0.19626863300800323
0.3860759437084198 0.04430379718542099 0.1961050182580948
0.3860759437084198 0.0569620244204998 0.19588686525821686
0.3860759437084198 0.06962025165557861 0.19561417400836945
0.3860759437084198 0.08227848261594772 0.19528692960739136
0.3860759437084198 0.09493670612573624 0.19490516185760498
0.3860759437084198 0.10759493708610535 0.19446885585784912
0.3860759437084198 0.12025316804647446 0.19397799670696259
0.3860759437084198 0.13291139900684357 0.19343261420726776
0.3860759437084198 0.14556962251663208 0.19283267855644226
0.3860759437084198 0.1582278460264206 0.19217820465564728
0.3860759437084198 0.1708860695362091 0.191469207406044
0.3860759437084198 0.1835443079471588 0.19070565700531006
0.3860759437084198 0.19620253145694733 0.18988756835460663
0.3860759437084198 0.20886075496673584 0.18901494145393372
0.3860759437084198 0.22151899337768555 0.18808777630329132
0.3860759437084198 0.23417721688747406 0.18710607290267944
0.3860759437084198 0.24683544039726257 0.18606983125209808
0.3860759437084198 0.2594936788082123 0.18497905135154724
0.3860759437084198 0.2721518874168396 0.18383373320102692
0.3860759437084198 0.2848101258277893 0.1826338768005371
0.3860759437084198 0.297468364238739 0.18137948215007782
0.3860759437084198 0.31012657284736633 0.18007054924964905
0.3860759437084198 0.32278481125831604 0.1787070631980896
0.3860759437084198 0.33544304966926575 0.17728905379772186
0.3860759437084198 0.34810125827789307 0.17581649124622345
0.3860759437084198 0.3607594966888428 0.17428940534591675
0.3860759437084198 0.3734177350997925 0.17270776629447937
0.3860759437084198 0.3860759437084198 0.1710716038942337
0.3860759437084198 0.3987341821193695 0.16938088834285736
0.3860759437084198 0.4113923907279968 0.16763564944267273
0.3860759437084198 0.42405062913894653 0.16583585739135742
0.3860759437084198 0.43670886754989624 0.16398152709007263
0.3860759437084198 0.44936707615852356 0.16207265853881836
0.3860759437084198 0.46202531456947327 0.1601092517375946
0.3860759437084198 0.474683552980423 0.15809130668640137
0.3860759437084198 0.4873417615890503 0.15601882338523865
0.3860759437084198 0.5 0.15389180183410645
0.3987341821193695 -0.5 0.1524016559123993
0.3987341821193695 -0.4873417615890503 0.15450385212898254
0.3987341821193695 -0.474683552980423 0.15655213594436646
0.3987341821193695 -0.46202531456947327 0.15854652225971222
0.3987341821193695 -0.44936707615852356 0.16048701107501984
0.3987341821193695 -0.43670886754989624 0.1623735874891281
0.3987341821193695 -0.42405062913894653 0.16420626640319824
0.3987341821193695 -0.4113923907279968 0.16598504781723022
0.3987341821193695 -0.3987341821193695 0.16770991683006287
0.3987341821193695 -0.3860759437084198 0.16938088834285736
0.3987341821193695 -0.3734177350997925 0.1709979623556137
0.3987341821193695 -0.3607594966888428 0.17256112396717072
0.3987341821193695 -0.34810125827789307 0.17407038807868958
0.3987341821193695 -0.33544304966926575 0.1755257546901703
0.3987341821193695 -0.32278481125831604 0.17692722380161285
0.3987341821193695 -0.31012657284736633 0.17827478051185608
0.3987341821193695 -0.297468364238739 0.17956842482089996
0.3987341821193695 -0.2848101258277893 0.1808081865310669
0.3987341821193695 -0.2721518874168396 0.18199403584003448
0.3987341821193695 -0.2594936788082123 0.18312598764896393
0.3987341821193695 -0.24683544039726257 0.18420402705669403
0.3987341821193695 -0.23417721688747406 0.185228168964386
0.3987341821193695 -0.22151899337768555 0.1861984133720398
0.3987341821193695 -0.20886075496673584 0.18711476027965546
0.3987341821193695 -0.19620253145694733 0.18797719478607178
0.3987341821193695 -0.1835443079471588 0.18878573179244995
0.3987341821193695 -0.1708860695362091 0.18954035639762878
0.3987341821193695 -0.1582278460264206 0.19024109840393066
0.3987341821193695 -0.14556962251663208 0.190887913107872
0.3987341821193695 -0.13291139900684357 0.1914808452129364
0.3987341821193695 -0.12025316804647446 0.19201986491680145
0.3987341821193695 -0.10759493708610535 0.19250498712062836
0.3987341821193695 -0.09493670612573624 0.19293621182441711
0.3987341821193695 -0.08227848261594772 0.19331352412700653
0.3987341821193695 -0.06962025165557861 0.1936369389295578
0.3987341821193695 -0.0569620244204998 0.19390645623207092
0.3987341821193695 -0.04430379718542099 0.1941220611333847
0.3987341821193695 -0.03164556995034218 0.19428376853466034
0.3987341821193695 -0.018987340852618217 0.19439157843589783
0.3987341821193695 -0.006329114083200693 0.19444547593593597
0.3987341821193695 0.006329114083200693 0.19444547593593597
0.3987341821193695 0.018987340852618217 0.19439157843589783
0.3987341821193695 0.03164556995034218 0.19428376853466034
0.3987341821193695 0.04430379718542099 0.1941220611333847
0.3987341821193695 0.0569620244204998 0.19390645623207092
0.3987341821193695 0.06962025165557861 0.1936369389295578
0.3987341821193695 0.08227848261594772 0.19331352412700653
0.3987341821193695 0.09493670612573624 0.19293621182441711
0.3987341821193695 0.10759493708610535 0.19250498712062836
0.3987341821193695 0.12025316804647446 0.19201986491680145
0.3987341821193695 0.13291139900684357 0.1914808452129364
0.3987341821193695 0.14556962251663208 0.190887913107872
0.3987341821193695 0.1582278460264206 0.19024109840393066
0.3987341821193695 0.1708860695362091 0.18954035639762878
0.3987341821193695 0.1835443079471588 0.18878573179244995
0.3987341821193695 0.19620253145694733 0.18797719478607178
0.3987341821193695 0.20886075496673584 0.18711476027965546
0.3987341821193695 0.22151899337768555 0.1861984133720398
0.3987341821193695 0.23417721688747406 0.185228168964386
0.3987341821193695 0.24683544039726257 0.18420402705669403
0.3987341821193695 0.2594936788082123 0.18312598764896393
0.3987341821193695 0.2721518874168396 0.18199403584003448
0.3987341821193695 0.2848101258277893 0.1808081865310669
0.3987341821193695 0.297468364238739 0.17956842482089996
0.3987341821193695 0.31012657284736633 0.17827478051185608
0.3987341821193695 0.32278481125831604 0.17692722380161285
0.3987341821193695 0.33544304966926575 0.1755257546901703
0.3987341821193695 0.34810125827789307 0.17407038807868958
0.3987341821193695 0.3607594966888428 0.17256112396717072
0.3987341821193695 0.3734177350997925 0.1709979623556137
0.3987341821193695 0.3860759437084198 0.16938088834285736
0.3987341821193695 0.3987341821193695 0.16770991683006287
0.3987341821193695 0.4113923907279968 0.16598504781723022
0.3987341821193695 0.42405062913894653 0.16420626640319824
0.3987341821193695 0.43670886754989624 0.1623735874891281
0.3987341821193695 0.44936707615852356 0.16048701107501984
0.3987341821193695 0.46202531456947327 0.15854652225971222
0.3987341821193695 0.474683552980423 0.15655213594436646
0.3987341821193695 0.4873417615890503 0.15450385212898254
0.3987341821193695 0.5 0.1524016559123993
0.4113923907279968 -0.5 0.1508634388446808
0.4113923907279968 -0.4873417615890503 0.15294000506401062
0.4113923907279968 -0.474683552980423 0.15496331453323364
0.4113923907279968 -0.46202531456947327 0.15693338215351105
0.4113923907279968 -0.44936707615852356 0.15885020792484283
0.4113923907279968 -0.43670886754989624 0.1607137769460678
0.4113923907279968 -0.42405062913894653 0.16252411901950836
0.4113923907279968 -0.4113923907279968 0.1642812043428421
0.4113923907279968 -0.3987341821193695 0.16598504781723022
0.4113923907279968 -0.3860759437084198 0.16763564944267273
0.4113923907279968 -0.3734177350997925 0.16923299431800842
0.4113923907279968 -0.3607594966888428 0.1707770973443985
0.4113923907279968 -0.34810125827789307 0.17226795852184296
0.4113923907279968 -0.33544304966926575 0.1737055778503418
0.4113923907279968 -0.32278481125831604 0.17508995532989502
0.4113923907279968 -0.31012657284736633 0.17642107605934143
0.4113923907279968 -0.297468364238739 0.17769895493984222
0.4113923907279968 -0.2848101258277893 0.1789235919713974
0.4113923907279968 -0.2721518874168396 0.18009498715400696
0.4113923907279968 -0.2594936788082123 0.1812131404876709
0.4113923907279968 -0.24683544039726257 0.18227803707122803
0.4113923907279968 -0.23417721688747406 0.18328969180583954
0.4113923907279968 -0.22151899337768555 0.18424810469150543
0.4113923907279968 -0.20886075496673584 0.1851532757282257
0.4113923907279968 -0.19620253145694733 0.18600519001483917
0.4113923907279968 -0.1835443079471588 0.18680386245250702
0.4113923907279968 -0.1708860695362091 0.18754930794239044
0.4113923907279968 -0.1582278460264206 0.18824148178100586
0.4113923907279968 -0.14556962251663208 0.18888042867183685
0.4113923907279968 -0.13291139900684357 0.18946611881256104
0.4113923907279968 -0.12025316804647446 0.1899985671043396
0.4113923907279968 -0.10759493708610535 0.19047777354717255
0.4113923907279968 -0.09493670612573624 0.19090373814105988
0.4113923907279968 -0.08227848261594772 0.1912764608860016
0.4113923907279968 -0.06962025165557861 0.1915959268808365
0.4113923907279968 -0.0569620244204998 0.19186215102672577
0.4113923907279968 -0.04430379718542099 0.19207513332366943
0.4113923907279968 -0.03164556995034218 0.19223487377166748
0.4113923907279968 -0.018987340852618217 0.19234135746955872
0.4113923907279968 -0.006329114083200693 0.19239459931850433
0.4113923907279968 0.006329114083200693 0.19239459931850433
0.4113923907279968 0.018987340852618217 0.19234135746955872
0.4113923907279968 0.03164556995034218 0.19223487377166748
0.4113923907279968 0.04430379718542099 0.19207513332366943
0.4113923907279968 0.0569620244204998 0.19186215102672577
0.4113923907279968 0.06962025165557861 0.1915959268808365
0.4113923907279968 0.08227848261594772 0.1912764608860016
0.4113923907279968 0.09493670612573624 0.19090373814105988
0.4113923907279968 0.10759493708610535 0.19047777354717255
0.4113923907279968 0.12025316804647446 0.1899985671043396
0.4113923907279968 0.13291139900684357 0.18946611881256104
0.4113923907279968 0.14556962251663208 0.18888042867183685
0.4113923907279968 0.1582278460264206 0.18824148178100586
0.4113923907279968 0.1708860695362091 0.18754930794239044
0.4113923907279968 0.1835443079471588 0.18680386245250702
0.4113923907279968 0.19620253145694733 0.18600519001483917
0.4113923907279968 0.20886075496673584 0.1851532757282257
0.4113923907279968 0.22151899337768555 0.18424810469150543
0.4113923907279968 0.23417721688747406 0.18328969180583954
0.4113923907279968 0.24683544039726257 0.18227803707122803
0.4113923907279968 0.2594936788082123 0.1812131404876709
0.4113923907279968 0.2721518874168396 0.18009498715400696
0.4113923907279968 0.2848101258277893 0.1789235919713974
0.4113923907279968 0.297468364238739 0.17769895493984222
0.4113923907279968 0.31012657284736633 0.17642107605934143
0.4113923907279968 0.32278481125831604 0.17508995532989502
0.4113923907279968 0.33544304966926575 0.1737055778503418
0.4113923907279968 0.34810125827789307 0.17226795852184296
0.4113923907279968 0.3607594966888428 0.1707770973443985
0.4113923907279968 0.3734177350997925 0.16923299431800842
0.4113923907279968 0.3860759437084198 0.16763564944267273
0.4113923907279968 0.3987341821193695 0.16598504781723022
0.4113923907279968 0.4113923907279968 0.1642812043428421
0.4113923907279968 0.42405062913894653 0.16252411901950836
0.4113923907279968 0.43670886754989624 0.1607137769460678
0.4113923907279968 0.44936707615852356 0.15885020792484283
0.4113923907279968 0.46202531456947327 0.15693338215351105
0.4113923907279968 0.474683552980423 0.15496331453323364
0.4113923907279968 0.4873417615890503 0.15294000506401062
0.4113923907279968 0.5 0.1508634388446808
0.42405062913894653 -0.5 0.14927716553211212
0.42405062913894653 -0.4873417615890503 0.15132728219032288
0.42405062913894653 -0.474683552980423 0.15332484245300293
0.42405062913894653 -0.46202531456947327 0.1552698314189911
0.42405062913894653 -0.44936707615852356 0.15716224908828735
0.42405062913894653 -0.43670886754989624 0.15900211036205292
0.42405062913894653 -0.42405062913894653 0.1607894003391266
0.42405062913894653 -0.4113923907279968 0.16252411901950836
0.42405062913894653 -0.3987341821193695 0.16420626640319824
0.42405062913894653 -0.3860759437084198 0.16583585739135742
0.42405062913894653 -0.3734177350997925 0.1674128770828247
0.42405062913894653 -0.3607594966888428 0.1689373254776001
0.42405062913894653 -0.34810125827789307 0.1704092025756836
0.42405062913894653 -0.33544304966926575 0.1718285232782364
0.42405062913894653 -0.32278481125831604 0.1731952726840973
0.42405062913894653 -0.31012657284736633 0.1745094507932663
0.42405062913894653 -0.297468364238739 0.1757710725069046
0.42405062913894653 -0.2848101258277893 0.176980122923851
0.42405062913894653 -0.2721518874168396 0.17813660204410553
0.42405062913894653 -0.2594936788082123 0.17924050986766815
0.42405062913894653 -0.24683544039726257 0.18029186129570007
0.42405062913894653 -0.23417721688747406 0.1812906414270401
0.42405062913894653 -0.22151899337768555 0.18223685026168823
0.42405062913894653 -0.20886075496673584 0.18313048779964447
0.42405062913894653 -0.19620253145694733 0.18397156894207
0.42405062913894653 -0.1835443079471588 0.18476007878780365
0.42405062913894653 -0.1708860695362091 0.1854960173368454
0.42405062913894653 -0.1582278460264206 0.18617939949035645
0.42405062913894653 -0.14556962251663208 0.1868101954460144
0.42405062913894653 -0.13291139900684357 0.18738843500614166
0.42405062913894653 -0.12025316804647446 0.18791411817073822
0.42405062913894653 -0.10759493708610535 0.1883872151374817
0.42405062913894653 -0.09493670612573624 0.18880775570869446
0.42405062913894653 -0.08227848261594772 0.18917572498321533
0.42405062913894653 -0.06962025165557861 0.1894911378622055
0.42405062913894653 -0.0569620244204998 0.1897539645433426
0.42405062913894653 -0.04430379718542099 0.18996423482894897
0.42405062913894653 -0.03164556995034218 0.19012193381786346
0.42405062913894653 -0.018987340852618217 0.19022707641124725
0.42405062913894653 -0.006329114083200693 0.19027964770793915
0.42405062913894653 0.006329114083200693 0.19027964770793915
0.42405062913894653 0.018987340852618217 0.19022707641124725
0.42405062913894653 0.03164556995034218 0.19012193381786346
0.42405062913894653 0.04430379718542099 0.18996423482894897
0.42405062913894653 0.0569620244204998 0.1897539645433426
0.42405062913894653 0.06962025165557861 0.1894911378622055
0.42405062913894653 0.08227848261594772 0.18917572498321533
0.42405062913894653 0.09493670612573624 0.18880775570869446
0.42405062913894653 0.10759493708610535 0.1883872151374817
0.42405062913894653 0.12025316804647446 0.18791411817073822
0.42405062913894653 0.13291139900684357 0.18738843500614166
0.42405062913894653 0.14556962251663208 0.1868101954460144
0.42405062913894653 0.1582278460264206 0.18617939949035645
0.42405062913894653 0.1708860695362091 0.1854960173368454
0.42405062913894653 0.1835443079471588 0.18476007878780365
0.42405062913894653 0.19620253145694733 0.18397156894207
0.42405062913894653 0.20886075496673584 0.18313048779964447
0.42405062913894653 0.22151899337768555 0.18223685026168823
0.42405062913894653 0.23417721688747406 0.1812906414270401
0.42405062913894653 0.24683544039726257 0.18029186129570007
0.42405062913894653 0.2594936788082123 0.17924050986766815
0.42405062913894653 0.2721518874168396 0.17813660204410553
0.42405062913894653 0.2848101258277893 0.176980122923851
0.42405062913894653 0.297468364238739 0.1757710725069046
0.42405062913894653 0.31012657284736633 0.1745094507932663
0.42405062913894653 0.32278481125831604 0.1731952726840973
0.42405062913894653 0.33544304966926575 0.1718285232782364
0.42405062913894653 0.34810125827789307 0.1704092025756836
0.42405062913894653 0.3607594966888428 0.1689373254776001
0.42405062913894653 0.3734177350997925 0.1674128770828247
0.42405062913894653 0.3860759437084198 0.16583585739135742
0.42405062913894653 0.3987341821193695 0.16420626640319824
0.42405062913894653 0.4113923907279968 0.16252411901950836
0.42405062913894653 0.42405062913894653 0.1607894003391266
0.42405062913894653 0.43670886754989624 0.15900211036205292
0.42405062913894653 0.44936707615852356 0.15716224908828735
0.42405062913894653 0.46202531456947327 0.1552698314189911
0.42405062913894653 0.474683552980423 0.15332484245300293
0.42405062913894653 0.4873417615890503 0.15132728219032288
0.42405062913894653 0.5 0.14927716553211212
0.43670886754989624 -0.5 0.1476428061723709
0.43670886754989624 -0.4873417615890503 0.1496656984090805
0.43670886754989624 -0.474683552980423 0.15163671970367432
0.43670886754989624 -0.46202531456947327 0.15355587005615234
0.43670886754989624 -0.44936707615852356 0.1554231494665146
0.43670886754989624 -0.43670886754989624 0.15723855793476105
0.43670886754989624 -0.42405062913894653 0.15900211036205292
0.43670886754989624 -0.4113923907279968 0.1607137769460678
0.43670886754989624 -0.3987341821193695 0.1623735874891281
0.43670886754989624 -0.3860759437084198 0.16398152709007263
0.43670886754989624 -0.3734177350997925 0.16553759574890137
0.43670886754989624 -0.3607594966888428 0.16704179346561432
0.43670886754989624 -0.34810125827789307 0.1684941202402115
0.43670886754989624 -0.33544304966926575 0.16989459097385406
0.43670886754989624 -0.32278481125831604 0.17124317586421967
0.43670886754989624 -0.31012657284736633 0.17253990471363068
0.43670886754989624 -0.297468364238739 0.1737847626209259
0.43670886754989624 -0.2848101258277893 0.17497774958610535
0.43670886754989624 -0.2721518874168396 0.176118865609169
0.43670886754989624 -0.2594936788082123 0.17720811069011688
0.43670886754989624 -0.24683544039726257 0.17824548482894897
0.43670886754989624 -0.23417721688747406 0.17923100292682648
0.43670886754989624 -0.22151899337768555 0.180164635181427
0.43670886754989624 -0.20886075496673584 0.18104641139507294
0.43670886754989624 -0.19620253145694733 0.1818763166666031
0.43670886754989624 -0.1835443079471588 0.18265435099601746
0.43670886754989624 -0.1708860695362091 0.18338051438331604
0.43670886754989624 -0.1582278460264206 0.18405480682849884
0.43670886754989624 -0.14556962251663208 0.18467724323272705
0.43670886754989624 -0.13291139900684357 0.18524779379367828
0.43670886754989624 -0.12025316804647446 0.18576648831367493
0.43670886754989624 -0.10759493708610535 0.1862333118915558
0.43670886754989624 -0.09493670612573624 0.18664826452732086
0.43670886754989624 -0.08227848261594772 0.18701134622097015
0.43670886754989624 -0.06962025165557861 0.18732255697250366
0.43670886754989624 -0.0569620244204998 0.1875818967819214
0.43670886754989624 -0.04430379718542099 0.18778938055038452
0.43670886754989624 -0.03164556995034218 0.18794497847557068
0.43670886754989624 -0.018987340852618217 0.18804872035980225
0.43670886754989624 -0.006329114083200693 0.18810059130191803
0.43670886754989624 0.006329114083200693 0.18810059130191803
0.43670886754989624 0.018987340852618217 0.18804872035980225
0.43670886754989624 0.03164556995034218 0.18794497847557068
0.43670886754989624 0.04430379718542099 0.18778938055038452
0.43670886754989624 0.0569620244204998 0.1875818967819214
0.43670886754989624 0.06962025165557861 0.18732255697250366
0.43670886754989624 0.08227848261594772 0.18701134622097015
0.43670886754989624 0.09493670612573624 0.18664826452732086
0.43670886754989624 0.10759493708610535 0.1862333118915558
0.43670886754989624 0.12025316804647446 0.18576648831367493
0.43670886754989624 0.13291139900684357 0.18524779379367828
0.43670886754989624 0.14556962251663208 0.18467724323272705
0.43670886754989624 0.1582278460264206 0.18405480682849884
0.43670886754989624 0.1708860695362091 0.18338051438331604
0.43670886754989624 0.1835443079471588 0.18265435099601746
0.43670886754989624 0.19620253145694733 0.1818763166666031
0.43670886754989624 0.20886075496673584 0.18104641139507294
0.43670886754989624 0.22151899337768555 0.180164635181427
0.43670886754989624 0.23417721688747406 0.17923100292682648
0.43670886754989624 0.24683544039726257 0.17824548482894897
0.43670886754989624 0.2594936788082123 0.17720811069011688
0.43670886754989624 0.2721518874168396 0.176118865609169
0.43670886754989624 0.2848101258277893 0.17497774958610535
0.43670886754989624 0.297468364238739 0.1737847626209259
0.43670886754989624 0.31012657284736633 0.17253990471363068
0.43670886754989624 0.32278481125831604 0.17124317586421967
0.43670886754989624 0.33544304966926575 0.16989459097385406
0.43670886754989624 0.34810125827789307 0.1684941202402115
0.43670886754989624 0.3607594966888428 0.16704179346561432
0.43670886754989624 0.3734177350997925 0.16553759574890137
0.43670886754989624 0.3860759437084198 0.16398152709007263
0.43670886754989624 0.3987341821193695 0.1623735874891281
0.43670886754989624 0.4113923907279968 0.1607137769460678
0.43670886754989624 0.42405062913894653 0.15900211036205292
0.43670886754989624 0.43670886754989624 0.15723855793476105
0.43670886754989624 0.44936707615852356 0.1554231494665146
0.43670886754989624 0.46202531456947327 0.15355587005615234
0.43670886754989624 0.474683552980423 0.15163671970367432
0.43670886754989624 0.4873417615890503 0.1496656984090805
0.43670886754989624 0.5 0.1476428061723709
0.44936707615852356 -0.5 0.14596039056777954
0.44936707615852356 -0.4873417615890503 0.14795523881912231
0.44936707615852356 -0.474683552980423 0.1498989462852478
0.44936707615852356 -0.46202531456947327 0.1517914980649948
0.44936707615852356 -0.44936707615852356 0.15363289415836334
0.44936707615852356 -0.43670886754989624 0.1554231494665146
0.44936707615852356 -0.42405062913894653 0.15716224908828735
0.44936707615852356 -0.4113923907279968 0.15885020792484283
0.44936707615852356 -0.3987341821193695 0.16048701107501984
0.44936707615852356 -0.3860759437084198 0.16207265853881836
0.44936707615852356 -0.3734177350997925 0.1636071652173996
0.44936707615852356 -0.3607594966888428 0.16509051620960236
0.44936707615852356 -0.34810125827789307 0.16652271151542664
0.44936707615852356 -0.33544304966926575 0.16790376603603363
0.44936707615852356 -0.32278481125831604 0.16923367977142334
0.44936707615852356 -0.31012657284736633 0.17051242291927338
0.44936707615852356 -0.297468364238739 0.17174002528190613
0.44936707615852356 -0.2848101258277893 0.1729164719581604
0.44936707615852356 -0.2721518874168396 0.1740417778491974
0.44936707615852356 -0.2594936788082123 0.1751159280538559
0.44936707615852356 -0.24683544039726257 0.17613893747329712
0.44936707615852356 -0.23417721688747406 0.17711079120635986
0.44936707615852356 -0.22151899337768555 0.17803148925304413
0.44936707615852356 -0.20886075496673584 0.17890103161334991
0.44936707615852356 -0.19620253145694733 0.17971943318843842
0.44936707615852356 -0.1835443079471588 0.18048669397830963
0.44936707615852356 -0.1708860695362091 0.18120279908180237
0.44936707615852356 -0.1582278460264206 0.18186774849891663
0.44936707615852356 -0.14556962251663208 0.1824815422296524
0.44936707615852356 -0.13291139900684357 0.1830441951751709
0.44936707615852356 -0.12025316804647446 0.1835556924343109
0.44936707615852356 -0.10759493708610535 0.18401604890823364
0.44936707615852356 -0.09493670612573624 0.1844252496957779
0.44936707615852356 -0.08227848261594772 0.18478329479694366
0.44936707615852356 -0.06962025165557861 0.18509019911289215
0.44936707615852356 -0.0569620244204998 0.18534594774246216
0.44936707615852356 -0.04430379718542099 0.18555055558681488
0.44936707615852356 -0.03164556995034218 0.18570400774478912
0.44936707615852356 -0.018987340852618217 0.1858063042163849
0.44936707615852356 -0.006329114083200693 0.18585744500160217
0.44936707615852356 0.006329114083200693 0.18585744500160217
0.44936707615852356 0.018987340852618217 0.1858063042163849
0.44936707615852356 0.03164556995034218 0.18570400774478912
0.44936707615852356 0.04430379718542099 0.18555055558681488
0.44936707615852356 0.0569620244204998 0.18534594774246216
0.44936707615852356 0.06962025165557861 0.18509019911289215
0.44936707615852356 0.08227848261594772 0.18478329479694366
0.44936707615852356 0.09493670612573624 0.1844252496957779
0.44936707615852356 0.10759493708610535 0.18401604890823364
0.44936707615852356 0.12025316804647446 0.1835556924343109
0.44936707615852356 0.13291139900684357 0.1830441951751709
0.44936707615852356 0.14556962251663208 0.1824815422296524
0.44936707615852356 0.1582278460264206 0.18186774849891663
0.44936707615852356 0.1708860695362091 0.18120279908180237
0.44936707615852356 0.1835443079471588 0.18048669397830963
0.44936707615852356 0.19620253145694733 0.17971943318843842
0.44936707615852356 0.20886075496673584 0.17890103161334991
0.44936707615852356 0.22151899337768555 0.17803148925304413
0.44936707615852356 0.23417721688747406 0.17711079120635986
0.44936707615852356 0.24683544039726257 0.17613893747329712
0.44936707615852356 0.2594936788082123 0.1751159280538559
0.44936707615852356 0.2721518874168396 0.1740417778491974
0.44936707615852356 0.2848101258277893 0.1729164719581604
0.44936707615852356 0.297468364238739 0.17174002528190613
0.44936707615852356 0.31012657284736633 0.17051242291927338
0.44936707615852356 0.32278481125831604 0.16923367977142334
0.44936707615852356 0.33544304966926575 0.16790376603603363
0.44936707615852356 0.34810125827789307 0.16652271151542664
0.44936707615852356 0.3607594966888428 0.16509051620960236
0.44936707615852356 0.3734177350997925 0.1636071652173996
0.44936707615852356 0.3860759437084198 0.16207265853881836
0.44936707615852356 0.3987341821193695 0.16048701107501984
0.44936707615852356 0.4113923907279968 0.15885020792484283
0.44936707615852356 0.42405062913894653 0.15716224908828735
0.44936707615852356 0.43670886754989624 0.1554231494665146
0.44936707615852356 0.44936707615852356 0.15363289415836334
0.44936707615852356 0.46202531456947327 0.1517914980649948
0.44936707615852356 0.474683552980423 0.1498989462852478
0.44936707615852356 0.4873417615890503 0.14795523881912231
0.44936707615852356 0.5 0.14596039056777954
0.46202531456947327 -0.5 0.14422988891601562
0.46202531456947327 -0.4873417615890503 0.1461959034204483
0.46202531456947327 -0.474683552980423 0.1481115072965622
0.46202531456947327 -0.46202531456947327 0.1499767154455185
0.46202531456947327 -0.44936707615852356 0.1517914980649948
0.46202531456947327 -0.43670886754989624 0.15355587005615234
0.46202531456947327 -0.42405062913894653 0.1552698314189911
0.46202531456947327 -0.4113923907279968 0.15693338215351105
0.46202531456947327 -0.3987341821193695 0.15854652225971222
0.46202531456947327 -0.3860759437084198 0.1601092517375946
0.46202531456947327 -0.3734177350997925 0.1616215705871582
0.46202531456947327 -0.3607594966888428 0.16308347880840302
0.46202531456947327 -0.34810125827789307 0.16449499130249023
0.46202531456947327 -0.33544304966926575 0.16585607826709747
0.46202531456947327 -0.32278481125831604 0.16716675460338593
0.46202531456947327 -0.31012657284736633 0.1684270203113556
0.46202531456947327 -0.297468364238739 0.16963687539100647
0.46202531456947327 -0.2848101258277893 0.17079631984233856
0.46202531456947327 -0.2721518874168396 0.17190535366535187
0.46202531456947327 -0.2594936788082123 0.1729639768600464
0.46202531456947327 -0.24683544039726257 0.17397218942642212
0.46202531456947327 -0.23417721688747406 0.17492999136447906
0.46202531456947327 -0.22151899337768555 0.17583738267421722
0.46202531456947327 -0.20886075496673584 0.1766943633556366
0.46202531456947327 -0.19620253145694733 0.17750093340873718
0.46202531456947327 -0.1835443079471588 0.17825709283351898
0.46202531456947327 -0.1708860695362091 0.178962841629982
0.46202531456947327 -0.1582278460264206 0.17961819469928741
0.46202531456947327 -0.14556962251663208 0.18022312223911285
0.46202531456947327 -0.13291139900684357 0.1807776391506195
0.46202531456947327 -0.12025316804647446 0.18128174543380737
0.46202531456947327 -0.10759493708610535 0.18173544108867645
0.46202531456947327 -0.09493670612573624 0.18213872611522675
0.46202531456947327 -0.08227848261594772 0.18249160051345825
0.46202531456947327 -0.06962025165557861 0.18279406428337097
0.46202531456947327 -0.0569620244204998 0.1830461174249649
0.46202531456947327 -0.04430379718542099 0.18324775993824005
0.46202531456947327 -0.03164556995034218 0.1833989918231964
0.46202531456947327 -0.018987340852618217 0.18349981307983398
0.46202531456947327 -0.006329114083200693 0.18355022370815277
0.46202531456947327 0.006329114083200693 0.18355022370815277
0.46202531456947327 0.018987340852618217 0.18349981307983398
0.46202531456947327 0.03164556995034218 0.1833989918231964
0.46202531456947327 0.04430379718542099 0.18324775993824005
0.46202531456947327 0.0569620244204998 0.1830461174249649
0.46202531456947327 0.06962025165557861 0.18279406428337097
0.46202531456947327 0.08227848261594772 0.18249160051345825
0.46202531456947327 0.09493670612573624 0.18213872611522675
0.46202531456947327 0.10759493708610535 0.18173544108867645
0.46202531456947327 0.12025316804647446 0.18128174543380737
0.46202531456947327 0.13291139900684357 0.1807776391506195
0.46202531456947327 0.14556962251663208 0.18022312223911285
0.46202531456947327 0.1582278460264206 0.17961819469928741
0.46202531456947327 0.1708860695362091 0.178962841629982
0.46202531456947327 0.1835443079471588 0.17825709283351898
0.46202531456947327 0.19620253145694733 0.17750093340873718
0.46202531456947327 0.20886075496673584 0.1766943633556366
0.46202531456947327 0.22151899337768555 0.17583738267421722
0.46202531456947327 0.23417721688747406 0.17492999136447906
0.46202531456947327 0.24683544039726257 0.17397218942642212
0.46202531456947327 0.2594936788082123 0.1729639768600464
0.46202531456947327 0.2721518874168396 0.17190535366535187
0.46202531456947327 0.2848101258277893 0.17079631984233856
0.46202531456947327 0.297468364238739 0.16963687539100647
0.46202531456947327 0.31012657284736633 0.1684270203113556
0.46202531456947327 0.32278481125831604 0.16716675460338593
0.46202531456947327 0.33544304966926575 0.16585607826709747
0.46202531456947327 0.34810125827789307 0.16449499130249023
0.46202531456947327 0.3607594966888428 0.16308347880840302
0.46202531456947327 0.3734177350997925 0.1616215705871582
0.46202531456947327 0.3860759437084198 0.1601092517375946
0.46202531456947327 0.3987341821193695 0.15854652225971222
0.46202531456947327 0.4113923907279968 0.15693338215351105
0.46202531456947327 0.42405062913894653 0.1552698314189911
0.46202531456947327 0.43670886754989624 0.15355587005615234
0.46202531456947327 0.44936707615852356 0.1517914980649948
0.46202531456947327 0.46202531456947327 0.1499767154455185
0.46202531456947327 0.474683552980423 0.1481115072965622
0.46202531456947327 0.4873417615890503 0.1461959034204483
0.46202531456947327 0.5 0.14422988891601562
0.474683552980423 -0.5 0.14245133101940155
0.474683552980423 -0.4873417615890503 0.14438770711421967
0.474683552980423 -0.474683552980423 0.14627443253993988
0.474683552980423 -0.46202531456947327 0.1481115072965622
0.474683552980423 -0.44936707615852356 0.1498989462852478
0.474683552980423 -0.43670886754989624 0.15163671970367432
0.474683552980423 -0.42405062913894653 0.15332484245300293
0.474683552980423 -0.4113923907279968 0.15496331453323364
0.474683552980423 -0.3987341821193695 0.15655213594436646
0.474683552980423 -0.3860759437084198 0.15809130668640137
0.474683552980423 -0.3734177350997925 0.15958082675933838
0.474683552980423 -0.3607594966888428 0.16102071106433868
0.474683552980423 -0.34810125827789307 0.1624109297990799
0.474683552980423 -0.33544304966926575 0.1637514978647232
0.474683552980423 -0.32278481125831604 0.16504241526126862
0.474683552980423 -0.31012657284736633 0.16628368198871613
0.474683552980423 -0.297468364238739 0.16747529804706573
0.474683552980423 -0.2848101258277893 0.16861726343631744
0.474683552980423 -0.2721518874168396 0.16970957815647125
0.474683552980423 -0.2594936788082123 0.17075224220752716
0.474683552980423 -0.24683544039726257 0.17174525558948517
0.474683552980423 -0.23417721688747406 0.17268861830234528
0.474683552980423 -0.22151899337768555 0.17358234524726868
0.474683552980423 -0.20886075496673584 0.17442640662193298
0.474683552980423 -0.19620253145694733 0.1752208173274994
0.474683552980423 -0.1835443079471588 0.1759655773639679
0.474683552980423 -0.1708860695362091 0.1766606867313385
0.474683552980423 -0.1582278460264206 0.1773061454296112
0.474683552980423 -0.14556962251663208 0.177901953458786
0.474683552980423 -0.13291139900684357 0.17844811081886292
0.474683552980423 -0.12025316804647446 0.17894461750984192
0.474683552980423 -0.10759493708610535 0.17939147353172302
0.474683552980423 -0.09493670612573624 0.17978867888450623
0.474683552980423 -0.08227848261594772 0.18013623356819153
0.474683552980423 -0.06962025165557861 0.18043413758277893
0.474683552980423 -0.0569620244204998 0.18068239092826843
0.474683552980423 -0.04430379718542099 0.18088099360466003
0.474683552980423 -0.03164556995034218 0.18102994561195374
0.474683552980423 -0.018987340852618217 0.18112924695014954
0.474683552980423 -0.006329114083200693 0.18117889761924744
0.474683552980423 0.006329114083200693 0.18117889761924744
0.474683552980423 0.018987340852618217 0.18112924695014954
0.474683552980423 0.03164556995034218 0.18102994561195374
0.474683552980423 0.04430379718542099 0.18088099360466003
0.474683552980423 0.0569620244204998 0.18068239092826843
0.474683552980423 0.06962025165557861 0.18043413758277893
0.474683552980423 0.08227848261594772 0.18013623356819153
0.474683552980423 0.09493670612573624 0.17978867888450623
0.474683552980423 0.10759493708610535 0.17939147353172302
0.474683552980423 0.12025316804647446 0.17894461750984192
0.474683552980423 0.13291139900684357 0.17844811081886292
0.474683552980423 0.14556962251663208 0.177901953458786
0.474683552980423 0.1582278460264206 0.1773061454296112
0.474683552980423 0.1708860695362091 0.1766606867313385
0.474683552980423 0.1835443079471588 0.1759655773639679
0.474683552980423 0.19620253145694733 0.1752208173274994
0.474683552980423 0.20886075496673584 0.17442640662193298
0.474683552980423 0.22151899337768555 0.17358234524726868
0.474683552980423 0.23417721688747406 0.17268861830234528
0.474683552980423 0.24683544039726257 0.17174525558948517
0.474683552980423 0.2594936788082123 0.17075224220752716
0.474683552980423 0.2721518874168396 0.16970957815647125
0.474683552980423 0.2848101258277893 0.16861726343631744
0.474683552980423 0.297468364238739 0.16747529804706573
0.474683552980423 0.31012657284736633 0.16628368198871613
0.474683552980423 0.32278481125831604 0.16504241526126862
0.474683552980423 0.33544304966926575 0.1637514978647232
0.474683552980423 0.34810125827789307 0.1624109297990799
0.474683552980423 0.3607594966888428 0.16102071106433868
0.474683552980423 0.3734177350997925 0.15958082675933838
0.474683552980423 0.3860759437084198 0.15809130668640137
0.474683552980423 0.3987341821193695 0.15655213594436646
0.474683552980423 0.4113923907279968 0.15496331453323364
0.474683552980423 0.42405062913894653 0.15332484245300293
0.474683552980423 0.43670886754989624 0.15163671970367432
0.474683552980423 0.44936707615852356 0.1498989462852478
0.474683552980423 0.46202531456947327 0.1481115072965622
0.474683552980423 0.474683552980423 0.14627443253993988
0.474683552980423 0.4873417615890503 0.14438770711421967
0.474683552980423 0.5 0.14245133101940155
0.4873417615890503 -0.5 0.14062470197677612
0.4873417615890503 -0.4873417615890503 0.1425306349992752
0.4873417615890503 -0.474683552980423 0.14438770711421967
0.4873417615890503 -0.46202531456947327 0.1461959034204483
0.4873417615890503 -0.44936707615852356 0.14795523881912231
0.4873417615890503 -0.43670886754989624 0.1496656984090805
0.4873417615890503 -0.42405062913894653 0.15132728219032288
0.4873417615890503 -0.4113923907279968 0.15294000506401062
0.4873417615890503 -0.3987341821193695 0.15450385212898254
0.4873417615890503 -0.3860759437084198 0.15601882338523865
0.4873417615890503 -0.3734177350997925 0.15748493373394012
0.4873417615890503 -0.3607594966888428 0.15890216827392578
0.4873417615890503 -0.34810125827789307 0.1602705419063568
0.4873417615890503 -0.33544304966926575 0.16159003973007202
0.4873417615890503 -0.32278481125831604 0.1628606617450714
0.4873417615890503 -0.31012657284736633 0.16408242285251617
0.4873417615890503 -0.297468364238739 0.16525530815124512
0.4873417615890503 -0.2848101258277893 0.16637931764125824
0.4873417615890503 -0.2721518874168396 0.16745446622371674
0.4873417615890503 -0.2594936788082123 0.1684807389974594
0.4873417615890503 -0.24683544039726257 0.16945815086364746
0.4873417615890503 -0.23417721688747406 0.1703866720199585
0.4873417615890503 -0.22151899337768555 0.1712663471698761
0.4873417615890503 -0.20886075496673584 0.1720971316099167
0.4873417615890503 -0.19620253145694733 0.17287905514240265
0.4873417615890503 -0.1835443079471588 0.17361211776733398
0.4873417615890503 -0.1708860695362091 0.1742963045835495
0.4873417615890503 -0.1582278460264206 0.1749316155910492
0.4873417615890503 -0.14556962251663208 0.17551805078983307
0.4873417615890503 -0.13291139900684357 0.17605562508106232
0.4873417615890503 -0.12025316804647446 0.17654432356357574
0.4873417615890503 -0.10759493708610535 0.17698416113853455
0.4873417615890503 -0.09493670612573624 0.17737512290477753
0.4873417615890503 -0.08227848261594772 0.1777172088623047
0.4873417615890503 -0.06962025165557861 0.17801043391227722
0.4873417615890503 -0.0569620244204998 0.17825478315353394
0.4873417615890503 -0.04430379718542099 0.17845027148723602
0.4873417615890503 -0.03164556995034218 0.1785968840122223
0.4873417615890503 -0.018987340852618217 0.17869462072849274
0.4873417615890503 -0.006329114083200693 0.17874349653720856
0.4873417615890503 0.006329114083200693 0.17874349653720856
0.4873417615890503 0.018987340852618217 0.17869462072849274
0.4873417615890503 0.03164556995034218 0.1785968840122223
0.4873417615890503 0.04430379718542099 0.17845027148723602
0.4873417615890503 0.0569620244204998 0.17825478315353394
0.4873417615890503 0.06962025165557861 0.17801043391227722
0.4873417615890503 0.08227848261594772 0.1777172088623047
0.4873417615890503 0.09493670612573624 0.17737512290477753
0.4873417615890503 0.10759493708610535 0.17698416113853455
0.4873417615890503 0.12025316804647446 0.17654432356357574
0.4873417615890503 0.13291139900684357 0.17605562508106232
0.4873417615890503 0.14556962251663208 0.17551805078983307
0.4873417615890503 0.1582278460264206 0.1749316155910492
0.4873417615890503 0.1708860695362091 0.1742963045835495
0.4873417615890503 0.1835443079471588 0.17361211776733398
0.4873417615890503 0.19620253145694733 0.17287905514240265
0.4873417615890503 0.20886075496673584 0.1720971316099167
0.4873417615890503 0.22151899337768555 0.1712663471698761
0.4873417615890503 0.23417721688747406 0.1703866720199585
0.4873417615890503 0.24683544039726257 0.16945815086364746
0.4873417615890503 0.2594936788082123 0.1684807389974594
0.4873417615890503 0.2721518874168396 0.16745446622371674
0.4873417615890503 0.2848101258277893 0.16637931764125824
0.4873417615890503 0.297468364238739 0.16525530815124512
0.4873417615890503 0.31012657284736633 0.16408242285251617
0.4873417615890503 0.32278481125831604 0.1628606617450714
0.4873417615890503 0.33544304966926575 0.16159003973007202
0.4873417615890503 0.34810125827789307 0.1602705419063568
0.4873417615890503 0.3607594966888428 0.15890216827392578
0.4873417615890503 0.3734177350997925 0.15748493373394012
0.4873417615890503 0.3860759437084198 0.15601882338523865
0.4873417615890503 0.3987341821193695 0.15450385212898254
0.4873417615890503 0.4113923907279968 0.15294000506401062
0.4873417615890503 0.42405062913894653 0.15132728219032288
0.4873417615890503 0.43670886754989624 0.1496656984090805
0.4873417615890503 0.44936707615852356 0.14795523881912231
0.4873417615890503 0.46202531456947327 0.1461959034204483
0.4873417615890503 0.474683552980423 0.14438770711421967
0.4873417615890503 0.4873417615890503 0.1425306349992752
0.4873417615890503 0.5 0.14062470197677612
0.5 -0.5 0.13875000178813934
0.5 -0.4873417615890503 0.14062470197677612
0.5 -0.474683552980423 0.14245133101940155
0.5 -0.46202531456947327 0.14422988891601562
0.5 -0.44936707615852356 0.14596039056777954
0.5 -0.43670886754989624 0.1476428061723709
0.5 -0.42405062913894653 0.14927716553211212
0.5 -0.4113923907279968 0.1508634388446808
0.5 -0.3987341821193695 0.1524016559123993
0.5 -0.3860759437084198 0.15389180183410645
0.5 -0.3734177350997925 0.15533387660980225
0.5 -0.3607594966888428 0.1567278951406479
0.5 -0.34810125827789307 0.15807382762432098
0.5 -0.33544304966926575 0.15937168896198273
0.5 -0.32278481125831604 0.1606214940547943
0.5 -0.31012657284736633 0.16182322800159454
0.5 -0.297468364238739 0.16297689080238342
0.5 -0.2848101258277893 0.16408248245716095
0.5 -0.2721518874168396 0.16514000296592712
0.5 -0.2594936788082123 0.16614945232868195
0.5 -0.24683544039726257 0.1671108454465866
0.5 -0.23417721688747406 0.16802415251731873
0.5 -0.22151899337768555 0.16888940334320068
0.5 -0.20886075496673584 0.1697065830230713
0.5 -0.19620253145694733 0.17047569155693054
0.5 -0.1835443079471588 0.17119672894477844
0.5 -0.1708860695362091 0.171869695186615
0.5 -0.1582278460264206 0.17249459028244019
0.5 -0.14556962251663208 0.17307142913341522
0.5 -0.13291139900684357 0.1736001819372177
0.5 -0.12025316804647446 0.17408087849617004
0.5 -0.10759493708610535 0.17451350390911102
0.5 -0.09493670612573624 0.17489805817604065
0.5 -0.08227848261594772 0.17523454129695892
0.5 -0.06962025165557861 0.17552295327186584
0.5 -0.0569620244204998 0.1757632941007614
0.5 -0.04430379718542099 0.17595557868480682
0.5 -0.03164556995034218 0.1760997772216797
0.5 -0.018987340852618217 0.1761959195137024
0.5 -0.006329114083200693 0.17624399065971375
0.5 0.006329114083200693 0.17624399065971375
0.5 0.018987340852618217 0.1761959195137024
0.5 0.03164556995034218 0.1760997772216797
0.5 0.04430379718542099 0.17595557868480682
0.5 0.0569620244204998 0.1757632941007614
0.5 0.06962025165557861 0.17552295327186584
0.5 0.08227848261594772 0.17523454129695892
0.5 0.09493670612573624 0.17489805817604065
0.5 0.10759493708610535 0.17451350390911102
0.5 0.12025316804647446 0.17408087849617004
0.5 0.13291139900684357 0.1736001819372177
0.5 0.14556962251663208 0.17307142913341522
0.5 0.1582278460264206 0.17249459028244019
0.5 0.1708860695362091 0.171869695186615
0.5 0.1835443079471588 0.17119672894477844
0.5 0.19620253145694733 0.17047569155693054
0.5 0.20886075496673584 0.1697065830230713
0.5 0.22151899337768555 0.16888940334320068
0.5 0.23417721688747406 0.16802415251731873
0.5 0.24683544039726257 0.1671108454465866
0.5 0.2594936788082123 0.16614945232868195
0.5 0.2721518874168396 0.16514000296592712
0.5 0.2848101258277893 0.16408248245716095
0.5 0.297468364238739 0.16297689080238342
0.5 0.31012657284736633 0.16182322800159454
0.5 0.32278481125831604 0.1606214940547943
0.5 0.33544304966926575 0.15937168896198273
0.5 0.34810125827789307 0.15807382762432098
0.5 0.3607594966888428 0.1567278951406479
0.5 0.3734177350997925 0.15533387660980225
0.5 0.3860759437084198 0.15389180183410645
0.5 0.3987341821193695 0.1524016559123993
0.5 0.4113923907279968 0.1508634388446808
0.5 0.42405062913894653 0.14927716553211212
0.5 0.43670886754989624 0.1476428061723709
0.5 0.44936707615852356 0.14596039056777954
0.5 0.46202531456947327 0.14422988891601562
0.5 0.474683552980423 0.14245133101940155
0.5 0.4873417615890503 0.14062470197677612
0.5 0.5 0.13875000178813934
