ply
format ascii 1.0
element vertex 3600
property float x
property float y
property float z
element face 6962
property list uchar int vertex_indices
end_header
0.0 0.0 1.0
0.0 0.016949152573943138 1.0
0.0 0.033898305147886276 1.0
0.0 0.050847455859184265 1.0
0.0 0.06779661029577255 1.0
0.0 0.08474576473236084 1.0
0.0 0.10169491171836853 1.0
0.0 0.11864406615495682 1.0
0.0 0.1355932205915451 1.0
0.0 0.1525423675775528 1.0
0.0 0.16949152946472168 1.0
0.0 0.18644067645072937 1.0
0.0 0.20338982343673706 1.0
0.0 0.22033898532390594 1.0
0.0 0.23728813230991364 1.0
0.0 0.2542372941970825 1.0
0.0 0.2711864411830902 1.0
0.0 0.2881355881690979 1.0
0.0 0.3050847351551056 1.0
0.0 0.32203391194343567 1.0
0.0 0.33898305892944336 1.0
0.0 0.35593220591545105 1.0
0.0 0.37288135290145874 1.0
0.0 0.38983049988746643 1.0
0.0 0.4067796468734741 1.0
0.0 0.4237288236618042 1.0
0.0 0.4406779706478119 1.0
0.0 0.4576271176338196 1.0
0.0 0.47457626461982727 1.0
0.0 0.49152541160583496 1.0
0.0 0.508474588394165 1.0
0.0 0.5254237055778503 1.0
0.0 0.5423728823661804 1.0
0.0 0.5593220591545105 1.0
0.0 0.5762711763381958 1.0
0.0 0.5932203531265259 1.0
0.0 0.6101694703102112 1.0
0.0 0.6271186470985413 1.0
0.0 0.6440678238868713 1.0
0.0 0.6610169410705566 1.0
0.0 0.6779661178588867 1.0
0.0 0.694915235042572 1.0
0.0 0.7118644118309021 1.0
0.0 0.7288135886192322 1.0
0.0 0.7457627058029175 1.0
0.0 0.7627118825912476 1.0
0.0 0.7796609997749329 1.0
0.0 0.7966101765632629 1.0
0.0 0.8135592937469482 1.0
0.0 0.8305084705352783 1.0
0.0 0.8474576473236084 1.0
0.0 0.8644067645072937 1.0
0.0 0.8813559412956238 1.0
0.0 0.8983050584793091 1.0
0.0 0.9152542352676392 1.0
0.0 0.9322034120559692 1.0
0.0 0.9491525292396545 1.0
0.0 0.9661017060279846 1.0
0.0 0.9830508232116699 1.0
0.0 1.0 1.0
0.016949152573943138 0.0 1.0
0.016949152573943138 0.016949152573943138 1.0
0.016949152573943138 0.033898305147886276 1.0
0.016949152573943138 0.050847455859184265 1.0
0.016949152573943138 0.06779661029577255 1.0
0.016949152573943138 0.08474576473236084 1.0
0.016949152573943138 0.10169491171836853 1.0
0.016949152573943138 0.11864406615495682 1.0
0.016949152573943138 0.1355932205915451 1.0
0.016949152573943138 0.1525423675775528 1.0
0.016949152573943138 0.16949152946472168 1.0
0.016949152573943138 0.18644067645072937 1.0
0.016949152573943138 0.20338982343673706 1.0
0.016949152573943138 0.22033898532390594 1.0
0.016949152573943138 0.23728813230991364 1.0
0.016949152573943138 0.2542372941970825 1.0
0.016949152573943138 0.2711864411830902 1.0
0.016949152573943138 0.2881355881690979 1.0
0.016949152573943138 0.3050847351551056 1.0
0.016949152573943138 0.32203391194343567 1.0
0.016949152573943138 0.33898305892944336 1.0
0.016949152573943138 0.35593220591545105 1.0
0.016949152573943138 0.37288135290145874 1.0
0.016949152573943138 0.38983049988746643 1.0
0.016949152573943138 0.4067796468734741 1.0
0.016949152573943138 0.4237288236618042 1.0
0.016949152573943138 0.4406779706478119 1.0
0.016949152573943138 0.4576271176338196 1.0
0.016949152573943138 0.47457626461982727 1.0
0.016949152573943138 0.49152541160583496 1.0
0.016949152573943138 0.508474588394165 1.0
0.016949152573943138 0.5254237055778503 1.0
0.016949152573943138 0.5423728823661804 1.0
0.016949152573943138 0.5593220591545105 1.0
0.016949152573943138 0.5762711763381958 1.0
0.016949152573943138 0.5932203531265259 1.0
0.016949152573943138 0.6101694703102112 1.0
0.016949152573943138 0.6271186470985413 1.0
0.016949152573943138 0.6440678238868713 1.0
0.016949152573943138 0.6610169410705566 1.0
0.016949152573943138 0.6779661178588867 1.0
0.016949152573943138 0.694915235042572 1.0
0.016949152573943138 0.7118644118309021 1.0
0.016949152573943138 0.7288135886192322 1.0
0.016949152573943138 0.7457627058029175 1.0
0.016949152573943138 0.7627118825912476 1.0
0.016949152573943138 0.7796609997749329 1.0
0.016949152573943138 0.7966101765632629 1.0
0.016949152573943138 0.8135592937469482 1.0
0.016949152573943138 0.8305084705352783 1.0
0.016949152573943138 0.8474576473236084 1.0
0.016949152573943138 0.8644067645072937 1.0
0.016949152573943138 0.8813559412956238 1.0
0.016949152573943138 0.8983050584793091 1.0
0.016949152573943138 0.9152542352676392 1.0
0.016949152573943138 0.9322034120559692 1.0
0.016949152573943138 0.9491525292396545 1.0
0.016949152573943138 0.9661017060279846 1.0
0.016949152573943138 0.9830508232116699 1.0
0.016949152573943138 1.0 1.0
0.033898305147886276 0.0 1.0
0.033898305147886276 0.016949152573943138 1.0
0.033898305147886276 0.033898305147886276 1.0
0.033898305147886276 0.050847455859184265 1.0
0.033898305147886276 0.06779661029577255 1.0
0.033898305147886276 0.08474576473236084 1.0
0.033898305147886276 0.10169491171836853 1.0
0.033898305147886276 0.11864406615495682 1.0
0.033898305147886276 0.1355932205915451 1.0
0.033898305147886276 0.1525423675775528 1.0
0.033898305147886276 0.16949152946472168 1.0
0.033898305147886276 0.18644067645072937 1.0
0.033898305147886276 0.20338982343673706 1.0
0.033898305147886276 0.22033898532390594 1.0
0.033898305147886276 0.23728813230991364 1.0
0.033898305147886276 0.2542372941970825 1.0
0.033898305147886276 0.2711864411830902 1.0
0.033898305147886276 0.2881355881690979 1.0
0.033898305147886276 0.3050847351551056 1.0
0.033898305147886276 0.32203391194343567 1.0
0.033898305147886276 0.33898305892944336 1.0
0.033898305147886276 0.35593220591545105 1.0
0.033898305147886276 0.37288135290145874 1.0
0.033898305147886276 0.38983049988746643 1.0
0.033898305147886276 0.4067796468734741 1.0
0.033898305147886276 0.4237288236618042 1.0
0.033898305147886276 0.4406779706478119 1.0
0.033898305147886276 0.4576271176338196 1.0
0.033898305147886276 0.47457626461982727 1.0
0.033898305147886276 0.49152541160583496 1.0
0.033898305147886276 0.508474588394165 1.0
0.033898305147886276 0.5254237055778503 1.0
0.033898305147886276 0.5423728823661804 1.0
0.033898305147886276 0.5593220591545105 1.0
0.033898305147886276 0.5762711763381958 1.0
0.033898305147886276 0.5932203531265259 1.0
0.033898305147886276 0.6101694703102112 1.0
0.033898305147886276 0.6271186470985413 1.0
0.033898305147886276 0.6440678238868713 1.0
0.033898305147886276 0.6610169410705566 1.0
0.033898305147886276 0.6779661178588867 1.0
0.033898305147886276 0.694915235042572 1.0
0.033898305147886276 0.7118644118309021 1.0
0.033898305147886276 0.7288135886192322 1.0
0.033898305147886276 0.7457627058029175 1.0
0.033898305147886276 0.7627118825912476 1.0
0.033898305147886276 0.7796609997749329 1.0
0.033898305147886276 0.7966101765632629 1.0
0.033898305147886276 0.8135592937469482 1.0
0.033898305147886276 0.8305084705352783 1.0
0.033898305147886276 0.8474576473236084 1.0
0.033898305147886276 0.8644067645072937 1.0
0.033898305147886276 0.8813559412956238 1.0
0.033898305147886276 0.8983050584793091 1.0
0.033898305147886276 0.9152542352676392 1.0
0.033898305147886276 0.9322034120559692 1.0
0.033898305147886276 0.9491525292396545 1.0
0.033898305147886276 0.9661017060279846 1.0
0.033898305147886276 0.9830508232116699 1.0
0.033898305147886276 1.0 1.0
0.050847455859184265 0.0 1.0
0.050847455859184265 0.016949152573943138 1.0
0.050847455859184265 0.033898305147886276 1.0
0.050847455859184265 0.050847455859184265 1.0
0.050847455859184265 0.06779661029577255 1.0
0.050847455859184265 0.08474576473236084 1.0
0.050847455859184265 0.10169491171836853 1.0
0.050847455859184265 0.11864406615495682 1.0
0.050847455859184265 0.1355932205915451 1.0
0.050847455859184265 0.1525423675775528 1.0
0.050847455859184265 0.16949152946472168 1.0
0.050847455859184265 0.18644067645072937 1.0
0.050847455859184265 0.20338982343673706 1.0
0.050847455859184265 0.22033898532390594 1.0
0.050847455859184265 0.23728813230991364 1.0
0.050847455859184265 0.2542372941970825 1.0
0.050847455859184265 0.2711864411830902 1.0
0.050847455859184265 0.2881355881690979 1.0
0.050847455859184265 0.3050847351551056 1.0
0.050847455859184265 0.32203391194343567 1.0
0.050847455859184265 0.33898305892944336 1.0
0.050847455859184265 0.35593220591545105 1.0
0.050847455859184265 0.37288135290145874 1.0
0.050847455859184265 0.38983049988746643 1.0
0.050847455859184265 0.4067796468734741 1.0
0.050847455859184265 0.4237288236618042 1.0
0.050847455859184265 0.4406779706478119 1.0
0.050847455859184265 0.4576271176338196 1.0
0.050847455859184265 0.47457626461982727 1.0
0.050847455859184265 0.49152541160583496 1.0
0.050847455859184265 0.508474588394165 1.0
0.050847455859184265 0.5254237055778503 1.0
0.050847455859184265 0.5423728823661804 1.0
0.050847455859184265 0.5593220591545105 1.0
0.050847455859184265 0.5762711763381958 1.0
0.050847455859184265 0.5932203531265259 1.0
0.050847455859184265 0.6101694703102112 1.0
0.050847455859184265 0.6271186470985413 1.0
0.050847455859184265 0.6440678238868713 1.0
0.050847455859184265 0.6610169410705566 1.0
0.050847455859184265 0.6779661178588867 1.0
0.050847455859184265 0.694915235042572 1.0
0.050847455859184265 0.7118644118309021 1.0
0.050847455859184265 0.7288135886192322 1.0
0.050847455859184265 0.7457627058029175 1.0
0.050847455859184265 0.7627118825912476 1.0
0.050847455859184265 0.7796609997749329 1.0
0.050847455859184265 0.7966101765632629 1.0
0.050847455859184265 0.8135592937469482 1.0
0.050847455859184265 0.8305084705352783 1.0
0.050847455859184265 0.8474576473236084 1.0
0.050847455859184265 0.8644067645072937 1.0
0.050847455859184265 0.8813559412956238 1.0
0.050847455859184265 0.8983050584793091 1.0
0.050847455859184265 0.9152542352676392 1.0
0.050847455859184265 0.9322034120559692 1.0
0.050847455859184265 0.9491525292396545 1.0
0.050847455859184265 0.9661017060279846 1.0
0.050847455859184265 0.9830508232116699 1.0
0.050847455859184265 1.0 1.0
0.06779661029577255 0.0 1.0
0.06779661029577255 0.016949152573943138 1.0
0.06779661029577255 0.033898305147886276 1.0
0.06779661029577255 0.050847455859184265 1.0
0.06779661029577255 0.06779661029577255 1.0
0.06779661029577255 0.08474576473236084 1.0
0.06779661029577255 0.10169491171836853 1.0
0.06779661029577255 0.11864406615495682 1.0
0.06779661029577255 0.1355932205915451 1.0
0.06779661029577255 0.1525423675775528 1.0
0.06779661029577255 0.16949152946472168 1.0
0.06779661029577255 0.18644067645072937 1.0
0.06779661029577255 0.20338982343673706 1.0
0.06779661029577255 0.22033898532390594 1.0
0.06779661029577255 0.23728813230991364 1.0
0.06779661029577255 0.2542372941970825 1.0
0.06779661029577255 0.2711864411830902 1.0
0.06779661029577255 0.2881355881690979 1.0
0.06779661029577255 0.3050847351551056 1.0
0.06779661029577255 0.32203391194343567 1.0
0.06779661029577255 0.33898305892944336 1.0
0.06779661029577255 0.35593220591545105 1.0
0.06779661029577255 0.37288135290145874 1.0
0.06779661029577255 0.38983049988746643 1.0
0.06779661029577255 0.4067796468734741 1.0
0.06779661029577255 0.4237288236618042 1.0
0.06779661029577255 0.4406779706478119 1.0
0.06779661029577255 0.4576271176338196 1.0
0.06779661029577255 0.47457626461982727 1.0
0.06779661029577255 0.49152541160583496 1.0
0.06779661029577255 0.508474588394165 1.0
0.06779661029577255 0.5254237055778503 1.0
0.06779661029577255 0.5423728823661804 1.0
0.06779661029577255 0.5593220591545105 1.0
0.06779661029577255 0.5762711763381958 1.0
0.06779661029577255 0.5932203531265259 1.0
0.06779661029577255 0.6101694703102112 1.0
0.06779661029577255 0.6271186470985413 1.0
0.06779661029577255 0.6440678238868713 1.0
0.06779661029577255 0.6610169410705566 1.0
0.06779661029577255 0.6779661178588867 1.0
0.06779661029577255 0.694915235042572 1.0
0.06779661029577255 0.7118644118309021 1.0
0.06779661029577255 0.7288135886192322 1.0
0.06779661029577255 0.7457627058029175 1.0
0.06779661029577255 0.7627118825912476 1.0
0.06779661029577255 0.7796609997749329 1.0
0.06779661029577255 0.7966101765632629 1.0
0.06779661029577255 0.8135592937469482 1.0
0.06779661029577255 0.8305084705352783 1.0
0.06779661029577255 0.8474576473236084 1.0
0.06779661029577255 0.8644067645072937 1.0
0.06779661029577255 0.8813559412956238 1.0
0.06779661029577255 0.8983050584793091 1.0
0.06779661029577255 0.9152542352676392 1.0
0.06779661029577255 0.9322034120559692 1.0
0.06779661029577255 0.9491525292396545 1.0
0.06779661029577255 0.9661017060279846 1.0
0.06779661029577255 0.9830508232116699 1.0
0.06779661029577255 1.0 1.0
0.08474576473236084 0.0 1.0
0.08474576473236084 0.016949152573943138 1.0
0.08474576473236084 0.033898305147886276 1.0
0.08474576473236084 0.050847455859184265 1.0
0.08474576473236084 0.06779661029577255 1.0
0.08474576473236084 0.08474576473236084 1.0
0.08474576473236084 0.10169491171836853 1.0
0.08474576473236084 0.11864406615495682 1.0
0.08474576473236084 0.1355932205915451 1.0
0.08474576473236084 0.1525423675775528 1.0
0.08474576473236084 0.16949152946472168 1.0
0.08474576473236084 0.18644067645072937 1.0
0.08474576473236084 0.20338982343673706 1.0
0.08474576473236084 0.22033898532390594 1.0
0.08474576473236084 0.23728813230991364 1.0
0.08474576473236084 0.2542372941970825 1.0
0.08474576473236084 0.2711864411830902 1.0
0.08474576473236084 0.2881355881690979 1.0
0.08474576473236084 0.3050847351551056 1.0
0.08474576473236084 0.32203391194343567 1.0
0.08474576473236084 0.33898305892944336 1.0
0.08474576473236084 0.35593220591545105 1.0
0.08474576473236084 0.37288135290145874 1.0
0.08474576473236084 0.38983049988746643 1.0
0.08474576473236084 0.4067796468734741 1.0
0.08474576473236084 0.4237288236618042 1.0
0.08474576473236084 0.4406779706478119 1.0
0.08474576473236084 0.4576271176338196 1.0
0.08474576473236084 0.47457626461982727 1.0
0.08474576473236084 0.49152541160583496 1.0
0.08474576473236084 0.508474588394165 1.0
0.08474576473236084 0.5254237055778503 1.0
0.08474576473236084 0.5423728823661804 1.0
0.08474576473236084 0.5593220591545105 1.0
0.08474576473236084 0.5762711763381958 1.0
0.08474576473236084 0.5932203531265259 1.0
0.08474576473236084 0.6101694703102112 1.0
0.08474576473236084 0.6271186470985413 1.0
0.08474576473236084 0.6440678238868713 1.0
0.08474576473236084 0.6610169410705566 1.0
0.08474576473236084 0.6779661178588867 1.0
0.08474576473236084 0.694915235042572 1.0
0.08474576473236084 0.7118644118309021 1.0
0.08474576473236084 0.7288135886192322 1.0
0.08474576473236084 0.7457627058029175 1.0
0.08474576473236084 0.7627118825912476 1.0
0.08474576473236084 0.7796609997749329 1.0
0.08474576473236084 0.7966101765632629 1.0
0.08474576473236084 0.8135592937469482 1.0
0.08474576473236084 0.8305084705352783 1.0
0.08474576473236084 0.8474576473236084 1.0
0.08474576473236084 0.8644067645072937 1.0
0.08474576473236084 0.8813559412956238 1.0
0.08474576473236084 0.8983050584793091 1.0
0.08474576473236084 0.9152542352676392 1.0
0.08474576473236084 0.9322034120559692 1.0
0.08474576473236084 0.9491525292396545 1.0
0.08474576473236084 0.9661017060279846 1.0
0.08474576473236084 0.9830508232116699 1.0
0.08474576473236084 1.0 1.0
0.10169491171836853 0.0 1.0
0.10169491171836853 0.016949152573943138 1.0
0.10169491171836853 0.033898305147886276 1.0
0.10169491171836853 0.050847455859184265 1.0
0.10169491171836853 0.06779661029577255 1.0
0.10169491171836853 0.08474576473236084 1.0
0.10169491171836853 0.10169491171836853 1.0
0.10169491171836853 0.11864406615495682 1.0
0.10169491171836853 0.1355932205915451 1.0
0.10169491171836853 0.1525423675775528 1.0
0.10169491171836853 0.16949152946472168 1.0
0.10169491171836853 0.18644067645072937 1.0
0.10169491171836853 0.20338982343673706 1.0
0.10169491171836853 0.22033898532390594 1.0
0.10169491171836853 0.23728813230991364 1.0
0.10169491171836853 0.2542372941970825 1.0
0.10169491171836853 0.2711864411830902 1.0
0.10169491171836853 0.2881355881690979 1.0
0.10169491171836853 0.3050847351551056 1.0
0.10169491171836853 0.32203391194343567 1.0
0.10169491171836853 0.33898305892944336 1.0
0.10169491171836853 0.35593220591545105 1.0
0.10169491171836853 0.37288135290145874 1.0
0.10169491171836853 0.38983049988746643 1.0
0.10169491171836853 0.4067796468734741 1.0
0.10169491171836853 0.4237288236618042 1.0
0.10169491171836853 0.4406779706478119 1.0
0.10169491171836853 0.4576271176338196 1.0
0.10169491171836853 0.47457626461982727 1.0
0.10169491171836853 0.49152541160583496 1.0
0.10169491171836853 0.508474588394165 1.0
0.10169491171836853 0.5254237055778503 1.0
0.10169491171836853 0.5423728823661804 1.0
0.10169491171836853 0.5593220591545105 1.0
0.10169491171836853 0.5762711763381958 1.0
0.10169491171836853 0.5932203531265259 1.0
0.10169491171836853 0.6101694703102112 1.0
0.10169491171836853 0.6271186470985413 1.0
0.10169491171836853 0.6440678238868713 1.0
0.10169491171836853 0.6610169410705566 1.0
0.10169491171836853 0.6779661178588867 1.0
0.10169491171836853 0.694915235042572 1.0
0.10169491171836853 0.7118644118309021 1.0
0.10169491171836853 0.7288135886192322 1.0
0.10169491171836853 0.7457627058029175 1.0
0.10169491171836853 0.7627118825912476 1.0
0.10169491171836853 0.7796609997749329 1.0
0.10169491171836853 0.7966101765632629 1.0
0.10169491171836853 0.8135592937469482 1.0
0.10169491171836853 0.8305084705352783 1.0
0.10169491171836853 0.8474576473236084 1.0
0.10169491171836853 0.8644067645072937 1.0
0.10169491171836853 0.8813559412956238 1.0
0.10169491171836853 0.8983050584793091 1.0
0.10169491171836853 0.9152542352676392 1.0
0.10169491171836853 0.9322034120559692 1.0
0.10169491171836853 0.9491525292396545 1.0
0.10169491171836853 0.9661017060279846 1.0
0.10169491171836853 0.9830508232116699 1.0
0.10169491171836853 1.0 1.0
0.11864406615495682 0.0 1.0
0.11864406615495682 0.016949152573943138 1.0
0.11864406615495682 0.033898305147886276 1.0
0.11864406615495682 0.050847455859184265 1.0
0.11864406615495682 0.06779661029577255 1.0
0.11864406615495682 0.08474576473236084 1.0
0.11864406615495682 0.10169491171836853 1.0
0.11864406615495682 0.11864406615495682 1.0
0.11864406615495682 0.1355932205915451 1.0
0.11864406615495682 0.1525423675775528 1.0
0.11864406615495682 0.16949152946472168 1.0
0.11864406615495682 0.18644067645072937 1.0
0.11864406615495682 0.20338982343673706 1.0
0.11864406615495682 0.22033898532390594 1.0
0.11864406615495682 0.23728813230991364 1.0
0.11864406615495682 0.2542372941970825 1.0
0.11864406615495682 0.2711864411830902 1.0
0.11864406615495682 0.2881355881690979 1.0
0.11864406615495682 0.3050847351551056 1.0
0.11864406615495682 0.32203391194343567 1.0
0.11864406615495682 0.33898305892944336 1.0
0.11864406615495682 0.35593220591545105 1.0
0.11864406615495682 0.37288135290145874 1.0
0.11864406615495682 0.38983049988746643 1.0
0.11864406615495682 0.4067796468734741 1.0
0.11864406615495682 0.4237288236618042 1.0
0.11864406615495682 0.4406779706478119 1.0
0.11864406615495682 0.4576271176338196 1.0
0.11864406615495682 0.47457626461982727 1.0
0.11864406615495682 0.49152541160583496 1.0
0.11864406615495682 0.508474588394165 1.0
0.11864406615495682 0.5254237055778503 1.0
0.11864406615495682 0.5423728823661804 1.0
0.11864406615495682 0.5593220591545105 1.0
0.11864406615495682 0.5762711763381958 1.0
0.11864406615495682 0.5932203531265259 1.0
0.11864406615495682 0.6101694703102112 1.0
0.11864406615495682 0.6271186470985413 1.0
0.11864406615495682 0.6440678238868713 1.0
0.11864406615495682 0.6610169410705566 1.0
0.11864406615495682 0.6779661178588867 1.0
0.11864406615495682 0.694915235042572 1.0
0.11864406615495682 0.7118644118309021 1.0
0.11864406615495682 0.7288135886192322 1.0
0.11864406615495682 0.7457627058029175 1.0
0.11864406615495682 0.7627118825912476 1.0
0.11864406615495682 0.7796609997749329 1.0
0.11864406615495682 0.7966101765632629 1.0
0.11864406615495682 0.8135592937469482 1.0
0.11864406615495682 0.8305084705352783 1.0
0.11864406615495682 0.8474576473236084 1.0
0.11864406615495682 0.8644067645072937 1.0
0.11864406615495682 0.8813559412956238 1.0
0.11864406615495682 0.8983050584793091 1.0
0.11864406615495682 0.9152542352676392 1.0
0.11864406615495682 0.9322034120559692 1.0
0.11864406615495682 0.9491525292396545 1.0
0.11864406615495682 0.9661017060279846 1.0
0.11864406615495682 0.9830508232116699 1.0
0.11864406615495682 1.0 1.0
0.1355932205915451 0.0 1.0
0.1355932205915451 0.016949152573943138 1.0
0.1355932205915451 0.033898305147886276 1.0
0.1355932205915451 0.050847455859184265 1.0
0.1355932205915451 0.06779661029577255 1.0
0.1355932205915451 0.08474576473236084 1.0
0.1355932205915451 0.10169491171836853 1.0
0.1355932205915451 0.11864406615495682 1.0
0.1355932205915451 0.1355932205915451 1.0
0.1355932205915451 0.1525423675775528 1.0
0.1355932205915451 0.16949152946472168 1.0
0.1355932205915451 0.18644067645072937 1.0
0.1355932205915451 0.20338982343673706 1.0
0.1355932205915451 0.22033898532390594 1.0
0.1355932205915451 0.23728813230991364 1.0
0.1355932205915451 0.2542372941970825 1.0
0.1355932205915451 0.2711864411830902 1.0
0.1355932205915451 0.2881355881690979 1.0
0.1355932205915451 0.3050847351551056 1.0
0.1355932205915451 0.32203391194343567 1.0
0.1355932205915451 0.33898305892944336 1.0
0.1355932205915451 0.35593220591545105 1.0
0.1355932205915451 0.37288135290145874 1.0
0.1355932205915451 0.38983049988746643 1.0
0.1355932205915451 0.4067796468734741 1.0
0.1355932205915451 0.4237288236618042 1.0
0.1355932205915451 0.4406779706478119 1.0
0.1355932205915451 0.4576271176338196 1.0
0.1355932205915451 0.47457626461982727 1.0
0.1355932205915451 0.49152541160583496 1.0
0.1355932205915451 0.508474588394165 1.0
0.1355932205915451 0.5254237055778503 1.0
0.1355932205915451 0.5423728823661804 1.0
0.1355932205915451 0.5593220591545105 1.0
0.1355932205915451 0.5762711763381958 1.0
0.1355932205915451 0.5932203531265259 1.0
0.1355932205915451 0.6101694703102112 1.0
0.1355932205915451 0.6271186470985413 1.0
0.1355932205915451 0.6440678238868713 1.0
0.1355932205915451 0.6610169410705566 1.0
0.1355932205915451 0.6779661178588867 1.0
0.1355932205915451 0.694915235042572 1.0
0.1355932205915451 0.7118644118309021 1.0
0.1355932205915451 0.7288135886192322 1.0
0.1355932205915451 0.7457627058029175 1.0
0.1355932205915451 0.7627118825912476 1.0
0.1355932205915451 0.7796609997749329 1.0
0.1355932205915451 0.7966101765632629 1.0
0.1355932205915451 0.8135592937469482 1.0
0.1355932205915451 0.8305084705352783 1.0
0.1355932205915451 0.8474576473236084 1.0
0.1355932205915451 0.8644067645072937 1.0
0.1355932205915451 0.8813559412956238 1.0
0.1355932205915451 0.8983050584793091 1.0
0.1355932205915451 0.9152542352676392 1.0
0.1355932205915451 0.9322034120559692 1.0
0.1355932205915451 0.9491525292396545 1.0
0.1355932205915451 0.9661017060279846 1.0
0.1355932205915451 0.9830508232116699 1.0
0.1355932205915451 1.0 1.0
0.1525423675775528 0.0 1.0
0.1525423675775528 0.016949152573943138 1.0
0.1525423675775528 0.033898305147886276 1.0
0.1525423675775528 0.050847455859184265 1.0
0.1525423675775528 0.06779661029577255 1.0
0.1525423675775528 0.08474576473236084 1.0
0.1525423675775528 0.10169491171836853 1.0
0.1525423675775528 0.11864406615495682 1.0
0.1525423675775528 0.1355932205915451 1.0
0.1525423675775528 0.1525423675775528 1.0
0.1525423675775528 0.16949152946472168 1.0
0.1525423675775528 0.18644067645072937 1.0
0.1525423675775528 0.20338982343673706 1.0
0.1525423675775528 0.22033898532390594 1.0
0.1525423675775528 0.23728813230991364 1.0
0.1525423675775528 0.2542372941970825 1.0
0.1525423675775528 0.2711864411830902 1.0
0.1525423675775528 0.2881355881690979 1.0
0.1525423675775528 0.3050847351551056 1.0
0.1525423675775528 0.32203391194343567 1.0
0.1525423675775528 0.33898305892944336 1.0
0.1525423675775528 0.35593220591545105 1.0
0.1525423675775528 0.37288135290145874 1.0
0.1525423675775528 0.38983049988746643 1.0
0.1525423675775528 0.4067796468734741 1.0
0.1525423675775528 0.4237288236618042 1.0
0.1525423675775528 0.4406779706478119 1.0
0.1525423675775528 0.4576271176338196 1.0
0.1525423675775528 0.47457626461982727 1.0
0.1525423675775528 0.49152541160583496 1.0
0.1525423675775528 0.508474588394165 1.0
0.1525423675775528 0.5254237055778503 1.0
0.1525423675775528 0.5423728823661804 1.0
0.1525423675775528 0.5593220591545105 1.0
0.1525423675775528 0.5762711763381958 1.0
0.1525423675775528 0.5932203531265259 1.0
0.1525423675775528 0.6101694703102112 1.0
0.1525423675775528 0.6271186470985413 1.0
0.1525423675775528 0.6440678238868713 1.0
0.1525423675775528 0.6610169410705566 1.0
0.1525423675775528 0.6779661178588867 1.0
0.1525423675775528 0.694915235042572 1.0
0.1525423675775528 0.7118644118309021 1.0
0.1525423675775528 0.7288135886192322 1.0
0.1525423675775528 0.7457627058029175 1.0
0.1525423675775528 0.7627118825912476 1.0
0.1525423675775528 0.7796609997749329 1.0
0.1525423675775528 0.7966101765632629 1.0
0.1525423675775528 0.8135592937469482 1.0
0.1525423675775528 0.8305084705352783 1.0
0.1525423675775528 0.8474576473236084 1.0
0.1525423675775528 0.8644067645072937 1.0
0.1525423675775528 0.8813559412956238 1.0
0.1525423675775528 0.8983050584793091 1.0
0.1525423675775528 0.9152542352676392 1.0
0.1525423675775528 0.9322034120559692 1.0
0.1525423675775528 0.9491525292396545 1.0
0.1525423675775528 0.9661017060279846 1.0
0.1525423675775528 0.9830508232116699 1.0
0.1525423675775528 1.0 1.0
0.16949152946472168 0.0 1.0
0.16949152946472168 0.016949152573943138 1.0
0.16949152946472168 0.033898305147886276 1.0
0.16949152946472168 0.050847455859184265 1.0
0.16949152946472168 0.06779661029577255 1.0
0.16949152946472168 0.08474576473236084 1.0
0.16949152946472168 0.10169491171836853 1.0
0.16949152946472168 0.11864406615495682 1.0
0.16949152946472168 0.1355932205915451 1.0
0.16949152946472168 0.1525423675775528 1.0
0.16949152946472168 0.16949152946472168 1.0
0.16949152946472168 0.18644067645072937 1.0
0.16949152946472168 0.20338982343673706 1.0
0.16949152946472168 0.22033898532390594 1.0
0.16949152946472168 0.23728813230991364 1.0
0.16949152946472168 0.2542372941970825 1.0
0.16949152946472168 0.2711864411830902 1.0
0.16949152946472168 0.2881355881690979 1.0
0.16949152946472168 0.3050847351551056 1.0
0.16949152946472168 0.32203391194343567 1.0
0.16949152946472168 0.33898305892944336 1.0
0.16949152946472168 0.35593220591545105 1.0
0.16949152946472168 0.37288135290145874 1.0
0.16949152946472168 0.38983049988746643 1.0
0.16949152946472168 0.4067796468734741 1.0
0.16949152946472168 0.4237288236618042 1.0
0.16949152946472168 0.4406779706478119 1.0
0.16949152946472168 0.4576271176338196 1.0
0.16949152946472168 0.47457626461982727 1.0
0.16949152946472168 0.49152541160583496 1.0
0.16949152946472168 0.508474588394165 1.0
0.16949152946472168 0.5254237055778503 1.0
0.16949152946472168 0.5423728823661804 1.0
0.16949152946472168 0.5593220591545105 1.0
0.16949152946472168 0.5762711763381958 1.0
0.16949152946472168 0.5932203531265259 1.0
0.16949152946472168 0.6101694703102112 1.0
0.16949152946472168 0.6271186470985413 1.0
0.16949152946472168 0.6440678238868713 1.0
0.16949152946472168 0.6610169410705566 1.0
0.16949152946472168 0.6779661178588867 1.0
0.16949152946472168 0.694915235042572 1.0
0.16949152946472168 0.7118644118309021 1.0
0.16949152946472168 0.7288135886192322 1.0
0.16949152946472168 0.7457627058029175 1.0
0.16949152946472168 0.7627118825912476 1.0
0.16949152946472168 0.7796609997749329 1.0
0.16949152946472168 0.7966101765632629 1.0
0.16949152946472168 0.8135592937469482 1.0
0.16949152946472168 0.8305084705352783 1.0
0.16949152946472168 0.8474576473236084 1.0
0.16949152946472168 0.8644067645072937 1.0
0.16949152946472168 0.8813559412956238 1.0
0.16949152946472168 0.8983050584793091 1.0
0.16949152946472168 0.9152542352676392 1.0
0.16949152946472168 0.9322034120559692 1.0
0.16949152946472168 0.9491525292396545 1.0
0.16949152946472168 0.9661017060279846 1.0
0.16949152946472168 0.9830508232116699 1.0
0.16949152946472168 1.0 1.0
0.18644067645072937 0.0 1.0
0.18644067645072937 0.016949152573943138 1.0
0.18644067645072937 0.033898305147886276 1.0
0.18644067645072937 0.050847455859184265 1.0
0.18644067645072937 0.06779661029577255 1.0
0.18644067645072937 0.08474576473236084 1.0
0.18644067645072937 0.10169491171836853 1.0
0.18644067645072937 0.11864406615495682 1.0
0.18644067645072937 0.1355932205915451 1.0
0.18644067645072937 0.1525423675775528 1.0
0.18644067645072937 0.16949152946472168 1.0
0.18644067645072937 0.18644067645072937 1.0
0.18644067645072937 0.20338982343673706 1.0
0.18644067645072937 0.22033898532390594 1.0
0.18644067645072937 0.23728813230991364 1.0
0.18644067645072937 0.2542372941970825 1.0
0.18644067645072937 0.2711864411830902 1.0
0.18644067645072937 0.2881355881690979 1.0
0.18644067645072937 0.3050847351551056 1.0
0.18644067645072937 0.32203391194343567 1.0
0.18644067645072937 0.33898305892944336 1.0
0.18644067645072937 0.35593220591545105 1.0
0.18644067645072937 0.37288135290145874 1.0
0.18644067645072937 0.38983049988746643 1.0
0.18644067645072937 0.4067796468734741 1.0
0.18644067645072937 0.4237288236618042 1.0
0.18644067645072937 0.4406779706478119 1.0
0.18644067645072937 0.4576271176338196 1.0
0.18644067645072937 0.47457626461982727 1.0
0.18644067645072937 0.49152541160583496 1.0
0.18644067645072937 0.508474588394165 1.0
0.18644067645072937 0.5254237055778503 1.0
0.18644067645072937 0.5423728823661804 1.0
0.18644067645072937 0.5593220591545105 1.0
0.18644067645072937 0.5762711763381958 1.0
0.18644067645072937 0.5932203531265259 1.0
0.18644067645072937 0.6101694703102112 1.0
0.18644067645072937 0.6271186470985413 1.0
0.18644067645072937 0.6440678238868713 1.0
0.18644067645072937 0.6610169410705566 1.0
0.18644067645072937 0.6779661178588867 1.0
0.18644067645072937 0.694915235042572 1.0
0.18644067645072937 0.7118644118309021 1.0
0.18644067645072937 0.7288135886192322 1.0
0.18644067645072937 0.7457627058029175 1.0
0.18644067645072937 0.7627118825912476 1.0
0.18644067645072937 0.7796609997749329 1.0
0.18644067645072937 0.7966101765632629 1.0
0.18644067645072937 0.8135592937469482 1.0
0.18644067645072937 0.8305084705352783 1.0
0.18644067645072937 0.8474576473236084 1.0
0.18644067645072937 0.8644067645072937 1.0
0.18644067645072937 0.8813559412956238 1.0
0.18644067645072937 0.8983050584793091 1.0
0.18644067645072937 0.9152542352676392 1.0
0.18644067645072937 0.9322034120559692 1.0
0.18644067645072937 0.9491525292396545 1.0
0.18644067645072937 0.9661017060279846 1.0
0.18644067645072937 0.9830508232116699 1.0
0.18644067645072937 1.0 1.0
0.20338982343673706 0.0 1.0
0.20338982343673706 0.016949152573943138 1.0
0.20338982343673706 0.033898305147886276 1.0
0.20338982343673706 0.050847455859184265 1.0
0.20338982343673706 0.06779661029577255 1.0
0.20338982343673706 0.08474576473236084 1.0
0.20338982343673706 0.10169491171836853 1.0
0.20338982343673706 0.11864406615495682 1.0
0.20338982343673706 0.1355932205915451 1.0
0.20338982343673706 0.1525423675775528 1.0
0.20338982343673706 0.16949152946472168 1.0
0.20338982343673706 0.18644067645072937 1.0
0.20338982343673706 0.20338982343673706 1.0
0.20338982343673706 0.22033898532390594 1.0
0.20338982343673706 0.23728813230991364 1.0
0.20338982343673706 0.2542372941970825 1.0
0.20338982343673706 0.2711864411830902 1.0
0.20338982343673706 0.2881355881690979 1.0
0.20338982343673706 0.3050847351551056 1.0
0.20338982343673706 0.32203391194343567 1.0
0.20338982343673706 0.33898305892944336 1.0
0.20338982343673706 0.35593220591545105 1.0
0.20338982343673706 0.37288135290145874 1.0
0.20338982343673706 0.38983049988746643 1.0
0.20338982343673706 0.4067796468734741 1.0
0.20338982343673706 0.4237288236618042 1.0
0.20338982343673706 0.4406779706478119 1.0
0.20338982343673706 0.4576271176338196 1.0
0.20338982343673706 0.47457626461982727 1.0
0.20338982343673706 0.49152541160583496 1.0
0.20338982343673706 0.508474588394165 1.0
0.20338982343673706 0.5254237055778503 1.0
0.20338982343673706 0.5423728823661804 1.0
0.20338982343673706 0.5593220591545105 1.0
0.20338982343673706 0.5762711763381958 1.0
0.20338982343673706 0.5932203531265259 1.0
0.20338982343673706 0.6101694703102112 1.0
0.20338982343673706 0.6271186470985413 1.0
0.20338982343673706 0.6440678238868713 1.0
0.20338982343673706 0.6610169410705566 1.0
0.20338982343673706 0.6779661178588867 1.0
0.20338982343673706 0.694915235042572 1.0
0.20338982343673706 0.7118644118309021 1.0
0.20338982343673706 0.7288135886192322 1.0
0.20338982343673706 0.7457627058029175 1.0
0.20338982343673706 0.7627118825912476 1.0
0.20338982343673706 0.7796609997749329 1.0
0.20338982343673706 0.7966101765632629 1.0
0.20338982343673706 0.8135592937469482 1.0
0.20338982343673706 0.8305084705352783 1.0
0.20338982343673706 0.8474576473236084 1.0
0.20338982343673706 0.8644067645072937 1.0
0.20338982343673706 0.8813559412956238 1.0
0.20338982343673706 0.8983050584793091 1.0
0.20338982343673706 0.9152542352676392 1.0
0.20338982343673706 0.9322034120559692 1.0
0.20338982343673706 0.9491525292396545 1.0
0.20338982343673706 0.9661017060279846 1.0
0.20338982343673706 0.9830508232116699 1.0
0.20338982343673706 1.0 1.0
0.22033898532390594 0.0 1.0
0.22033898532390594 0.016949152573943138 1.0
0.22033898532390594 0.033898305147886276 1.0
0.22033898532390594 0.050847455859184265 1.0
0.22033898532390594 0.06779661029577255 1.0
0.22033898532390594 0.08474576473236084 1.0
0.22033898532390594 0.10169491171836853 1.0
0.22033898532390594 0.11864406615495682 1.0
0.22033898532390594 0.1355932205915451 1.0
0.22033898532390594 0.1525423675775528 1.0
0.22033898532390594 0.16949152946472168 1.0
0.22033898532390594 0.18644067645072937 1.0
0.22033898532390594 0.20338982343673706 1.0
0.22033898532390594 0.22033898532390594 1.0
0.22033898532390594 0.23728813230991364 1.0
0.22033898532390594 0.2542372941970825 1.0
0.22033898532390594 0.2711864411830902 1.0
0.22033898532390594 0.2881355881690979 1.0
0.22033898532390594 0.3050847351551056 1.0
0.22033898532390594 0.32203391194343567 1.0
0.22033898532390594 0.33898305892944336 1.0
0.22033898532390594 0.35593220591545105 1.0
0.22033898532390594 0.37288135290145874 1.0
0.22033898532390594 0.38983049988746643 1.0
0.22033898532390594 0.4067796468734741 1.0
0.22033898532390594 0.4237288236618042 1.0
0.22033898532390594 0.4406779706478119 1.0
0.22033898532390594 0.4576271176338196 1.0
0.22033898532390594 0.47457626461982727 1.0
0.22033898532390594 0.49152541160583496 1.0
0.22033898532390594 0.508474588394165 1.0
0.22033898532390594 0.5254237055778503 1.0
0.22033898532390594 0.5423728823661804 1.0
0.22033898532390594 0.5593220591545105 1.0
0.22033898532390594 0.5762711763381958 1.0
0.22033898532390594 0.5932203531265259 1.0
0.22033898532390594 0.6101694703102112 1.0
0.22033898532390594 0.6271186470985413 1.0
0.22033898532390594 0.6440678238868713 1.0
0.22033898532390594 0.6610169410705566 1.0
0.22033898532390594 0.6779661178588867 1.0
0.22033898532390594 0.694915235042572 1.0
0.22033898532390594 0.7118644118309021 1.0
0.22033898532390594 0.7288135886192322 1.0
0.22033898532390594 0.7457627058029175 1.0
0.22033898532390594 0.7627118825912476 1.0
0.22033898532390594 0.7796609997749329 1.0
0.22033898532390594 0.7966101765632629 1.0
0.22033898532390594 0.8135592937469482 1.0
0.22033898532390594 0.8305084705352783 1.0
0.22033898532390594 0.8474576473236084 1.0
0.22033898532390594 0.8644067645072937 1.0
0.22033898532390594 0.8813559412956238 1.0
0.22033898532390594 0.8983050584793091 1.0
0.22033898532390594 0.9152542352676392 1.0
0.22033898532390594 0.9322034120559692 1.0
0.22033898532390594 0.9491525292396545 1.0
0.22033898532390594 0.9661017060279846 1.0
0.22033898532390594 0.9830508232116699 1.0
0.22033898532390594 1.0 1.0
0.23728813230991364 0.0 1.0
0.23728813230991364 0.016949152573943138 1.0
0.23728813230991364 0.033898305147886276 1.0
0.23728813230991364 0.050847455859184265 1.0
0.23728813230991364 0.06779661029577255 1.0
0.23728813230991364 0.08474576473236084 1.0
0.23728813230991364 0.10169491171836853 1.0
0.23728813230991364 0.11864406615495682 1.0
0.23728813230991364 0.1355932205915451 1.0
0.23728813230991364 0.1525423675775528 1.0
0.23728813230991364 0.16949152946472168 1.0
0.23728813230991364 0.18644067645072937 1.0
0.23728813230991364 0.20338982343673706 1.0
0.23728813230991364 0.22033898532390594 1.0
0.23728813230991364 0.23728813230991364 1.0
0.23728813230991364 0.2542372941970825 1.0
0.23728813230991364 0.2711864411830902 1.0
0.23728813230991364 0.2881355881690979 1.0
0.23728813230991364 0.3050847351551056 1.0
0.23728813230991364 0.32203391194343567 1.0
0.23728813230991364 0.33898305892944336 1.0
0.23728813230991364 0.35593220591545105 1.0
0.23728813230991364 0.37288135290145874 1.0
0.23728813230991364 0.38983049988746643 1.0
0.23728813230991364 0.4067796468734741 1.0
0.23728813230991364 0.4237288236618042 1.0
0.23728813230991364 0.4406779706478119 1.0
0.23728813230991364 0.4576271176338196 1.0
0.23728813230991364 0.47457626461982727 1.0
0.23728813230991364 0.49152541160583496 1.0
0.23728813230991364 0.508474588394165 1.0
0.23728813230991364 0.5254237055778503 1.0
0.23728813230991364 0.5423728823661804 1.0
0.23728813230991364 0.5593220591545105 1.0
0.23728813230991364 0.5762711763381958 1.0
0.23728813230991364 0.5932203531265259 1.0
0.23728813230991364 0.6101694703102112 1.0
0.23728813230991364 0.6271186470985413 1.0
0.23728813230991364 0.6440678238868713 1.0
0.23728813230991364 0.6610169410705566 1.0
0.23728813230991364 0.6779661178588867 1.0
0.23728813230991364 0.694915235042572 1.0
0.23728813230991364 0.7118644118309021 1.0
0.23728813230991364 0.7288135886192322 1.0
0.23728813230991364 0.7457627058029175 1.0
0.23728813230991364 0.7627118825912476 1.0
0.23728813230991364 0.7796609997749329 1.0
0.23728813230991364 0.7966101765632629 1.0
0.23728813230991364 0.8135592937469482 1.0
0.23728813230991364 0.8305084705352783 1.0
0.23728813230991364 0.8474576473236084 1.0
0.23728813230991364 0.8644067645072937 1.0
0.23728813230991364 0.8813559412956238 1.0
0.23728813230991364 0.8983050584793091 1.0
0.23728813230991364 0.9152542352676392 1.0
0.23728813230991364 0.9322034120559692 1.0
0.23728813230991364 0.9491525292396545 1.0
0.23728813230991364 0.9661017060279846 1.0
0.23728813230991364 0.9830508232116699 1.0
0.23728813230991364 1.0 1.0
0.2542372941970825 0.0 1.0
0.2542372941970825 0.016949152573943138 1.0
0.2542372941970825 0.033898305147886276 1.0
0.2542372941970825 0.050847455859184265 1.0
0.2542372941970825 0.06779661029577255 1.0
0.2542372941970825 0.08474576473236084 1.0
0.2542372941970825 0.10169491171836853 1.0
0.2542372941970825 0.11864406615495682 1.0
0.2542372941970825 0.1355932205915451 1.0
0.2542372941970825 0.1525423675775528 1.0
0.2542372941970825 0.16949152946472168 1.0
0.2542372941970825 0.18644067645072937 1.0
0.2542372941970825 0.20338982343673706 1.0
0.2542372941970825 0.22033898532390594 1.0
0.2542372941970825 0.23728813230991364 1.0
0.2542372941970825 0.2542372941970825 1.0
0.2542372941970825 0.2711864411830902 1.0
0.2542372941970825 0.2881355881690979 1.0
0.2542372941970825 0.3050847351551056 1.0
0.2542372941970825 0.32203391194343567 1.0
0.2542372941970825 0.33898305892944336 1.0
0.2542372941970825 0.35593220591545105 1.0
0.2542372941970825 0.37288135290145874 1.0
0.2542372941970825 0.38983049988746643 1.0
0.2542372941970825 0.4067796468734741 1.0
0.2542372941970825 0.4237288236618042 1.0
0.2542372941970825 0.4406779706478119 1.0
0.2542372941970825 0.4576271176338196 1.0
0.2542372941970825 0.47457626461982727 1.0
0.2542372941970825 0.49152541160583496 1.0
0.2542372941970825 0.508474588394165 1.0
0.2542372941970825 0.5254237055778503 1.0
0.2542372941970825 0.5423728823661804 1.0
0.2542372941970825 0.5593220591545105 1.0
0.2542372941970825 0.5762711763381958 1.0
0.2542372941970825 0.5932203531265259 1.0
0.2542372941970825 0.6101694703102112 1.0
0.2542372941970825 0.6271186470985413 1.0
0.2542372941970825 0.6440678238868713 1.0
0.2542372941970825 0.6610169410705566 1.0
0.2542372941970825 0.6779661178588867 1.0
0.2542372941970825 0.694915235042572 1.0
0.2542372941970825 0.7118644118309021 1.0
0.2542372941970825 0.7288135886192322 1.0
0.2542372941970825 0.7457627058029175 1.0
0.2542372941970825 0.7627118825912476 1.0
0.2542372941970825 0.7796609997749329 1.0
0.2542372941970825 0.7966101765632629 1.0
0.2542372941970825 0.8135592937469482 1.0
0.2542372941970825 0.8305084705352783 1.0
0.2542372941970825 0.8474576473236084 1.0
0.2542372941970825 0.8644067645072937 1.0
0.2542372941970825 0.8813559412956238 1.0
0.2542372941970825 0.8983050584793091 1.0
0.2542372941970825 0.9152542352676392 1.0
0.2542372941970825 0.9322034120559692 1.0
0.2542372941970825 0.9491525292396545 1.0
0.2542372941970825 0.9661017060279846 1.0
0.2542372941970825 0.9830508232116699 1.0
0.2542372941970825 1.0 1.0
0.2711864411830902 0.0 1.0
0.2711864411830902 0.016949152573943138 1.0
0.2711864411830902 0.033898305147886276 1.0
0.2711864411830902 0.050847455859184265 1.0
0.2711864411830902 0.06779661029577255 1.0
0.2711864411830902 0.08474576473236084 1.0
0.2711864411830902 0.10169491171836853 1.0
0.2711864411830902 0.11864406615495682 1.0
0.2711864411830902 0.1355932205915451 1.0
0.2711864411830902 0.1525423675775528 1.0
0.2711864411830902 0.16949152946472168 1.0
0.2711864411830902 0.18644067645072937 1.0
0.2711864411830902 0.20338982343673706 1.0
0.2711864411830902 0.22033898532390594 1.0
0.2711864411830902 0.23728813230991364 1.0
0.2711864411830902 0.2542372941970825 1.0
0.2711864411830902 0.2711864411830902 1.0
0.2711864411830902 0.2881355881690979 1.0
0.2711864411830902 0.3050847351551056 1.0
0.2711864411830902 0.32203391194343567 1.0
0.2711864411830902 0.33898305892944336 1.0
0.2711864411830902 0.35593220591545105 1.0
0.2711864411830902 0.37288135290145874 1.0
0.2711864411830902 0.38983049988746643 1.0
0.2711864411830902 0.4067796468734741 1.0
0.2711864411830902 0.4237288236618042 1.0
0.2711864411830902 0.4406779706478119 1.0
0.2711864411830902 0.4576271176338196 1.0
0.2711864411830902 0.47457626461982727 1.0
0.2711864411830902 0.49152541160583496 1.0
0.2711864411830902 0.508474588394165 1.0
0.2711864411830902 0.5254237055778503 1.0
0.2711864411830902 0.5423728823661804 1.0
0.2711864411830902 0.5593220591545105 1.0
0.2711864411830902 0.5762711763381958 1.0
0.2711864411830902 0.5932203531265259 1.0
0.2711864411830902 0.6101694703102112 1.0
0.2711864411830902 0.6271186470985413 1.0
0.2711864411830902 0.6440678238868713 1.0
0.2711864411830902 0.6610169410705566 1.0
0.2711864411830902 0.6779661178588867 1.0
0.2711864411830902 0.694915235042572 1.0
0.2711864411830902 0.7118644118309021 1.0
0.2711864411830902 0.7288135886192322 1.0
0.2711864411830902 0.7457627058029175 1.0
0.2711864411830902 0.7627118825912476 1.0
0.2711864411830902 0.7796609997749329 1.0
0.2711864411830902 0.7966101765632629 1.0
0.2711864411830902 0.8135592937469482 1.0
0.2711864411830902 0.8305084705352783 1.0
0.2711864411830902 0.8474576473236084 1.0
0.2711864411830902 0.8644067645072937 1.0
0.2711864411830902 0.8813559412956238 1.0
0.2711864411830902 0.8983050584793091 1.0
0.2711864411830902 0.9152542352676392 1.0
0.2711864411830902 0.9322034120559692 1.0
0.2711864411830902 0.9491525292396545 1.0
0.2711864411830902 0.9661017060279846 1.0
0.2711864411830902 0.9830508232116699 1.0
0.2711864411830902 1.0 1.0
0.2881355881690979 0.0 1.0
0.2881355881690979 0.016949152573943138 1.0
0.2881355881690979 0.033898305147886276 1.0
0.2881355881690979 0.050847455859184265 1.0
0.2881355881690979 0.06779661029577255 1.0
0.2881355881690979 0.08474576473236084 1.0
0.2881355881690979 0.10169491171836853 1.0
0.2881355881690979 0.11864406615495682 1.0
0.2881355881690979 0.1355932205915451 1.0
0.2881355881690979 0.1525423675775528 1.0
0.2881355881690979 0.16949152946472168 1.0
0.2881355881690979 0.18644067645072937 1.0
0.2881355881690979 0.20338982343673706 1.0
0.2881355881690979 0.22033898532390594 1.0
0.2881355881690979 0.23728813230991364 1.0
0.2881355881690979 0.2542372941970825 1.0
0.2881355881690979 0.2711864411830902 1.0
0.2881355881690979 0.2881355881690979 1.0
0.2881355881690979 0.3050847351551056 1.0
0.2881355881690979 0.32203391194343567 1.0
0.2881355881690979 0.33898305892944336 1.0
0.2881355881690979 0.35593220591545105 1.0
0.2881355881690979 0.37288135290145874 1.0
0.2881355881690979 0.38983049988746643 1.0
0.2881355881690979 0.4067796468734741 1.0
0.2881355881690979 0.4237288236618042 1.0
0.2881355881690979 0.4406779706478119 1.0
0.2881355881690979 0.4576271176338196 1.0
0.2881355881690979 0.47457626461982727 1.0
0.2881355881690979 0.49152541160583496 1.0
0.2881355881690979 0.508474588394165 1.0
0.2881355881690979 0.5254237055778503 1.0
0.2881355881690979 0.5423728823661804 1.0
0.2881355881690979 0.5593220591545105 1.0
0.2881355881690979 0.5762711763381958 1.0
0.2881355881690979 0.5932203531265259 1.0
0.2881355881690979 0.6101694703102112 1.0
0.2881355881690979 0.6271186470985413 1.0
0.2881355881690979 0.6440678238868713 1.0
0.2881355881690979 0.6610169410705566 1.0
0.2881355881690979 0.6779661178588867 1.0
0.2881355881690979 0.694915235042572 1.0
0.2881355881690979 0.7118644118309021 1.0
0.2881355881690979 0.7288135886192322 1.0
0.2881355881690979 0.7457627058029175 1.0
0.2881355881690979 0.7627118825912476 1.0
0.2881355881690979 0.7796609997749329 1.0
0.2881355881690979 0.7966101765632629 1.0
0.2881355881690979 0.8135592937469482 1.0
0.2881355881690979 0.8305084705352783 1.0
0.2881355881690979 0.8474576473236084 1.0
0.2881355881690979 0.8644067645072937 1.0
0.2881355881690979 0.8813559412956238 1.0
0.2881355881690979 0.8983050584793091 1.0
0.2881355881690979 0.9152542352676392 1.0
0.2881355881690979 0.9322034120559692 1.0
0.2881355881690979 0.9491525292396545 1.0
0.2881355881690979 0.9661017060279846 1.0
0.2881355881690979 0.9830508232116699 1.0
0.2881355881690979 1.0 1.0
0.3050847351551056 0.0 1.0
0.3050847351551056 0.016949152573943138 1.0
0.3050847351551056 0.033898305147886276 1.0
0.3050847351551056 0.050847455859184265 1.0
0.3050847351551056 0.06779661029577255 1.0
0.3050847351551056 0.08474576473236084 1.0
0.3050847351551056 0.10169491171836853 1.0
0.3050847351551056 0.11864406615495682 1.0
0.3050847351551056 0.1355932205915451 1.0
0.3050847351551056 0.1525423675775528 1.0
0.3050847351551056 0.16949152946472168 1.0
0.3050847351551056 0.18644067645072937 1.0
0.3050847351551056 0.20338982343673706 1.0
0.3050847351551056 0.22033898532390594 1.0
0.3050847351551056 0.23728813230991364 1.0
0.3050847351551056 0.2542372941970825 1.0
0.3050847351551056 0.2711864411830902 1.0
0.3050847351551056 0.2881355881690979 1.0
0.3050847351551056 0.3050847351551056 1.0
0.3050847351551056 0.32203391194343567 1.0
0.3050847351551056 0.33898305892944336 1.0
0.3050847351551056 0.35593220591545105 1.0
0.3050847351551056 0.37288135290145874 1.0
0.3050847351551056 0.38983049988746643 1.0
0.3050847351551056 0.4067796468734741 1.0
0.3050847351551056 0.4237288236618042 1.0
0.3050847351551056 0.4406779706478119 1.0
0.3050847351551056 0.4576271176338196 1.0
0.3050847351551056 0.47457626461982727 1.0
0.3050847351551056 0.49152541160583496 1.0
0.3050847351551056 0.508474588394165 1.0
0.3050847351551056 0.5254237055778503 1.0
0.3050847351551056 0.5423728823661804 1.0
0.3050847351551056 0.5593220591545105 1.0
0.3050847351551056 0.5762711763381958 1.0
0.3050847351551056 0.5932203531265259 1.0
0.3050847351551056 0.6101694703102112 1.0
0.3050847351551056 0.6271186470985413 1.0
0.3050847351551056 0.6440678238868713 1.0
0.3050847351551056 0.6610169410705566 1.0
0.3050847351551056 0.6779661178588867 1.0
0.3050847351551056 0.694915235042572 1.0
0.3050847351551056 0.7118644118309021 1.0
0.3050847351551056 0.7288135886192322 1.0
0.3050847351551056 0.7457627058029175 1.0
0.3050847351551056 0.7627118825912476 1.0
0.3050847351551056 0.7796609997749329 1.0
0.3050847351551056 0.7966101765632629 1.0
0.3050847351551056 0.8135592937469482 1.0
0.3050847351551056 0.8305084705352783 1.0
0.3050847351551056 0.8474576473236084 1.0
0.3050847351551056 0.8644067645072937 1.0
0.3050847351551056 0.8813559412956238 1.0
0.3050847351551056 0.8983050584793091 1.0
0.3050847351551056 0.9152542352676392 1.0
0.3050847351551056 0.9322034120559692 1.0
0.3050847351551056 0.9491525292396545 1.0
0.3050847351551056 0.9661017060279846 1.0
0.3050847351551056 0.9830508232116699 1.0
0.3050847351551056 1.0 1.0
0.32203391194343567 0.0 1.0
0.32203391194343567 0.016949152573943138 1.0
0.32203391194343567 0.033898305147886276 1.0
0.32203391194343567 0.050847455859184265 1.0
0.32203391194343567 0.06779661029577255 1.0
0.32203391194343567 0.08474576473236084 1.0
0.32203391194343567 0.10169491171836853 1.0
0.32203391194343567 0.11864406615495682 1.0
0.32203391194343567 0.1355932205915451 1.0
0.32203391194343567 0.1525423675775528 1.0
0.32203391194343567 0.16949152946472168 1.0
0.32203391194343567 0.18644067645072937 1.0
0.32203391194343567 0.20338982343673706 1.0
0.32203391194343567 0.22033898532390594 1.0
0.32203391194343567 0.23728813230991364 1.0
0.32203391194343567 0.2542372941970825 1.0
0.32203391194343567 0.2711864411830902 1.0
0.32203391194343567 0.2881355881690979 1.0
0.32203391194343567 0.3050847351551056 1.0
0.32203391194343567 0.32203391194343567 1.0
0.32203391194343567 0.33898305892944336 1.0
0.32203391194343567 0.35593220591545105 1.0
0.32203391194343567 0.37288135290145874 1.0
0.32203391194343567 0.38983049988746643 1.0
0.32203391194343567 0.4067796468734741 1.0
0.32203391194343567 0.4237288236618042 1.0
0.32203391194343567 0.4406779706478119 1.0
0.32203391194343567 0.4576271176338196 1.0
0.32203391194343567 0.47457626461982727 1.0
0.32203391194343567 0.49152541160583496 1.0
0.32203391194343567 0.508474588394165 1.0
0.32203391194343567 0.5254237055778503 1.0
0.32203391194343567 0.5423728823661804 1.0
0.32203391194343567 0.5593220591545105 1.0
0.32203391194343567 0.5762711763381958 1.0
0.32203391194343567 0.5932203531265259 1.0
0.32203391194343567 0.6101694703102112 1.0
0.32203391194343567 0.6271186470985413 1.0
0.32203391194343567 0.6440678238868713 1.0
0.32203391194343567 0.6610169410705566 1.0
0.32203391194343567 0.6779661178588867 1.0
0.32203391194343567 0.694915235042572 1.0
0.32203391194343567 0.7118644118309021 1.0
0.32203391194343567 0.7288135886192322 1.0
0.32203391194343567 0.7457627058029175 1.0
0.32203391194343567 0.7627118825912476 1.0
0.32203391194343567 0.7796609997749329 1.0
0.32203391194343567 0.7966101765632629 1.0
0.32203391194343567 0.8135592937469482 1.0
0.32203391194343567 0.8305084705352783 1.0
0.32203391194343567 0.8474576473236084 1.0
0.32203391194343567 0.8644067645072937 1.0
0.32203391194343567 0.8813559412956238 1.0
0.32203391194343567 0.8983050584793091 1.0
0.32203391194343567 0.9152542352676392 1.0
0.32203391194343567 0.9322034120559692 1.0
0.32203391194343567 0.9491525292396545 1.0
0.32203391194343567 0.9661017060279846 1.0
0.32203391194343567 0.9830508232116699 1.0
0.32203391194343567 1.0 1.0
0.33898305892944336 0.0 1.0
0.33898305892944336 0.016949152573943138 1.0
0.33898305892944336 0.033898305147886276 1.0
0.33898305892944336 0.050847455859184265 1.0
0.33898305892944336 0.06779661029577255 1.0
0.33898305892944336 0.08474576473236084 1.0
0.33898305892944336 0.10169491171836853 1.0
0.33898305892944336 0.11864406615495682 1.0
0.33898305892944336 0.1355932205915451 1.0
0.33898305892944336 0.1525423675775528 1.0
0.33898305892944336 0.16949152946472168 1.0
0.33898305892944336 0.18644067645072937 1.0
0.33898305892944336 0.20338982343673706 1.0
0.33898305892944336 0.22033898532390594 1.0
0.33898305892944336 0.23728813230991364 1.0
0.33898305892944336 0.2542372941970825 1.0
0.33898305892944336 0.2711864411830902 1.0
0.33898305892944336 0.2881355881690979 1.0
0.33898305892944336 0.3050847351551056 1.0
0.33898305892944336 0.32203391194343567 1.0
0.33898305892944336 0.33898305892944336 1.0
0.33898305892944336 0.35593220591545105 1.0
0.33898305892944336 0.37288135290145874 1.0
0.33898305892944336 0.38983049988746643 1.0
0.33898305892944336 0.4067796468734741 1.0
0.33898305892944336 0.4237288236618042 1.0
0.33898305892944336 0.4406779706478119 1.0
0.33898305892944336 0.4576271176338196 1.0
0.33898305892944336 0.47457626461982727 1.0
0.33898305892944336 0.49152541160583496 1.0
0.33898305892944336 0.508474588394165 1.0
0.33898305892944336 0.5254237055778503 1.0
0.33898305892944336 0.5423728823661804 1.0
0.33898305892944336 0.5593220591545105 1.0
0.33898305892944336 0.5762711763381958 1.0
0.33898305892944336 0.5932203531265259 1.0
0.33898305892944336 0.6101694703102112 1.0
0.33898305892944336 0.6271186470985413 1.0
0.33898305892944336 0.6440678238868713 1.0
0.33898305892944336 0.6610169410705566 1.0
0.33898305892944336 0.6779661178588867 1.0
0.33898305892944336 0.694915235042572 1.0
0.33898305892944336 0.7118644118309021 1.0
0.33898305892944336 0.7288135886192322 1.0
0.33898305892944336 0.7457627058029175 1.0
0.33898305892944336 0.7627118825912476 1.0
0.33898305892944336 0.7796609997749329 1.0
0.33898305892944336 0.7966101765632629 1.0
0.33898305892944336 0.8135592937469482 1.0
0.33898305892944336 0.8305084705352783 1.0
0.33898305892944336 0.8474576473236084 1.0
0.33898305892944336 0.8644067645072937 1.0
0.33898305892944336 0.8813559412956238 1.0
0.33898305892944336 0.8983050584793091 1.0
0.33898305892944336 0.9152542352676392 1.0
0.33898305892944336 0.9322034120559692 1.0
0.33898305892944336 0.9491525292396545 1.0
0.33898305892944336 0.9661017060279846 1.0
0.33898305892944336 0.9830508232116699 1.0
0.33898305892944336 1.0 1.0
0.35593220591545105 0.0 1.0
0.35593220591545105 0.016949152573943138 1.0
0.35593220591545105 0.033898305147886276 1.0
0.35593220591545105 0.050847455859184265 1.0
0.35593220591545105 0.06779661029577255 1.0
0.35593220591545105 0.08474576473236084 1.0
0.35593220591545105 0.10169491171836853 1.0
0.35593220591545105 0.11864406615495682 1.0
0.35593220591545105 0.1355932205915451 1.0
0.35593220591545105 0.1525423675775528 1.0
0.35593220591545105 0.16949152946472168 1.0
0.35593220591545105 0.18644067645072937 1.0
0.35593220591545105 0.20338982343673706 1.0
0.35593220591545105 0.22033898532390594 1.0
0.35593220591545105 0.23728813230991364 1.0
0.35593220591545105 0.2542372941970825 1.0
0.35593220591545105 0.2711864411830902 1.0
0.35593220591545105 0.2881355881690979 1.0
0.35593220591545105 0.3050847351551056 1.0
0.35593220591545105 0.32203391194343567 1.0
0.35593220591545105 0.33898305892944336 1.0
0.35593220591545105 0.35593220591545105 1.0
0.35593220591545105 0.37288135290145874 1.0
0.35593220591545105 0.38983049988746643 1.0
0.35593220591545105 0.4067796468734741 1.0
0.35593220591545105 0.4237288236618042 1.0
0.35593220591545105 0.4406779706478119 1.0
0.35593220591545105 0.4576271176338196 1.0
0.35593220591545105 0.47457626461982727 1.0
0.35593220591545105 0.49152541160583496 1.0
0.35593220591545105 0.508474588394165 1.0
0.35593220591545105 0.5254237055778503 1.0
0.35593220591545105 0.5423728823661804 1.0
0.35593220591545105 0.5593220591545105 1.0
0.35593220591545105 0.5762711763381958 1.0
0.35593220591545105 0.5932203531265259 1.0
0.35593220591545105 0.6101694703102112 1.0
0.35593220591545105 0.6271186470985413 1.0
0.35593220591545105 0.6440678238868713 1.0
0.35593220591545105 0.6610169410705566 1.0
0.35593220591545105 0.6779661178588867 1.0
0.35593220591545105 0.694915235042572 1.0
0.35593220591545105 0.7118644118309021 1.0
0.35593220591545105 0.7288135886192322 1.0
0.35593220591545105 0.7457627058029175 1.0
0.35593220591545105 0.7627118825912476 1.0
0.35593220591545105 0.7796609997749329 1.0
0.35593220591545105 0.7966101765632629 1.0
0.35593220591545105 0.8135592937469482 1.0
0.35593220591545105 0.8305084705352783 1.0
0.35593220591545105 0.8474576473236084 1.0
0.35593220591545105 0.8644067645072937 1.0
0.35593220591545105 0.8813559412956238 1.0
0.35593220591545105 0.8983050584793091 1.0
0.35593220591545105 0.9152542352676392 1.0
0.35593220591545105 0.9322034120559692 1.0
0.35593220591545105 0.9491525292396545 1.0
0.35593220591545105 0.9661017060279846 1.0
0.35593220591545105 0.9830508232116699 1.0
0.35593220591545105 1.0 1.0
0.37288135290145874 0.0 1.0
0.37288135290145874 0.016949152573943138 1.0
0.37288135290145874 0.033898305147886276 1.0
0.37288135290145874 0.050847455859184265 1.0
0.37288135290145874 0.06779661029577255 1.0
0.37288135290145874 0.08474576473236084 1.0
0.37288135290145874 0.10169491171836853 1.0
0.37288135290145874 0.11864406615495682 1.0
0.37288135290145874 0.1355932205915451 1.0
0.37288135290145874 0.1525423675775528 1.0
0.37288135290145874 0.16949152946472168 1.0
0.37288135290145874 0.18644067645072937 1.0
0.37288135290145874 0.20338982343673706 1.0
0.37288135290145874 0.22033898532390594 1.0
0.37288135290145874 0.23728813230991364 1.0
0.37288135290145874 0.2542372941970825 1.0
0.37288135290145874 0.2711864411830902 1.0
0.37288135290145874 0.2881355881690979 1.0
0.37288135290145874 0.3050847351551056 1.0
0.37288135290145874 0.32203391194343567 1.0
0.37288135290145874 0.33898305892944336 1.0
0.37288135290145874 0.35593220591545105 1.0
0.37288135290145874 0.37288135290145874 1.0
0.37288135290145874 0.38983049988746643 1.0
0.37288135290145874 0.4067796468734741 1.0
0.37288135290145874 0.4237288236618042 1.0
0.37288135290145874 0.4406779706478119 1.0
0.37288135290145874 0.4576271176338196 1.0
0.37288135290145874 0.47457626461982727 1.0
0.37288135290145874 0.49152541160583496 1.0
0.37288135290145874 0.508474588394165 1.0
0.37288135290145874 0.5254237055778503 1.0
0.37288135290145874 0.5423728823661804 1.0
0.37288135290145874 0.5593220591545105 1.0
0.37288135290145874 0.5762711763381958 1.0
0.37288135290145874 0.5932203531265259 1.0
0.37288135290145874 0.6101694703102112 1.0
0.37288135290145874 0.6271186470985413 1.0
0.37288135290145874 0.6440678238868713 1.0
0.37288135290145874 0.6610169410705566 1.0
0.37288135290145874 0.6779661178588867 1.0
0.37288135290145874 0.694915235042572 1.0
0.37288135290145874 0.7118644118309021 1.0
0.37288135290145874 0.7288135886192322 1.0
0.37288135290145874 0.7457627058029175 1.0
0.37288135290145874 0.7627118825912476 1.0
0.37288135290145874 0.7796609997749329 1.0
0.37288135290145874 0.7966101765632629 1.0
0.37288135290145874 0.8135592937469482 1.0
0.37288135290145874 0.8305084705352783 1.0
0.37288135290145874 0.8474576473236084 1.0
0.37288135290145874 0.8644067645072937 1.0
0.37288135290145874 0.8813559412956238 1.0
0.37288135290145874 0.8983050584793091 1.0
0.37288135290145874 0.9152542352676392 1.0
0.37288135290145874 0.9322034120559692 1.0
0.37288135290145874 0.9491525292396545 1.0
0.37288135290145874 0.9661017060279846 1.0
0.37288135290145874 0.9830508232116699 1.0
0.37288135290145874 1.0 1.0
0.38983049988746643 0.0 1.0
0.38983049988746643 0.016949152573943138 1.0
0.38983049988746643 0.033898305147886276 1.0
0.38983049988746643 0.050847455859184265 1.0
0.38983049988746643 0.06779661029577255 1.0
0.38983049988746643 0.08474576473236084 1.0
0.38983049988746643 0.10169491171836853 1.0
0.38983049988746643 0.11864406615495682 1.0
0.38983049988746643 0.1355932205915451 1.0
0.38983049988746643 0.1525423675775528 1.0
0.38983049988746643 0.16949152946472168 1.0
0.38983049988746643 0.18644067645072937 1.0
0.38983049988746643 0.20338982343673706 1.0
0.38983049988746643 0.22033898532390594 1.0
0.38983049988746643 0.23728813230991364 1.0
0.38983049988746643 0.2542372941970825 1.0
0.38983049988746643 0.2711864411830902 1.0
0.38983049988746643 0.2881355881690979 1.0
0.38983049988746643 0.3050847351551056 1.0
0.38983049988746643 0.32203391194343567 1.0
0.38983049988746643 0.33898305892944336 1.0
0.38983049988746643 0.35593220591545105 1.0
0.38983049988746643 0.37288135290145874 1.0
0.38983049988746643 0.38983049988746643 1.0
0.38983049988746643 0.4067796468734741 1.0
0.38983049988746643 0.4237288236618042 1.0
0.38983049988746643 0.4406779706478119 1.0
0.38983049988746643 0.4576271176338196 1.0
0.38983049988746643 0.47457626461982727 1.0
0.38983049988746643 0.49152541160583496 1.0
0.38983049988746643 0.508474588394165 1.0
0.38983049988746643 0.5254237055778503 1.0
0.38983049988746643 0.5423728823661804 1.0
0.38983049988746643 0.5593220591545105 1.0
0.38983049988746643 0.5762711763381958 1.0
0.38983049988746643 0.5932203531265259 1.0
0.38983049988746643 0.6101694703102112 1.0
0.38983049988746643 0.6271186470985413 1.0
0.38983049988746643 0.6440678238868713 1.0
0.38983049988746643 0.6610169410705566 1.0
0.38983049988746643 0.6779661178588867 1.0
0.38983049988746643 0.694915235042572 1.0
0.38983049988746643 0.7118644118309021 1.0
0.38983049988746643 0.7288135886192322 1.0
0.38983049988746643 0.7457627058029175 1.0
0.38983049988746643 0.7627118825912476 1.0
0.38983049988746643 0.7796609997749329 1.0
0.38983049988746643 0.7966101765632629 1.0
0.38983049988746643 0.8135592937469482 1.0
0.38983049988746643 0.8305084705352783 1.0
0.38983049988746643 0.8474576473236084 1.0
0.38983049988746643 0.8644067645072937 1.0
0.38983049988746643 0.8813559412956238 1.0
0.38983049988746643 0.8983050584793091 1.0
0.38983049988746643 0.9152542352676392 1.0
0.38983049988746643 0.9322034120559692 1.0
0.38983049988746643 0.9491525292396545 1.0
0.38983049988746643 0.9661017060279846 1.0
0.38983049988746643 0.9830508232116699 1.0
0.38983049988746643 1.0 1.0
0.4067796468734741 0.0 1.0
0.4067796468734741 0.016949152573943138 1.0
0.4067796468734741 0.033898305147886276 1.0
0.4067796468734741 0.050847455859184265 1.0
0.4067796468734741 0.06779661029577255 1.0
0.4067796468734741 0.08474576473236084 1.0
0.4067796468734741 0.10169491171836853 1.0
0.4067796468734741 0.11864406615495682 1.0
0.4067796468734741 0.1355932205915451 1.0
0.4067796468734741 0.1525423675775528 1.0
0.4067796468734741 0.16949152946472168 1.0
0.4067796468734741 0.18644067645072937 1.0
0.4067796468734741 0.20338982343673706 1.0
0.4067796468734741 0.22033898532390594 1.0
0.4067796468734741 0.23728813230991364 1.0
0.4067796468734741 0.2542372941970825 1.0
0.4067796468734741 0.2711864411830902 1.0
0.4067796468734741 0.2881355881690979 1.0
0.4067796468734741 0.3050847351551056 1.0
0.4067796468734741 0.32203391194343567 1.0
0.4067796468734741 0.33898305892944336 1.0
0.4067796468734741 0.35593220591545105 1.0
0.4067796468734741 0.37288135290145874 1.0
0.4067796468734741 0.38983049988746643 1.0
0.4067796468734741 0.4067796468734741 1.0
0.4067796468734741 0.4237288236618042 1.0
0.4067796468734741 0.4406779706478119 1.0
0.4067796468734741 0.4576271176338196 1.0
0.4067796468734741 0.47457626461982727 1.0
0.4067796468734741 0.49152541160583496 1.0
0.4067796468734741 0.508474588394165 1.0
0.4067796468734741 0.5254237055778503 1.0
0.4067796468734741 0.5423728823661804 1.0
0.4067796468734741 0.5593220591545105 1.0
0.4067796468734741 0.5762711763381958 1.0
0.4067796468734741 0.5932203531265259 1.0
0.4067796468734741 0.6101694703102112 1.0
0.4067796468734741 0.6271186470985413 1.0
0.4067796468734741 0.6440678238868713 1.0
0.4067796468734741 0.6610169410705566 1.0
0.4067796468734741 0.6779661178588867 1.0
0.4067796468734741 0.694915235042572 1.0
0.4067796468734741 0.7118644118309021 1.0
0.4067796468734741 0.7288135886192322 1.0
0.4067796468734741 0.7457627058029175 1.0
0.4067796468734741 0.7627118825912476 1.0
0.4067796468734741 0.7796609997749329 1.0
0.4067796468734741 0.7966101765632629 1.0
0.4067796468734741 0.8135592937469482 1.0
0.4067796468734741 0.8305084705352783 1.0
0.4067796468734741 0.8474576473236084 1.0
0.4067796468734741 0.8644067645072937 1.0
0.4067796468734741 0.8813559412956238 1.0
0.4067796468734741 0.8983050584793091 1.0
0.4067796468734741 0.9152542352676392 1.0
0.4067796468734741 0.9322034120559692 1.0
0.4067796468734741 0.9491525292396545 1.0
0.4067796468734741 0.9661017060279846 1.0
0.4067796468734741 0.9830508232116699 1.0
0.4067796468734741 1.0 1.0
0.4237288236618042 0.0 1.0
0.4237288236618042 0.016949152573943138 1.0
0.4237288236618042 0.033898305147886276 1.0
0.4237288236618042 0.050847455859184265 1.0
0.4237288236618042 0.06779661029577255 1.0
0.4237288236618042 0.08474576473236084 1.0
0.4237288236618042 0.10169491171836853 1.0
0.4237288236618042 0.11864406615495682 1.0
0.4237288236618042 0.1355932205915451 1.0
0.4237288236618042 0.1525423675775528 1.0
0.4237288236618042 0.16949152946472168 1.0
0.4237288236618042 0.18644067645072937 1.0
0.4237288236618042 0.20338982343673706 1.0
0.4237288236618042 0.22033898532390594 1.0
0.4237288236618042 0.23728813230991364 1.0
0.4237288236618042 0.2542372941970825 1.0
0.4237288236618042 0.2711864411830902 1.0
0.4237288236618042 0.2881355881690979 1.0
0.4237288236618042 0.3050847351551056 1.0
0.4237288236618042 0.32203391194343567 1.0
0.4237288236618042 0.33898305892944336 1.0
0.4237288236618042 0.35593220591545105 1.0
0.4237288236618042 0.37288135290145874 1.0
0.4237288236618042 0.38983049988746643 1.0
0.4237288236618042 0.4067796468734741 1.0
0.4237288236618042 0.4237288236618042 1.0
0.4237288236618042 0.4406779706478119 1.0
0.4237288236618042 0.4576271176338196 1.0
0.4237288236618042 0.47457626461982727 1.0
0.4237288236618042 0.49152541160583496 1.0
0.4237288236618042 0.508474588394165 1.0
0.4237288236618042 0.5254237055778503 1.0
0.4237288236618042 0.5423728823661804 1.0
0.4237288236618042 0.5593220591545105 1.0
0.4237288236618042 0.5762711763381958 1.0
0.4237288236618042 0.5932203531265259 1.0
0.4237288236618042 0.6101694703102112 1.0
0.4237288236618042 0.6271186470985413 1.0
0.4237288236618042 0.6440678238868713 1.0
0.4237288236618042 0.6610169410705566 1.0
0.4237288236618042 0.6779661178588867 1.0
0.4237288236618042 0.694915235042572 1.0
0.4237288236618042 0.7118644118309021 1.0
0.4237288236618042 0.7288135886192322 1.0
0.4237288236618042 0.7457627058029175 1.0
0.4237288236618042 0.7627118825912476 1.0
0.4237288236618042 0.7796609997749329 1.0
0.4237288236618042 0.7966101765632629 1.0
0.4237288236618042 0.8135592937469482 1.0
0.4237288236618042 0.8305084705352783 1.0
0.4237288236618042 0.8474576473236084 1.0
0.4237288236618042 0.8644067645072937 1.0
0.4237288236618042 0.8813559412956238 1.0
0.4237288236618042 0.8983050584793091 1.0
0.4237288236618042 0.9152542352676392 1.0
0.4237288236618042 0.9322034120559692 1.0
0.4237288236618042 0.9491525292396545 1.0
0.4237288236618042 0.9661017060279846 1.0
0.4237288236618042 0.9830508232116699 1.0
0.4237288236618042 1.0 1.0
0.4406779706478119 0.0 1.0
0.4406779706478119 0.016949152573943138 1.0
0.4406779706478119 0.033898305147886276 1.0
0.4406779706478119 0.050847455859184265 1.0
0.4406779706478119 0.06779661029577255 1.0
0.4406779706478119 0.08474576473236084 1.0
0.4406779706478119 0.10169491171836853 1.0
0.4406779706478119 0.11864406615495682 1.0
0.4406779706478119 0.1355932205915451 1.0
0.4406779706478119 0.1525423675775528 1.0
0.4406779706478119 0.16949152946472168 1.0
0.4406779706478119 0.18644067645072937 1.0
0.4406779706478119 0.20338982343673706 1.0
0.4406779706478119 0.22033898532390594 1.0
0.4406779706478119 0.23728813230991364 1.0
0.4406779706478119 0.2542372941970825 1.0
0.4406779706478119 0.2711864411830902 1.0
0.4406779706478119 0.2881355881690979 1.0
0.4406779706478119 0.3050847351551056 1.0
0.4406779706478119 0.32203391194343567 1.0
0.4406779706478119 0.33898305892944336 1.0
0.4406779706478119 0.35593220591545105 1.0
0.4406779706478119 0.37288135290145874 1.0
0.4406779706478119 0.38983049988746643 1.0
0.4406779706478119 0.4067796468734741 1.0
0.4406779706478119 0.4237288236618042 1.0
0.4406779706478119 0.4406779706478119 1.0
0.4406779706478119 0.4576271176338196 1.0
0.4406779706478119 0.47457626461982727 1.0
0.4406779706478119 0.49152541160583496 1.0
0.4406779706478119 0.508474588394165 1.0
0.4406779706478119 0.5254237055778503 1.0
0.4406779706478119 0.5423728823661804 1.0
0.4406779706478119 0.5593220591545105 1.0
0.4406779706478119 0.5762711763381958 1.0
0.4406779706478119 0.5932203531265259 1.0
0.4406779706478119 0.6101694703102112 1.0
0.4406779706478119 0.6271186470985413 1.0
0.4406779706478119 0.6440678238868713 1.0
0.4406779706478119 0.6610169410705566 1.0
0.4406779706478119 0.6779661178588867 1.0
0.4406779706478119 0.694915235042572 1.0
0.4406779706478119 0.7118644118309021 1.0
0.4406779706478119 0.7288135886192322 1.0
0.4406779706478119 0.7457627058029175 1.0
0.4406779706478119 0.7627118825912476 1.0
0.4406779706478119 0.7796609997749329 1.0
0.4406779706478119 0.7966101765632629 1.0
0.4406779706478119 0.8135592937469482 1.0
0.4406779706478119 0.8305084705352783 1.0
0.4406779706478119 0.8474576473236084 1.0
0.4406779706478119 0.8644067645072937 1.0
0.4406779706478119 0.8813559412956238 1.0
0.4406779706478119 0.8983050584793091 1.0
0.4406779706478119 0.9152542352676392 1.0
0.4406779706478119 0.9322034120559692 1.0
0.4406779706478119 0.9491525292396545 1.0
0.4406779706478119 0.9661017060279846 1.0
0.4406779706478119 0.9830508232116699 1.0
0.4406779706478119 1.0 1.0
0.4576271176338196 0.0 1.0
0.4576271176338196 0.016949152573943138 1.0
0.4576271176338196 0.033898305147886276 1.0
0.4576271176338196 0.050847455859184265 1.0
0.4576271176338196 0.06779661029577255 1.0
0.4576271176338196 0.08474576473236084 1.0
0.4576271176338196 0.10169491171836853 1.0
0.4576271176338196 0.11864406615495682 1.0
0.4576271176338196 0.1355932205915451 1.0
0.4576271176338196 0.1525423675775528 1.0
0.4576271176338196 0.16949152946472168 1.0
0.4576271176338196 0.18644067645072937 1.0
0.4576271176338196 0.20338982343673706 1.0
0.4576271176338196 0.22033898532390594 1.0
0.4576271176338196 0.23728813230991364 1.0
0.4576271176338196 0.2542372941970825 1.0
0.4576271176338196 0.2711864411830902 1.0
0.4576271176338196 0.2881355881690979 1.0
0.4576271176338196 0.3050847351551056 1.0
0.4576271176338196 0.32203391194343567 1.0
0.4576271176338196 0.33898305892944336 1.0
0.4576271176338196 0.35593220591545105 1.0
0.4576271176338196 0.37288135290145874 1.0
0.4576271176338196 0.38983049988746643 1.0
0.4576271176338196 0.4067796468734741 1.0
0.4576271176338196 0.4237288236618042 1.0
0.4576271176338196 0.4406779706478119 1.0
0.4576271176338196 0.4576271176338196 1.0
0.4576271176338196 0.47457626461982727 1.0
0.4576271176338196 0.49152541160583496 1.0
0.4576271176338196 0.508474588394165 1.0
0.4576271176338196 0.5254237055778503 1.0
0.4576271176338196 0.5423728823661804 1.0
0.4576271176338196 0.5593220591545105 1.0
0.4576271176338196 0.5762711763381958 1.0
0.4576271176338196 0.5932203531265259 1.0
0.4576271176338196 0.6101694703102112 1.0
0.4576271176338196 0.6271186470985413 1.0
0.4576271176338196 0.6440678238868713 1.0
0.4576271176338196 0.6610169410705566 1.0
0.4576271176338196 0.6779661178588867 1.0
0.4576271176338196 0.694915235042572 1.0
0.4576271176338196 0.7118644118309021 1.0
0.4576271176338196 0.7288135886192322 1.0
0.4576271176338196 0.7457627058029175 1.0
0.4576271176338196 0.7627118825912476 1.0
0.4576271176338196 0.7796609997749329 1.0
0.4576271176338196 0.7966101765632629 1.0
0.4576271176338196 0.8135592937469482 1.0
0.4576271176338196 0.8305084705352783 1.0
0.4576271176338196 0.8474576473236084 1.0
0.4576271176338196 0.8644067645072937 1.0
0.4576271176338196 0.8813559412956238 1.0
0.4576271176338196 0.8983050584793091 1.0
0.4576271176338196 0.9152542352676392 1.0
0.4576271176338196 0.9322034120559692 1.0
0.4576271176338196 0.9491525292396545 1.0
0.4576271176338196 0.9661017060279846 1.0
0.4576271176338196 0.9830508232116699 1.0
0.4576271176338196 1.0 1.0
0.47457626461982727 0.0 1.0
0.47457626461982727 0.016949152573943138 1.0
0.47457626461982727 0.033898305147886276 1.0
0.47457626461982727 0.050847455859184265 1.0
0.47457626461982727 0.06779661029577255 1.0
0.47457626461982727 0.08474576473236084 1.0
0.47457626461982727 0.10169491171836853 1.0
0.47457626461982727 0.11864406615495682 1.0
0.47457626461982727 0.1355932205915451 1.0
0.47457626461982727 0.1525423675775528 1.0
0.47457626461982727 0.16949152946472168 1.0
0.47457626461982727 0.18644067645072937 1.0
0.47457626461982727 0.20338982343673706 1.0
0.47457626461982727 0.22033898532390594 1.0
0.47457626461982727 0.23728813230991364 1.0
0.47457626461982727 0.2542372941970825 1.0
0.47457626461982727 0.2711864411830902 1.0
0.47457626461982727 0.2881355881690979 1.0
0.47457626461982727 0.3050847351551056 1.0
0.47457626461982727 0.32203391194343567 1.0
0.47457626461982727 0.33898305892944336 1.0
0.47457626461982727 0.35593220591545105 1.0
0.47457626461982727 0.37288135290145874 1.0
0.47457626461982727 0.38983049988746643 1.0
0.47457626461982727 0.4067796468734741 1.0
0.47457626461982727 0.4237288236618042 1.0
0.47457626461982727 0.4406779706478119 1.0
0.47457626461982727 0.4576271176338196 1.0
0.47457626461982727 0.47457626461982727 1.0
0.47457626461982727 0.49152541160583496 1.0
0.47457626461982727 0.508474588394165 1.0
0.47457626461982727 0.5254237055778503 1.0
0.47457626461982727 0.5423728823661804 1.0
0.47457626461982727 0.5593220591545105 1.0
0.47457626461982727 0.5762711763381958 1.0
0.47457626461982727 0.5932203531265259 1.0
0.47457626461982727 0.6101694703102112 1.0
0.47457626461982727 0.6271186470985413 1.0
0.47457626461982727 0.6440678238868713 1.0
0.47457626461982727 0.6610169410705566 1.0
0.47457626461982727 0.6779661178588867 1.0
0.47457626461982727 0.694915235042572 1.0
0.47457626461982727 0.7118644118309021 1.0
0.47457626461982727 0.7288135886192322 1.0
0.47457626461982727 0.7457627058029175 1.0
0.47457626461982727 0.7627118825912476 1.0
0.47457626461982727 0.7796609997749329 1.0
0.47457626461982727 0.7966101765632629 1.0
0.47457626461982727 0.8135592937469482 1.0
0.47457626461982727 0.8305084705352783 1.0
0.47457626461982727 0.8474576473236084 1.0
0.47457626461982727 0.8644067645072937 1.0
0.47457626461982727 0.8813559412956238 1.0
0.47457626461982727 0.8983050584793091 1.0
0.47457626461982727 0.9152542352676392 1.0
0.47457626461982727 0.9322034120559692 1.0
0.47457626461982727 0.9491525292396545 1.0
0.47457626461982727 0.9661017060279846 1.0
0.47457626461982727 0.9830508232116699 1.0
0.47457626461982727 1.0 1.0
0.49152541160583496 0.0 1.0
0.49152541160583496 0.016949152573943138 1.0
0.49152541160583496 0.033898305147886276 1.0
0.49152541160583496 0.050847455859184265 1.0
0.49152541160583496 0.06779661029577255 1.0
0.49152541160583496 0.08474576473236084 1.0
0.49152541160583496 0.10169491171836853 1.0
0.49152541160583496 0.11864406615495682 1.0
0.49152541160583496 0.1355932205915451 1.0
0.49152541160583496 0.1525423675775528 1.0
0.49152541160583496 0.16949152946472168 1.0
0.49152541160583496 0.18644067645072937 1.0
0.49152541160583496 0.20338982343673706 1.0
0.49152541160583496 0.22033898532390594 1.0
0.49152541160583496 0.23728813230991364 1.0
0.49152541160583496 0.2542372941970825 1.0
0.49152541160583496 0.2711864411830902 1.0
0.49152541160583496 0.2881355881690979 1.0
0.49152541160583496 0.3050847351551056 1.0
0.49152541160583496 0.32203391194343567 1.0
0.49152541160583496 0.33898305892944336 1.0
0.49152541160583496 0.35593220591545105 1.0
0.49152541160583496 0.37288135290145874 1.0
0.49152541160583496 0.38983049988746643 1.0
0.49152541160583496 0.4067796468734741 1.0
0.49152541160583496 0.4237288236618042 1.0
0.49152541160583496 0.4406779706478119 1.0
0.49152541160583496 0.4576271176338196 1.0
0.49152541160583496 0.47457626461982727 1.0
0.49152541160583496 0.49152541160583496 1.0
0.49152541160583496 0.508474588394165 1.0
0.49152541160583496 0.5254237055778503 1.0
0.49152541160583496 0.5423728823661804 1.0
0.49152541160583496 0.5593220591545105 1.0
0.49152541160583496 0.5762711763381958 1.0
0.49152541160583496 0.5932203531265259 1.0
0.49152541160583496 0.6101694703102112 1.0
0.49152541160583496 0.6271186470985413 1.0
0.49152541160583496 0.6440678238868713 1.0
0.49152541160583496 0.6610169410705566 1.0
0.49152541160583496 0.6779661178588867 1.0
0.49152541160583496 0.694915235042572 1.0
0.49152541160583496 0.7118644118309021 1.0
0.49152541160583496 0.7288135886192322 1.0
0.49152541160583496 0.7457627058029175 1.0
0.49152541160583496 0.7627118825912476 1.0
0.49152541160583496 0.7796609997749329 1.0
0.49152541160583496 0.7966101765632629 1.0
0.49152541160583496 0.8135592937469482 1.0
0.49152541160583496 0.8305084705352783 1.0
0.49152541160583496 0.8474576473236084 1.0
0.49152541160583496 0.8644067645072937 1.0
0.49152541160583496 0.8813559412956238 1.0
0.49152541160583496 0.8983050584793091 1.0
0.49152541160583496 0.9152542352676392 1.0
0.49152541160583496 0.9322034120559692 1.0
0.49152541160583496 0.9491525292396545 1.0
0.49152541160583496 0.9661017060279846 1.0
0.49152541160583496 0.9830508232116699 1.0
0.49152541160583496 1.0 1.0
0.508474588394165 0.0 1.0
0.508474588394165 0.016949152573943138 1.0
0.508474588394165 0.033898305147886276 1.0
0.508474588394165 0.050847455859184265 1.0
0.508474588394165 0.06779661029577255 1.0
0.508474588394165 0.08474576473236084 1.0
0.508474588394165 0.10169491171836853 1.0
0.508474588394165 0.11864406615495682 1.0
0.508474588394165 0.1355932205915451 1.0
0.508474588394165 0.1525423675775528 1.0
0.508474588394165 0.16949152946472168 1.0
0.508474588394165 0.18644067645072937 1.0
0.508474588394165 0.20338982343673706 1.0
0.508474588394165 0.22033898532390594 1.0
0.508474588394165 0.23728813230991364 1.0
0.508474588394165 0.2542372941970825 1.0
0.508474588394165 0.2711864411830902 1.0
0.508474588394165 0.2881355881690979 1.0
0.508474588394165 0.3050847351551056 1.0
0.508474588394165 0.32203391194343567 1.0
0.508474588394165 0.33898305892944336 1.0
0.508474588394165 0.35593220591545105 1.0
0.508474588394165 0.37288135290145874 1.0
0.508474588394165 0.38983049988746643 1.0
0.508474588394165 0.4067796468734741 1.0
0.508474588394165 0.4237288236618042 1.0
0.508474588394165 0.4406779706478119 1.0
0.508474588394165 0.4576271176338196 1.0
0.508474588394165 0.47457626461982727 1.0
0.508474588394165 0.49152541160583496 1.0
0.508474588394165 0.508474588394165 1.0
0.508474588394165 0.5254237055778503 1.0
0.508474588394165 0.5423728823661804 1.0
0.508474588394165 0.5593220591545105 1.0
0.508474588394165 0.5762711763381958 1.0
0.508474588394165 0.5932203531265259 1.0
0.508474588394165 0.6101694703102112 1.0
0.508474588394165 0.6271186470985413 1.0
0.508474588394165 0.6440678238868713 1.0
0.508474588394165 0.6610169410705566 1.0
0.508474588394165 0.6779661178588867 1.0
0.508474588394165 0.694915235042572 1.0
0.508474588394165 0.7118644118309021 1.0
0.508474588394165 0.7288135886192322 1.0
0.508474588394165 0.7457627058029175 1.0
0.508474588394165 0.7627118825912476 1.0
0.508474588394165 0.7796609997749329 1.0
0.508474588394165 0.7966101765632629 1.0
0.508474588394165 0.8135592937469482 1.0
0.508474588394165 0.8305084705352783 1.0
0.508474588394165 0.8474576473236084 1.0
0.508474588394165 0.8644067645072937 1.0
0.508474588394165 0.8813559412956238 1.0
0.508474588394165 0.8983050584793091 1.0
0.508474588394165 0.9152542352676392 1.0
0.508474588394165 0.9322034120559692 1.0
0.508474588394165 0.9491525292396545 1.0
0.508474588394165 0.9661017060279846 1.0
0.508474588394165 0.9830508232116699 1.0
0.508474588394165 1.0 1.0
0.5254237055778503 0.0 1.0
0.5254237055778503 0.016949152573943138 1.0
0.5254237055778503 0.033898305147886276 1.0
0.5254237055778503 0.050847455859184265 1.0
0.5254237055778503 0.06779661029577255 1.0
0.5254237055778503 0.08474576473236084 1.0
0.5254237055778503 0.10169491171836853 1.0
0.5254237055778503 0.11864406615495682 1.0
0.5254237055778503 0.1355932205915451 1.0
0.5254237055778503 0.1525423675775528 1.0
0.5254237055778503 0.16949152946472168 1.0
0.5254237055778503 0.18644067645072937 1.0
0.5254237055778503 0.20338982343673706 1.0
0.5254237055778503 0.22033898532390594 1.0
0.5254237055778503 0.23728813230991364 1.0
0.5254237055778503 0.2542372941970825 1.0
0.5254237055778503 0.2711864411830902 1.0
0.5254237055778503 0.2881355881690979 1.0
0.5254237055778503 0.3050847351551056 1.0
0.5254237055778503 0.32203391194343567 1.0
0.5254237055778503 0.33898305892944336 1.0
0.5254237055778503 0.35593220591545105 1.0
0.5254237055778503 0.37288135290145874 1.0
0.5254237055778503 0.38983049988746643 1.0
0.5254237055778503 0.4067796468734741 1.0
0.5254237055778503 0.4237288236618042 1.0
0.5254237055778503 0.4406779706478119 1.0
0.5254237055778503 0.4576271176338196 1.0
0.5254237055778503 0.47457626461982727 1.0
0.5254237055778503 0.49152541160583496 1.0
0.5254237055778503 0.508474588394165 1.0
0.5254237055778503 0.5254237055778503 1.0
0.5254237055778503 0.5423728823661804 1.0
0.5254237055778503 0.5593220591545105 1.0
0.5254237055778503 0.5762711763381958 1.0
0.5254237055778503 0.5932203531265259 1.0
0.5254237055778503 0.6101694703102112 1.0
0.5254237055778503 0.6271186470985413 1.0
0.5254237055778503 0.6440678238868713 1.0
0.5254237055778503 0.6610169410705566 1.0
0.5254237055778503 0.6779661178588867 1.0
0.5254237055778503 0.694915235042572 1.0
0.5254237055778503 0.7118644118309021 1.0
0.5254237055778503 0.7288135886192322 1.0
0.5254237055778503 0.7457627058029175 1.0
0.5254237055778503 0.7627118825912476 1.0
0.5254237055778503 0.7796609997749329 1.0
0.5254237055778503 0.7966101765632629 1.0
0.5254237055778503 0.8135592937469482 1.0
0.5254237055778503 0.8305084705352783 1.0
0.5254237055778503 0.8474576473236084 1.0
0.5254237055778503 0.8644067645072937 1.0
0.5254237055778503 0.8813559412956238 1.0
0.5254237055778503 0.8983050584793091 1.0
0.5254237055778503 0.9152542352676392 1.0
0.5254237055778503 0.9322034120559692 1.0
0.5254237055778503 0.9491525292396545 1.0
0.5254237055778503 0.9661017060279846 1.0
0.5254237055778503 0.9830508232116699 1.0
0.5254237055778503 1.0 1.0
0.5423728823661804 0.0 1.0
0.5423728823661804 0.016949152573943138 1.0
0.5423728823661804 0.033898305147886276 1.0
0.5423728823661804 0.050847455859184265 1.0
0.5423728823661804 0.06779661029577255 1.0
0.5423728823661804 0.08474576473236084 1.0
0.5423728823661804 0.10169491171836853 1.0
0.5423728823661804 0.11864406615495682 1.0
0.5423728823661804 0.1355932205915451 1.0
0.5423728823661804 0.1525423675775528 1.0
0.5423728823661804 0.16949152946472168 1.0
0.5423728823661804 0.18644067645072937 1.0
0.5423728823661804 0.20338982343673706 1.0
0.5423728823661804 0.22033898532390594 1.0
0.5423728823661804 0.23728813230991364 1.0
0.5423728823661804 0.2542372941970825 1.0
0.5423728823661804 0.2711864411830902 1.0
0.5423728823661804 0.2881355881690979 1.0
0.5423728823661804 0.3050847351551056 1.0
0.5423728823661804 0.32203391194343567 1.0
0.5423728823661804 0.33898305892944336 1.0
0.5423728823661804 0.35593220591545105 1.0
0.5423728823661804 0.37288135290145874 1.0
0.5423728823661804 0.38983049988746643 1.0
0.5423728823661804 0.4067796468734741 1.0
0.5423728823661804 0.4237288236618042 1.0
0.5423728823661804 0.4406779706478119 1.0
0.5423728823661804 0.4576271176338196 1.0
0.5423728823661804 0.47457626461982727 1.0
0.5423728823661804 0.49152541160583496 1.0
0.5423728823661804 0.508474588394165 1.0
0.5423728823661804 0.5254237055778503 1.0
0.5423728823661804 0.5423728823661804 1.0
0.5423728823661804 0.5593220591545105 1.0
0.5423728823661804 0.5762711763381958 1.0
0.5423728823661804 0.5932203531265259 1.0
0.5423728823661804 0.6101694703102112 1.0
0.5423728823661804 0.6271186470985413 1.0
0.5423728823661804 0.6440678238868713 1.0
0.5423728823661804 0.6610169410705566 1.0
0.5423728823661804 0.6779661178588867 1.0
0.5423728823661804 0.694915235042572 1.0
0.5423728823661804 0.7118644118309021 1.0
0.5423728823661804 0.7288135886192322 1.0
0.5423728823661804 0.7457627058029175 1.0
0.5423728823661804 0.7627118825912476 1.0
0.5423728823661804 0.7796609997749329 1.0
0.5423728823661804 0.7966101765632629 1.0
0.5423728823661804 0.8135592937469482 1.0
0.5423728823661804 0.8305084705352783 1.0
0.5423728823661804 0.8474576473236084 1.0
0.5423728823661804 0.8644067645072937 1.0
0.5423728823661804 0.8813559412956238 1.0
0.5423728823661804 0.8983050584793091 1.0
0.5423728823661804 0.9152542352676392 1.0
0.5423728823661804 0.9322034120559692 1.0
0.5423728823661804 0.9491525292396545 1.0
0.5423728823661804 0.9661017060279846 1.0
0.5423728823661804 0.9830508232116699 1.0
0.5423728823661804 1.0 1.0
0.5593220591545105 0.0 1.0
0.5593220591545105 0.016949152573943138 1.0
0.5593220591545105 0.033898305147886276 1.0
0.5593220591545105 0.050847455859184265 1.0
0.5593220591545105 0.06779661029577255 1.0
0.5593220591545105 0.08474576473236084 1.0
0.5593220591545105 0.10169491171836853 1.0
0.5593220591545105 0.11864406615495682 1.0
0.5593220591545105 0.1355932205915451 1.0
0.5593220591545105 0.1525423675775528 1.0
0.5593220591545105 0.16949152946472168 1.0
0.5593220591545105 0.18644067645072937 1.0
0.5593220591545105 0.20338982343673706 1.0
0.5593220591545105 0.22033898532390594 1.0
0.5593220591545105 0.23728813230991364 1.0
0.5593220591545105 0.2542372941970825 1.0
0.5593220591545105 0.2711864411830902 1.0
0.5593220591545105 0.2881355881690979 1.0
0.5593220591545105 0.3050847351551056 1.0
0.5593220591545105 0.32203391194343567 1.0
0.5593220591545105 0.33898305892944336 1.0
0.5593220591545105 0.35593220591545105 1.0
0.5593220591545105 0.37288135290145874 1.0
0.5593220591545105 0.38983049988746643 1.0
0.5593220591545105 0.4067796468734741 1.0
0.5593220591545105 0.4237288236618042 1.0
0.5593220591545105 0.4406779706478119 1.0
0.5593220591545105 0.4576271176338196 1.0
0.5593220591545105 0.47457626461982727 1.0
0.5593220591545105 0.49152541160583496 1.0
0.5593220591545105 0.508474588394165 1.0
0.5593220591545105 0.5254237055778503 1.0
0.5593220591545105 0.5423728823661804 1.0
0.5593220591545105 0.5593220591545105 1.0
0.5593220591545105 0.5762711763381958 1.0
0.5593220591545105 0.5932203531265259 1.0
0.5593220591545105 0.6101694703102112 1.0
0.5593220591545105 0.6271186470985413 1.0
0.5593220591545105 0.6440678238868713 1.0
0.5593220591545105 0.6610169410705566 1.0
0.5593220591545105 0.6779661178588867 1.0
0.5593220591545105 0.694915235042572 1.0
0.5593220591545105 0.7118644118309021 1.0
0.5593220591545105 0.7288135886192322 1.0
0.5593220591545105 0.7457627058029175 1.0
0.5593220591545105 0.7627118825912476 1.0
0.5593220591545105 0.7796609997749329 1.0
0.5593220591545105 0.7966101765632629 1.0
0.5593220591545105 0.8135592937469482 1.0
0.5593220591545105 0.8305084705352783 1.0
0.5593220591545105 0.8474576473236084 1.0
0.5593220591545105 0.8644067645072937 1.0
0.5593220591545105 0.8813559412956238 1.0
0.5593220591545105 0.8983050584793091 1.0
0.5593220591545105 0.9152542352676392 1.0
0.5593220591545105 0.9322034120559692 1.0
0.5593220591545105 0.9491525292396545 1.0
0.5593220591545105 0.9661017060279846 1.0
0.5593220591545105 0.9830508232116699 1.0
0.5593220591545105 1.0 1.0
0.5762711763381958 0.0 1.0
0.5762711763381958 0.016949152573943138 1.0
0.5762711763381958 0.033898305147886276 1.0
0.5762711763381958 0.050847455859184265 1.0
0.5762711763381958 0.06779661029577255 1.0
0.5762711763381958 0.08474576473236084 1.0
0.5762711763381958 0.10169491171836853 1.0
0.5762711763381958 0.11864406615495682 1.0
0.5762711763381958 0.1355932205915451 1.0
0.5762711763381958 0.1525423675775528 1.0
0.5762711763381958 0.16949152946472168 1.0
0.5762711763381958 0.18644067645072937 1.0
0.5762711763381958 0.20338982343673706 1.0
0.5762711763381958 0.22033898532390594 1.0
0.5762711763381958 0.23728813230991364 1.0
0.5762711763381958 0.2542372941970825 1.0
0.5762711763381958 0.2711864411830902 1.0
0.5762711763381958 0.2881355881690979 1.0
0.5762711763381958 0.3050847351551056 1.0
0.5762711763381958 0.32203391194343567 1.0
0.5762711763381958 0.33898305892944336 1.0
0.5762711763381958 0.35593220591545105 1.0
0.5762711763381958 0.37288135290145874 1.0
0.5762711763381958 0.38983049988746643 1.0
0.5762711763381958 0.4067796468734741 1.0
0.5762711763381958 0.4237288236618042 1.0
0.5762711763381958 0.4406779706478119 1.0
0.5762711763381958 0.4576271176338196 1.0
0.5762711763381958 0.47457626461982727 1.0
0.5762711763381958 0.49152541160583496 1.0
0.5762711763381958 0.508474588394165 1.0
0.5762711763381958 0.5254237055778503 1.0
0.5762711763381958 0.5423728823661804 1.0
0.5762711763381958 0.5593220591545105 1.0
0.5762711763381958 0.5762711763381958 1.0
0.5762711763381958 0.5932203531265259 1.0
0.5762711763381958 0.6101694703102112 1.0
0.5762711763381958 0.6271186470985413 1.0
0.5762711763381958 0.6440678238868713 1.0
0.5762711763381958 0.6610169410705566 1.0
0.5762711763381958 0.6779661178588867 1.0
0.5762711763381958 0.694915235042572 1.0
0.5762711763381958 0.7118644118309021 1.0
0.5762711763381958 0.7288135886192322 1.0
0.5762711763381958 0.7457627058029175 1.0
0.5762711763381958 0.7627118825912476 1.0
0.5762711763381958 0.7796609997749329 1.0
0.5762711763381958 0.7966101765632629 1.0
0.5762711763381958 0.8135592937469482 1.0
0.5762711763381958 0.8305084705352783 1.0
0.5762711763381958 0.8474576473236084 1.0
0.5762711763381958 0.8644067645072937 1.0
0.5762711763381958 0.8813559412956238 1.0
0.5762711763381958 0.8983050584793091 1.0
0.5762711763381958 0.9152542352676392 1.0
0.5762711763381958 0.9322034120559692 1.0
0.5762711763381958 0.9491525292396545 1.0
0.5762711763381958 0.9661017060279846 1.0
0.5762711763381958 0.9830508232116699 1.0
0.5762711763381958 1.0 1.0
0.5932203531265259 0.0 1.0
0.5932203531265259 0.016949152573943138 1.0
0.5932203531265259 0.033898305147886276 1.0
0.5932203531265259 0.050847455859184265 1.0
0.5932203531265259 0.06779661029577255 1.0
0.5932203531265259 0.08474576473236084 1.0
0.5932203531265259 0.10169491171836853 1.0
0.5932203531265259 0.11864406615495682 1.0
0.5932203531265259 0.1355932205915451 1.0
0.5932203531265259 0.1525423675775528 1.0
0.5932203531265259 0.16949152946472168 1.0
0.5932203531265259 0.18644067645072937 1.0
0.5932203531265259 0.20338982343673706 1.0
0.5932203531265259 0.22033898532390594 1.0
0.5932203531265259 0.23728813230991364 1.0
0.5932203531265259 0.2542372941970825 1.0
0.5932203531265259 0.2711864411830902 1.0
0.5932203531265259 0.2881355881690979 1.0
0.5932203531265259 0.3050847351551056 1.0
0.5932203531265259 0.32203391194343567 1.0
0.5932203531265259 0.33898305892944336 1.0
0.5932203531265259 0.35593220591545105 1.0
0.5932203531265259 0.37288135290145874 1.0
0.5932203531265259 0.38983049988746643 1.0
0.5932203531265259 0.4067796468734741 1.0
0.5932203531265259 0.4237288236618042 1.0
0.5932203531265259 0.4406779706478119 1.0
0.5932203531265259 0.4576271176338196 1.0
0.5932203531265259 0.47457626461982727 1.0
0.5932203531265259 0.49152541160583496 1.0
0.5932203531265259 0.508474588394165 1.0
0.5932203531265259 0.5254237055778503 1.0
0.5932203531265259 0.5423728823661804 1.0
0.5932203531265259 0.5593220591545105 1.0
0.5932203531265259 0.5762711763381958 1.0
0.5932203531265259 0.5932203531265259 1.0
0.5932203531265259 0.6101694703102112 1.0
0.5932203531265259 0.6271186470985413 1.0
0.5932203531265259 0.6440678238868713 1.0
0.5932203531265259 0.6610169410705566 1.0
0.5932203531265259 0.6779661178588867 1.0
0.5932203531265259 0.694915235042572 1.0
0.5932203531265259 0.7118644118309021 1.0
0.5932203531265259 0.7288135886192322 1.0
0.5932203531265259 0.7457627058029175 1.0
0.5932203531265259 0.7627118825912476 1.0
0.5932203531265259 0.7796609997749329 1.0
0.5932203531265259 0.7966101765632629 1.0
0.5932203531265259 0.8135592937469482 1.0
0.5932203531265259 0.8305084705352783 1.0
0.5932203531265259 0.8474576473236084 1.0
0.5932203531265259 0.8644067645072937 1.0
0.5932203531265259 0.8813559412956238 1.0
0.5932203531265259 0.8983050584793091 1.0
0.5932203531265259 0.9152542352676392 1.0
0.5932203531265259 0.9322034120559692 1.0
0.5932203531265259 0.9491525292396545 1.0
0.5932203531265259 0.9661017060279846 1.0
0.5932203531265259 0.9830508232116699 1.0
0.5932203531265259 1.0 1.0
0.6101694703102112 0.0 1.0
0.6101694703102112 0.016949152573943138 1.0
0.6101694703102112 0.033898305147886276 1.0
0.6101694703102112 0.050847455859184265 1.0
0.6101694703102112 0.06779661029577255 1.0
0.6101694703102112 0.08474576473236084 1.0
0.6101694703102112 0.10169491171836853 1.0
0.6101694703102112 0.11864406615495682 1.0
0.6101694703102112 0.1355932205915451 1.0
0.6101694703102112 0.1525423675775528 1.0
0.6101694703102112 0.16949152946472168 1.0
0.6101694703102112 0.18644067645072937 1.0
0.6101694703102112 0.20338982343673706 1.0
0.6101694703102112 0.22033898532390594 1.0
0.6101694703102112 0.23728813230991364 1.0
0.6101694703102112 0.2542372941970825 1.0
0.6101694703102112 0.2711864411830902 1.0
0.6101694703102112 0.2881355881690979 1.0
0.6101694703102112 0.3050847351551056 1.0
0.6101694703102112 0.32203391194343567 1.0
0.6101694703102112 0.33898305892944336 1.0
0.6101694703102112 0.35593220591545105 1.0
0.6101694703102112 0.37288135290145874 1.0
0.6101694703102112 0.38983049988746643 1.0
0.6101694703102112 0.4067796468734741 1.0
0.6101694703102112 0.4237288236618042 1.0
0.6101694703102112 0.4406779706478119 1.0
0.6101694703102112 0.4576271176338196 1.0
0.6101694703102112 0.47457626461982727 1.0
0.6101694703102112 0.49152541160583496 1.0
0.6101694703102112 0.508474588394165 1.0
0.6101694703102112 0.5254237055778503 1.0
0.6101694703102112 0.5423728823661804 1.0
0.6101694703102112 0.5593220591545105 1.0
0.6101694703102112 0.5762711763381958 1.0
0.6101694703102112 0.5932203531265259 1.0
0.6101694703102112 0.6101694703102112 1.0
0.6101694703102112 0.6271186470985413 1.0
0.6101694703102112 0.6440678238868713 1.0
0.6101694703102112 0.6610169410705566 1.0
0.6101694703102112 0.6779661178588867 1.0
0.6101694703102112 0.694915235042572 1.0
0.6101694703102112 0.7118644118309021 1.0
0.6101694703102112 0.7288135886192322 1.0
0.6101694703102112 0.7457627058029175 1.0
0.6101694703102112 0.7627118825912476 1.0
0.6101694703102112 0.7796609997749329 1.0
0.6101694703102112 0.7966101765632629 1.0
0.6101694703102112 0.8135592937469482 1.0
0.6101694703102112 0.8305084705352783 1.0
0.6101694703102112 0.8474576473236084 1.0
0.6101694703102112 0.8644067645072937 1.0
0.6101694703102112 0.8813559412956238 1.0
0.6101694703102112 0.8983050584793091 1.0
0.6101694703102112 0.9152542352676392 1.0
0.6101694703102112 0.9322034120559692 1.0
0.6101694703102112 0.9491525292396545 1.0
0.6101694703102112 0.9661017060279846 1.0
0.6101694703102112 0.9830508232116699 1.0
0.6101694703102112 1.0 1.0
0.6271186470985413 0.0 1.0
0.6271186470985413 0.016949152573943138 1.0
0.6271186470985413 0.033898305147886276 1.0
0.6271186470985413 0.050847455859184265 1.0
0.6271186470985413 0.06779661029577255 1.0
0.6271186470985413 0.08474576473236084 1.0
0.6271186470985413 0.10169491171836853 1.0
0.6271186470985413 0.11864406615495682 1.0
0.6271186470985413 0.1355932205915451 1.0
0.6271186470985413 0.1525423675775528 1.0
0.6271186470985413 0.16949152946472168 1.0
0.6271186470985413 0.18644067645072937 1.0
0.6271186470985413 0.20338982343673706 1.0
0.6271186470985413 0.22033898532390594 1.0
0.6271186470985413 0.23728813230991364 1.0
0.6271186470985413 0.2542372941970825 1.0
0.6271186470985413 0.2711864411830902 1.0
0.6271186470985413 0.2881355881690979 1.0
0.6271186470985413 0.3050847351551056 1.0
0.6271186470985413 0.32203391194343567 1.0
0.6271186470985413 0.33898305892944336 1.0
0.6271186470985413 0.35593220591545105 1.0
0.6271186470985413 0.37288135290145874 1.0
0.6271186470985413 0.38983049988746643 1.0
0.6271186470985413 0.4067796468734741 1.0
0.6271186470985413 0.4237288236618042 1.0
0.6271186470985413 0.4406779706478119 1.0
0.6271186470985413 0.4576271176338196 1.0
0.6271186470985413 0.47457626461982727 1.0
0.6271186470985413 0.49152541160583496 1.0
0.6271186470985413 0.508474588394165 1.0
0.6271186470985413 0.5254237055778503 1.0
0.6271186470985413 0.5423728823661804 1.0
0.6271186470985413 0.5593220591545105 1.0
0.6271186470985413 0.5762711763381958 1.0
0.6271186470985413 0.5932203531265259 1.0
0.6271186470985413 0.6101694703102112 1.0
0.6271186470985413 0.6271186470985413 1.0
0.6271186470985413 0.6440678238868713 1.0
0.6271186470985413 0.6610169410705566 1.0
0.6271186470985413 0.6779661178588867 1.0
0.6271186470985413 0.694915235042572 1.0
0.6271186470985413 0.7118644118309021 1.0
0.6271186470985413 0.7288135886192322 1.0
0.6271186470985413 0.7457627058029175 1.0
0.6271186470985413 0.7627118825912476 1.0
0.6271186470985413 0.7796609997749329 1.0
0.6271186470985413 0.7966101765632629 1.0
0.6271186470985413 0.8135592937469482 1.0
0.6271186470985413 0.8305084705352783 1.0
0.6271186470985413 0.8474576473236084 1.0
0.6271186470985413 0.8644067645072937 1.0
0.6271186470985413 0.8813559412956238 1.0
0.6271186470985413 0.8983050584793091 1.0
0.6271186470985413 0.9152542352676392 1.0
0.6271186470985413 0.9322034120559692 1.0
0.6271186470985413 0.9491525292396545 1.0
0.6271186470985413 0.9661017060279846 1.0
0.6271186470985413 0.9830508232116699 1.0
0.6271186470985413 1.0 1.0
0.6440678238868713 0.0 1.0
0.6440678238868713 0.016949152573943138 1.0
0.6440678238868713 0.033898305147886276 1.0
0.6440678238868713 0.050847455859184265 1.0
0.6440678238868713 0.06779661029577255 1.0
0.6440678238868713 0.08474576473236084 1.0
0.6440678238868713 0.10169491171836853 1.0
0.6440678238868713 0.11864406615495682 1.0
0.6440678238868713 0.1355932205915451 1.0
0.6440678238868713 0.1525423675775528 1.0
0.6440678238868713 0.16949152946472168 1.0
0.6440678238868713 0.18644067645072937 1.0
0.6440678238868713 0.20338982343673706 1.0
0.6440678238868713 0.22033898532390594 1.0
0.6440678238868713 0.23728813230991364 1.0
0.6440678238868713 0.2542372941970825 1.0
0.6440678238868713 0.2711864411830902 1.0
0.6440678238868713 0.2881355881690979 1.0
0.6440678238868713 0.3050847351551056 1.0
0.6440678238868713 0.32203391194343567 1.0
0.6440678238868713 0.33898305892944336 1.0
0.6440678238868713 0.35593220591545105 1.0
0.6440678238868713 0.37288135290145874 1.0
0.6440678238868713 0.38983049988746643 1.0
0.6440678238868713 0.4067796468734741 1.0
0.6440678238868713 0.4237288236618042 1.0
0.6440678238868713 0.4406779706478119 1.0
0.6440678238868713 0.4576271176338196 1.0
0.6440678238868713 0.47457626461982727 1.0
0.6440678238868713 0.49152541160583496 1.0
0.6440678238868713 0.508474588394165 1.0
0.6440678238868713 0.5254237055778503 1.0
0.6440678238868713 0.5423728823661804 1.0
0.6440678238868713 0.5593220591545105 1.0
0.6440678238868713 0.5762711763381958 1.0
0.6440678238868713 0.5932203531265259 1.0
0.6440678238868713 0.6101694703102112 1.0
0.6440678238868713 0.6271186470985413 1.0
0.6440678238868713 0.6440678238868713 1.0
0.6440678238868713 0.6610169410705566 1.0
0.6440678238868713 0.6779661178588867 1.0
0.6440678238868713 0.694915235042572 1.0
0.6440678238868713 0.7118644118309021 1.0
0.6440678238868713 0.7288135886192322 1.0
0.6440678238868713 0.7457627058029175 1.0
0.6440678238868713 0.7627118825912476 1.0
0.6440678238868713 0.7796609997749329 1.0
0.6440678238868713 0.7966101765632629 1.0
0.6440678238868713 0.8135592937469482 1.0
0.6440678238868713 0.8305084705352783 1.0
0.6440678238868713 0.8474576473236084 1.0
0.6440678238868713 0.8644067645072937 1.0
0.6440678238868713 0.8813559412956238 1.0
0.6440678238868713 0.8983050584793091 1.0
0.6440678238868713 0.9152542352676392 1.0
0.6440678238868713 0.9322034120559692 1.0
0.6440678238868713 0.9491525292396545 1.0
0.6440678238868713 0.9661017060279846 1.0
0.6440678238868713 0.9830508232116699 1.0
0.6440678238868713 1.0 1.0
0.6610169410705566 0.0 1.0
0.6610169410705566 0.016949152573943138 1.0
0.6610169410705566 0.033898305147886276 1.0
0.6610169410705566 0.050847455859184265 1.0
0.6610169410705566 0.06779661029577255 1.0
0.6610169410705566 0.08474576473236084 1.0
0.6610169410705566 0.10169491171836853 1.0
0.6610169410705566 0.11864406615495682 1.0
0.6610169410705566 0.1355932205915451 1.0
0.6610169410705566 0.1525423675775528 1.0
0.6610169410705566 0.16949152946472168 1.0
0.6610169410705566 0.18644067645072937 1.0
0.6610169410705566 0.20338982343673706 1.0
0.6610169410705566 0.22033898532390594 1.0
0.6610169410705566 0.23728813230991364 1.0
0.6610169410705566 0.2542372941970825 1.0
0.6610169410705566 0.2711864411830902 1.0
0.6610169410705566 0.2881355881690979 1.0
0.6610169410705566 0.3050847351551056 1.0
0.6610169410705566 0.32203391194343567 1.0
0.6610169410705566 0.33898305892944336 1.0
0.6610169410705566 0.35593220591545105 1.0
0.6610169410705566 0.37288135290145874 1.0
0.6610169410705566 0.38983049988746643 1.0
0.6610169410705566 0.4067796468734741 1.0
0.6610169410705566 0.4237288236618042 1.0
0.6610169410705566 0.4406779706478119 1.0
0.6610169410705566 0.4576271176338196 1.0
0.6610169410705566 0.47457626461982727 1.0
0.6610169410705566 0.49152541160583496 1.0
0.6610169410705566 0.508474588394165 1.0
0.6610169410705566 0.5254237055778503 1.0
0.6610169410705566 0.5423728823661804 1.0
0.6610169410705566 0.5593220591545105 1.0
0.6610169410705566 0.5762711763381958 1.0
0.6610169410705566 0.5932203531265259 1.0
0.6610169410705566 0.6101694703102112 1.0
0.6610169410705566 0.6271186470985413 1.0
0.6610169410705566 0.6440678238868713 1.0
0.6610169410705566 0.6610169410705566 1.0
0.6610169410705566 0.6779661178588867 1.0
0.6610169410705566 0.694915235042572 1.0
0.6610169410705566 0.7118644118309021 1.0
0.6610169410705566 0.7288135886192322 1.0
0.6610169410705566 0.7457627058029175 1.0
0.6610169410705566 0.7627118825912476 1.0
0.6610169410705566 0.7796609997749329 1.0
0.6610169410705566 0.7966101765632629 1.0
0.6610169410705566 0.8135592937469482 1.0
0.6610169410705566 0.8305084705352783 1.0
0.6610169410705566 0.8474576473236084 1.0
0.6610169410705566 0.8644067645072937 1.0
0.6610169410705566 0.8813559412956238 1.0
0.6610169410705566 0.8983050584793091 1.0
0.6610169410705566 0.9152542352676392 1.0
0.6610169410705566 0.9322034120559692 1.0
0.6610169410705566 0.9491525292396545 1.0
0.6610169410705566 0.9661017060279846 1.0
0.6610169410705566 0.9830508232116699 1.0
0.6610169410705566 1.0 1.0
0.6779661178588867 0.0 1.0
0.6779661178588867 0.016949152573943138 1.0
0.6779661178588867 0.033898305147886276 1.0
0.6779661178588867 0.050847455859184265 1.0
0.6779661178588867 0.06779661029577255 1.0
0.6779661178588867 0.08474576473236084 1.0
0.6779661178588867 0.10169491171836853 1.0
0.6779661178588867 0.11864406615495682 1.0
0.6779661178588867 0.1355932205915451 1.0
0.6779661178588867 0.1525423675775528 1.0
0.6779661178588867 0.16949152946472168 1.0
0.6779661178588867 0.18644067645072937 1.0
0.6779661178588867 0.20338982343673706 1.0
0.6779661178588867 0.22033898532390594 1.0
0.6779661178588867 0.23728813230991364 1.0
0.6779661178588867 0.2542372941970825 1.0
0.6779661178588867 0.2711864411830902 1.0
0.6779661178588867 0.2881355881690979 1.0
0.6779661178588867 0.3050847351551056 1.0
0.6779661178588867 0.32203391194343567 1.0
0.6779661178588867 0.33898305892944336 1.0
0.6779661178588867 0.35593220591545105 1.0
0.6779661178588867 0.37288135290145874 1.0
0.6779661178588867 0.38983049988746643 1.0
0.6779661178588867 0.4067796468734741 1.0
0.6779661178588867 0.4237288236618042 1.0
0.6779661178588867 0.4406779706478119 1.0
0.6779661178588867 0.4576271176338196 1.0
0.6779661178588867 0.47457626461982727 1.0
0.6779661178588867 0.49152541160583496 1.0
0.6779661178588867 0.508474588394165 1.0
0.6779661178588867 0.5254237055778503 1.0
0.6779661178588867 0.5423728823661804 1.0
0.6779661178588867 0.5593220591545105 1.0
0.6779661178588867 0.5762711763381958 1.0
0.6779661178588867 0.5932203531265259 1.0
0.6779661178588867 0.6101694703102112 1.0
0.6779661178588867 0.6271186470985413 1.0
0.6779661178588867 0.6440678238868713 1.0
0.6779661178588867 0.6610169410705566 1.0
0.6779661178588867 0.6779661178588867 1.0
0.6779661178588867 0.694915235042572 1.0
0.6779661178588867 0.7118644118309021 1.0
0.6779661178588867 0.7288135886192322 1.0
0.6779661178588867 0.7457627058029175 1.0
0.6779661178588867 0.7627118825912476 1.0
0.6779661178588867 0.7796609997749329 1.0
0.6779661178588867 0.7966101765632629 1.0
0.6779661178588867 0.8135592937469482 1.0
0.6779661178588867 0.8305084705352783 1.0
0.6779661178588867 0.8474576473236084 1.0
0.6779661178588867 0.8644067645072937 1.0
0.6779661178588867 0.8813559412956238 1.0
0.6779661178588867 0.8983050584793091 1.0
0.6779661178588867 0.9152542352676392 1.0
0.6779661178588867 0.9322034120559692 1.0
0.6779661178588867 0.9491525292396545 1.0
0.6779661178588867 0.9661017060279846 1.0
0.6779661178588867 0.9830508232116699 1.0
0.6779661178588867 1.0 1.0
0.694915235042572 0.0 1.0
0.694915235042572 0.016949152573943138 1.0
0.694915235042572 0.033898305147886276 1.0
0.694915235042572 0.050847455859184265 1.0
0.694915235042572 0.06779661029577255 1.0
0.694915235042572 0.08474576473236084 1.0
0.694915235042572 0.10169491171836853 1.0
0.694915235042572 0.11864406615495682 1.0
0.694915235042572 0.1355932205915451 1.0
0.694915235042572 0.1525423675775528 1.0
0.694915235042572 0.16949152946472168 1.0
0.694915235042572 0.18644067645072937 1.0
0.694915235042572 0.20338982343673706 1.0
0.694915235042572 0.22033898532390594 1.0
0.694915235042572 0.23728813230991364 1.0
0.694915235042572 0.2542372941970825 1.0
0.694915235042572 0.2711864411830902 1.0
0.694915235042572 0.2881355881690979 1.0
0.694915235042572 0.3050847351551056 1.0
0.694915235042572 0.32203391194343567 1.0
0.694915235042572 0.33898305892944336 1.0
0.694915235042572 0.35593220591545105 1.0
0.694915235042572 0.37288135290145874 1.0
0.694915235042572 0.38983049988746643 1.0
0.694915235042572 0.4067796468734741 1.0
0.694915235042572 0.4237288236618042 1.0
0.694915235042572 0.4406779706478119 1.0
0.694915235042572 0.4576271176338196 1.0
0.694915235042572 0.47457626461982727 1.0
0.694915235042572 0.49152541160583496 1.0
0.694915235042572 0.508474588394165 1.0
0.694915235042572 0.5254237055778503 1.0
0.694915235042572 0.5423728823661804 1.0
0.694915235042572 0.5593220591545105 1.0
0.694915235042572 0.5762711763381958 1.0
0.694915235042572 0.5932203531265259 1.0
0.694915235042572 0.6101694703102112 1.0
0.694915235042572 0.6271186470985413 1.0
0.694915235042572 0.6440678238868713 1.0
0.694915235042572 0.6610169410705566 1.0
0.694915235042572 0.6779661178588867 1.0
0.694915235042572 0.694915235042572 1.0
0.694915235042572 0.7118644118309021 1.0
0.694915235042572 0.7288135886192322 1.0
0.694915235042572 0.7457627058029175 1.0
0.694915235042572 0.7627118825912476 1.0
0.694915235042572 0.7796609997749329 1.0
0.694915235042572 0.7966101765632629 1.0
0.694915235042572 0.8135592937469482 1.0
0.694915235042572 0.8305084705352783 1.0
0.694915235042572 0.8474576473236084 1.0
0.694915235042572 0.8644067645072937 1.0
0.694915235042572 0.8813559412956238 1.0
0.694915235042572 0.8983050584793091 1.0
0.694915235042572 0.9152542352676392 1.0
0.694915235042572 0.9322034120559692 1.0
0.694915235042572 0.9491525292396545 1.0
0.694915235042572 0.9661017060279846 1.0
0.694915235042572 0.9830508232116699 1.0
0.694915235042572 1.0 1.0
0.7118644118309021 0.0 1.0
0.7118644118309021 0.016949152573943138 1.0
0.7118644118309021 0.033898305147886276 1.0
0.7118644118309021 0.050847455859184265 1.0
0.7118644118309021 0.06779661029577255 1.0
0.7118644118309021 0.08474576473236084 1.0
0.7118644118309021 0.10169491171836853 1.0
0.7118644118309021 0.11864406615495682 1.0
0.7118644118309021 0.1355932205915451 1.0
0.7118644118309021 0.1525423675775528 1.0
0.7118644118309021 0.16949152946472168 1.0
0.7118644118309021 0.18644067645072937 1.0
0.7118644118309021 0.20338982343673706 1.0
0.7118644118309021 0.22033898532390594 1.0
0.7118644118309021 0.23728813230991364 1.0
0.7118644118309021 0.2542372941970825 1.0
0.7118644118309021 0.2711864411830902 1.0
0.7118644118309021 0.2881355881690979 1.0
0.7118644118309021 0.3050847351551056 1.0
0.7118644118309021 0.32203391194343567 1.0
0.7118644118309021 0.33898305892944336 1.0
0.7118644118309021 0.35593220591545105 1.0
0.7118644118309021 0.37288135290145874 1.0
0.7118644118309021 0.38983049988746643 1.0
0.7118644118309021 0.4067796468734741 1.0
0.7118644118309021 0.4237288236618042 1.0
0.7118644118309021 0.4406779706478119 1.0
0.7118644118309021 0.4576271176338196 1.0
0.7118644118309021 0.47457626461982727 1.0
0.7118644118309021 0.49152541160583496 1.0
0.7118644118309021 0.508474588394165 1.0
0.7118644118309021 0.5254237055778503 1.0
0.7118644118309021 0.5423728823661804 1.0
0.7118644118309021 0.5593220591545105 1.0
0.7118644118309021 0.5762711763381958 1.0
0.7118644118309021 0.5932203531265259 1.0
0.7118644118309021 0.6101694703102112 1.0
0.7118644118309021 0.6271186470985413 1.0
0.7118644118309021 0.6440678238868713 1.0
0.7118644118309021 0.6610169410705566 1.0
0.7118644118309021 0.6779661178588867 1.0
0.7118644118309021 0.694915235042572 1.0
0.7118644118309021 0.7118644118309021 1.0
0.7118644118309021 0.7288135886192322 1.0
0.7118644118309021 0.7457627058029175 1.0
0.7118644118309021 0.7627118825912476 1.0
0.7118644118309021 0.7796609997749329 1.0
0.7118644118309021 0.7966101765632629 1.0
0.7118644118309021 0.8135592937469482 1.0
0.7118644118309021 0.8305084705352783 1.0
0.7118644118309021 0.8474576473236084 1.0
0.7118644118309021 0.8644067645072937 1.0
0.7118644118309021 0.8813559412956238 1.0
0.7118644118309021 0.8983050584793091 1.0
0.7118644118309021 0.9152542352676392 1.0
0.7118644118309021 0.9322034120559692 1.0
0.7118644118309021 0.9491525292396545 1.0
0.7118644118309021 0.9661017060279846 1.0
0.7118644118309021 0.9830508232116699 1.0
0.7118644118309021 1.0 1.0
0.7288135886192322 0.0 1.0
0.7288135886192322 0.016949152573943138 1.0
0.7288135886192322 0.033898305147886276 1.0
0.7288135886192322 0.050847455859184265 1.0
0.7288135886192322 0.06779661029577255 1.0
0.7288135886192322 0.08474576473236084 1.0
0.7288135886192322 0.10169491171836853 1.0
0.7288135886192322 0.11864406615495682 1.0
0.7288135886192322 0.1355932205915451 1.0
0.7288135886192322 0.1525423675775528 1.0
0.7288135886192322 0.16949152946472168 1.0
0.7288135886192322 0.18644067645072937 1.0
0.7288135886192322 0.20338982343673706 1.0
0.7288135886192322 0.22033898532390594 1.0
0.7288135886192322 0.23728813230991364 1.0
0.7288135886192322 0.2542372941970825 1.0
0.7288135886192322 0.2711864411830902 1.0
0.7288135886192322 0.2881355881690979 1.0
0.7288135886192322 0.3050847351551056 1.0
0.7288135886192322 0.32203391194343567 1.0
0.7288135886192322 0.33898305892944336 1.0
0.7288135886192322 0.35593220591545105 1.0
0.7288135886192322 0.37288135290145874 1.0
0.7288135886192322 0.38983049988746643 1.0
0.7288135886192322 0.4067796468734741 1.0
0.7288135886192322 0.4237288236618042 1.0
0.7288135886192322 0.4406779706478119 1.0
0.7288135886192322 0.4576271176338196 1.0
0.7288135886192322 0.47457626461982727 1.0
0.7288135886192322 0.49152541160583496 1.0
0.7288135886192322 0.508474588394165 1.0
0.7288135886192322 0.5254237055778503 1.0
0.7288135886192322 0.5423728823661804 1.0
0.7288135886192322 0.5593220591545105 1.0
0.7288135886192322 0.5762711763381958 1.0
0.7288135886192322 0.5932203531265259 1.0
0.7288135886192322 0.6101694703102112 1.0
0.7288135886192322 0.6271186470985413 1.0
0.7288135886192322 0.6440678238868713 1.0
0.7288135886192322 0.6610169410705566 1.0
0.7288135886192322 0.6779661178588867 1.0
0.7288135886192322 0.694915235042572 1.0
0.7288135886192322 0.7118644118309021 1.0
0.7288135886192322 0.7288135886192322 1.0
0.7288135886192322 0.7457627058029175 1.0
0.7288135886192322 0.7627118825912476 1.0
0.7288135886192322 0.7796609997749329 1.0
0.7288135886192322 0.7966101765632629 1.0
0.7288135886192322 0.8135592937469482 1.0
0.7288135886192322 0.8305084705352783 1.0
0.7288135886192322 0.8474576473236084 1.0
0.7288135886192322 0.8644067645072937 1.0
0.7288135886192322 0.8813559412956238 1.0
0.7288135886192322 0.8983050584793091 1.0
0.7288135886192322 0.9152542352676392 1.0
0.7288135886192322 0.9322034120559692 1.0
0.7288135886192322 0.9491525292396545 1.0
0.7288135886192322 0.9661017060279846 1.0
0.7288135886192322 0.9830508232116699 1.0
0.7288135886192322 1.0 1.0
0.7457627058029175 0.0 1.0
0.7457627058029175 0.016949152573943138 1.0
0.7457627058029175 0.033898305147886276 1.0
0.7457627058029175 0.050847455859184265 1.0
0.7457627058029175 0.06779661029577255 1.0
0.7457627058029175 0.08474576473236084 1.0
0.7457627058029175 0.10169491171836853 1.0
0.7457627058029175 0.11864406615495682 1.0
0.7457627058029175 0.1355932205915451 1.0
0.7457627058029175 0.1525423675775528 1.0
0.7457627058029175 0.16949152946472168 1.0
0.7457627058029175 0.18644067645072937 1.0
0.7457627058029175 0.20338982343673706 1.0
0.7457627058029175 0.22033898532390594 1.0
0.7457627058029175 0.23728813230991364 1.0
0.7457627058029175 0.2542372941970825 1.0
0.7457627058029175 0.2711864411830902 1.0
0.7457627058029175 0.2881355881690979 1.0
0.7457627058029175 0.3050847351551056 1.0
0.7457627058029175 0.32203391194343567 1.0
0.7457627058029175 0.33898305892944336 1.0
0.7457627058029175 0.35593220591545105 1.0
0.7457627058029175 0.37288135290145874 1.0
0.7457627058029175 0.38983049988746643 1.0
0.7457627058029175 0.4067796468734741 1.0
0.7457627058029175 0.4237288236618042 1.0
0.7457627058029175 0.4406779706478119 1.0
0.7457627058029175 0.4576271176338196 1.0
0.7457627058029175 0.47457626461982727 1.0
0.7457627058029175 0.49152541160583496 1.0
0.7457627058029175 0.508474588394165 1.0
0.7457627058029175 0.5254237055778503 1.0
0.7457627058029175 0.5423728823661804 1.0
0.7457627058029175 0.5593220591545105 1.0
0.7457627058029175 0.5762711763381958 1.0
0.7457627058029175 0.5932203531265259 1.0
0.7457627058029175 0.6101694703102112 1.0
0.7457627058029175 0.6271186470985413 1.0
0.7457627058029175 0.6440678238868713 1.0
0.7457627058029175 0.6610169410705566 1.0
0.7457627058029175 0.6779661178588867 1.0
0.7457627058029175 0.694915235042572 1.0
0.7457627058029175 0.7118644118309021 1.0
0.7457627058029175 0.7288135886192322 1.0
0.7457627058029175 0.7457627058029175 1.0
0.7457627058029175 0.7627118825912476 1.0
0.7457627058029175 0.7796609997749329 1.0
0.7457627058029175 0.7966101765632629 1.0
0.7457627058029175 0.8135592937469482 1.0
0.7457627058029175 0.8305084705352783 1.0
0.7457627058029175 0.8474576473236084 1.0
0.7457627058029175 0.8644067645072937 1.0
0.7457627058029175 0.8813559412956238 1.0
0.7457627058029175 0.8983050584793091 1.0
0.7457627058029175 0.9152542352676392 1.0
0.7457627058029175 0.9322034120559692 1.0
0.7457627058029175 0.9491525292396545 1.0
0.7457627058029175 0.9661017060279846 1.0
0.7457627058029175 0.9830508232116699 1.0
0.7457627058029175 1.0 1.0
0.7627118825912476 0.0 1.0
0.7627118825912476 0.016949152573943138 1.0
0.7627118825912476 0.033898305147886276 1.0
0.7627118825912476 0.050847455859184265 1.0
0.7627118825912476 0.06779661029577255 1.0
0.7627118825912476 0.08474576473236084 1.0
0.7627118825912476 0.10169491171836853 1.0
0.7627118825912476 0.11864406615495682 1.0
0.7627118825912476 0.1355932205915451 1.0
0.7627118825912476 0.1525423675775528 1.0
0.7627118825912476 0.16949152946472168 1.0
0.7627118825912476 0.18644067645072937 1.0
0.7627118825912476 0.20338982343673706 1.0
0.7627118825912476 0.22033898532390594 1.0
0.7627118825912476 0.23728813230991364 1.0
0.7627118825912476 0.2542372941970825 1.0
0.7627118825912476 0.2711864411830902 1.0
0.7627118825912476 0.2881355881690979 1.0
0.7627118825912476 0.3050847351551056 1.0
0.7627118825912476 0.32203391194343567 1.0
0.7627118825912476 0.33898305892944336 1.0
0.7627118825912476 0.35593220591545105 1.0
0.7627118825912476 0.37288135290145874 1.0
0.7627118825912476 0.38983049988746643 1.0
0.7627118825912476 0.4067796468734741 1.0
0.7627118825912476 0.4237288236618042 1.0
0.7627118825912476 0.4406779706478119 1.0
0.7627118825912476 0.4576271176338196 1.0
0.7627118825912476 0.47457626461982727 1.0
0.7627118825912476 0.49152541160583496 1.0
0.7627118825912476 0.508474588394165 1.0
0.7627118825912476 0.5254237055778503 1.0
0.7627118825912476 0.5423728823661804 1.0
0.7627118825912476 0.5593220591545105 1.0
0.7627118825912476 0.5762711763381958 1.0
0.7627118825912476 0.5932203531265259 1.0
0.7627118825912476 0.6101694703102112 1.0
0.7627118825912476 0.6271186470985413 1.0
0.7627118825912476 0.6440678238868713 1.0
0.7627118825912476 0.6610169410705566 1.0
0.7627118825912476 0.6779661178588867 1.0
0.7627118825912476 0.694915235042572 1.0
0.7627118825912476 0.7118644118309021 1.0
0.7627118825912476 0.7288135886192322 1.0
0.7627118825912476 0.7457627058029175 1.0
0.7627118825912476 0.7627118825912476 1.0
0.7627118825912476 0.7796609997749329 1.0
0.7627118825912476 0.7966101765632629 1.0
0.7627118825912476 0.8135592937469482 1.0
0.7627118825912476 0.8305084705352783 1.0
0.7627118825912476 0.8474576473236084 1.0
0.7627118825912476 0.8644067645072937 1.0
0.7627118825912476 0.8813559412956238 1.0
0.7627118825912476 0.8983050584793091 1.0
0.7627118825912476 0.9152542352676392 1.0
0.7627118825912476 0.9322034120559692 1.0
0.7627118825912476 0.9491525292396545 1.0
0.7627118825912476 0.9661017060279846 1.0
0.7627118825912476 0.9830508232116699 1.0
0.7627118825912476 1.0 1.0
0.7796609997749329 0.0 1.0
0.7796609997749329 0.016949152573943138 1.0
0.7796609997749329 0.033898305147886276 1.0
0.7796609997749329 0.050847455859184265 1.0
0.7796609997749329 0.06779661029577255 1.0
0.7796609997749329 0.08474576473236084 1.0
0.7796609997749329 0.10169491171836853 1.0
0.7796609997749329 0.11864406615495682 1.0
0.7796609997749329 0.1355932205915451 1.0
0.7796609997749329 0.1525423675775528 1.0
0.7796609997749329 0.16949152946472168 1.0
0.7796609997749329 0.18644067645072937 1.0
0.7796609997749329 0.20338982343673706 1.0
0.7796609997749329 0.22033898532390594 1.0
0.7796609997749329 0.23728813230991364 1.0
0.7796609997749329 0.2542372941970825 1.0
0.7796609997749329 0.2711864411830902 1.0
0.7796609997749329 0.2881355881690979 1.0
0.7796609997749329 0.3050847351551056 1.0
0.7796609997749329 0.32203391194343567 1.0
0.7796609997749329 0.33898305892944336 1.0
0.7796609997749329 0.35593220591545105 1.0
0.7796609997749329 0.37288135290145874 1.0
0.7796609997749329 0.38983049988746643 1.0
0.7796609997749329 0.4067796468734741 1.0
0.7796609997749329 0.4237288236618042 1.0
0.7796609997749329 0.4406779706478119 1.0
0.7796609997749329 0.4576271176338196 1.0
0.7796609997749329 0.47457626461982727 1.0
0.7796609997749329 0.49152541160583496 1.0
0.7796609997749329 0.508474588394165 1.0
0.7796609997749329 0.5254237055778503 1.0
0.7796609997749329 0.5423728823661804 1.0
0.7796609997749329 0.5593220591545105 1.0
0.7796609997749329 0.5762711763381958 1.0
0.7796609997749329 0.5932203531265259 1.0
0.7796609997749329 0.6101694703102112 1.0
0.7796609997749329 0.6271186470985413 1.0
0.7796609997749329 0.6440678238868713 1.0
0.7796609997749329 0.6610169410705566 1.0
0.7796609997749329 0.6779661178588867 1.0
0.7796609997749329 0.694915235042572 1.0
0.7796609997749329 0.7118644118309021 1.0
0.7796609997749329 0.7288135886192322 1.0
0.7796609997749329 0.7457627058029175 1.0
0.7796609997749329 0.7627118825912476 1.0
0.7796609997749329 0.7796609997749329 1.0
0.7796609997749329 0.7966101765632629 1.0
0.7796609997749329 0.8135592937469482 1.0
0.7796609997749329 0.8305084705352783 1.0
0.7796609997749329 0.8474576473236084 1.0
0.7796609997749329 0.8644067645072937 1.0
0.7796609997749329 0.8813559412956238 1.0
0.7796609997749329 0.8983050584793091 1.0
0.7796609997749329 0.9152542352676392 1.0
0.7796609997749329 0.9322034120559692 1.0
0.7796609997749329 0.9491525292396545 1.0
0.7796609997749329 0.9661017060279846 1.0
0.7796609997749329 0.9830508232116699 1.0
0.7796609997749329 1.0 1.0
0.7966101765632629 0.0 1.0
0.7966101765632629 0.016949152573943138 1.0
0.7966101765632629 0.033898305147886276 1.0
0.7966101765632629 0.050847455859184265 1.0
0.7966101765632629 0.06779661029577255 1.0
0.7966101765632629 0.08474576473236084 1.0
0.7966101765632629 0.10169491171836853 1.0
0.7966101765632629 0.11864406615495682 1.0
0.7966101765632629 0.1355932205915451 1.0
0.7966101765632629 0.1525423675775528 1.0
0.7966101765632629 0.16949152946472168 1.0
0.7966101765632629 0.18644067645072937 1.0
0.7966101765632629 0.20338982343673706 1.0
0.7966101765632629 0.22033898532390594 1.0
0.7966101765632629 0.23728813230991364 1.0
0.7966101765632629 0.2542372941970825 1.0
0.7966101765632629 0.2711864411830902 1.0
0.7966101765632629 0.2881355881690979 1.0
0.7966101765632629 0.3050847351551056 1.0
0.7966101765632629 0.32203391194343567 1.0
0.7966101765632629 0.33898305892944336 1.0
0.7966101765632629 0.35593220591545105 1.0
0.7966101765632629 0.37288135290145874 1.0
0.7966101765632629 0.38983049988746643 1.0
0.7966101765632629 0.4067796468734741 1.0
0.7966101765632629 0.4237288236618042 1.0
0.7966101765632629 0.4406779706478119 1.0
0.7966101765632629 0.4576271176338196 1.0
0.7966101765632629 0.47457626461982727 1.0
0.7966101765632629 0.49152541160583496 1.0
0.7966101765632629 0.508474588394165 1.0
0.7966101765632629 0.5254237055778503 1.0
0.7966101765632629 0.5423728823661804 1.0
0.7966101765632629 0.5593220591545105 1.0
0.7966101765632629 0.5762711763381958 1.0
0.7966101765632629 0.5932203531265259 1.0
0.7966101765632629 0.6101694703102112 1.0
0.7966101765632629 0.6271186470985413 1.0
0.7966101765632629 0.6440678238868713 1.0
0.7966101765632629 0.6610169410705566 1.0
0.7966101765632629 0.6779661178588867 1.0
0.7966101765632629 0.694915235042572 1.0
0.7966101765632629 0.7118644118309021 1.0
0.7966101765632629 0.7288135886192322 1.0
0.7966101765632629 0.7457627058029175 1.0
0.7966101765632629 0.7627118825912476 1.0
0.7966101765632629 0.7796609997749329 1.0
0.7966101765632629 0.7966101765632629 1.0
0.7966101765632629 0.8135592937469482 1.0
0.7966101765632629 0.8305084705352783 1.0
0.7966101765632629 0.8474576473236084 1.0
0.7966101765632629 0.8644067645072937 1.0
0.7966101765632629 0.8813559412956238 1.0
0.7966101765632629 0.8983050584793091 1.0
0.7966101765632629 0.9152542352676392 1.0
0.7966101765632629 0.9322034120559692 1.0
0.7966101765632629 0.9491525292396545 1.0
0.7966101765632629 0.9661017060279846 1.0
0.7966101765632629 0.9830508232116699 1.0
0.7966101765632629 1.0 1.0
0.8135592937469482 0.0 1.0
0.8135592937469482 0.016949152573943138 1.0
0.8135592937469482 0.033898305147886276 1.0
0.8135592937469482 0.050847455859184265 1.0
0.8135592937469482 0.06779661029577255 1.0
0.8135592937469482 0.08474576473236084 1.0
0.8135592937469482 0.10169491171836853 1.0
0.8135592937469482 0.11864406615495682 1.0
0.8135592937469482 0.1355932205915451 1.0
0.8135592937469482 0.1525423675775528 1.0
0.8135592937469482 0.16949152946472168 1.0
0.8135592937469482 0.18644067645072937 1.0
0.8135592937469482 0.20338982343673706 1.0
0.8135592937469482 0.22033898532390594 1.0
0.8135592937469482 0.23728813230991364 1.0
0.8135592937469482 0.2542372941970825 1.0
0.8135592937469482 0.2711864411830902 1.0
0.8135592937469482 0.2881355881690979 1.0
0.8135592937469482 0.3050847351551056 1.0
0.8135592937469482 0.32203391194343567 1.0
0.8135592937469482 0.33898305892944336 1.0
0.8135592937469482 0.35593220591545105 1.0
0.8135592937469482 0.37288135290145874 1.0
0.8135592937469482 0.38983049988746643 1.0
0.8135592937469482 0.4067796468734741 1.0
0.8135592937469482 0.4237288236618042 1.0
0.8135592937469482 0.4406779706478119 1.0
0.8135592937469482 0.4576271176338196 1.0
0.8135592937469482 0.47457626461982727 1.0
0.8135592937469482 0.49152541160583496 1.0
0.8135592937469482 0.508474588394165 1.0
0.8135592937469482 0.5254237055778503 1.0
0.8135592937469482 0.5423728823661804 1.0
0.8135592937469482 0.5593220591545105 1.0
0.8135592937469482 0.5762711763381958 1.0
0.8135592937469482 0.5932203531265259 1.0
0.8135592937469482 0.6101694703102112 1.0
0.8135592937469482 0.6271186470985413 1.0
0.8135592937469482 0.6440678238868713 1.0
0.8135592937469482 0.6610169410705566 1.0
0.8135592937469482 0.6779661178588867 1.0
0.8135592937469482 0.694915235042572 1.0
0.8135592937469482 0.7118644118309021 1.0
0.8135592937469482 0.7288135886192322 1.0
0.8135592937469482 0.7457627058029175 1.0
0.8135592937469482 0.7627118825912476 1.0
0.8135592937469482 0.7796609997749329 1.0
0.8135592937469482 0.7966101765632629 1.0
0.8135592937469482 0.8135592937469482 1.0
0.8135592937469482 0.8305084705352783 1.0
0.8135592937469482 0.8474576473236084 1.0
0.8135592937469482 0.8644067645072937 1.0
0.8135592937469482 0.8813559412956238 1.0
0.8135592937469482 0.8983050584793091 1.0
0.8135592937469482 0.9152542352676392 1.0
0.8135592937469482 0.9322034120559692 1.0
0.8135592937469482 0.9491525292396545 1.0
0.8135592937469482 0.9661017060279846 1.0
0.8135592937469482 0.9830508232116699 1.0
0.8135592937469482 1.0 1.0
0.8305084705352783 0.0 1.0
0.8305084705352783 0.016949152573943138 1.0
0.8305084705352783 0.033898305147886276 1.0
0.8305084705352783 0.050847455859184265 1.0
0.8305084705352783 0.06779661029577255 1.0
0.8305084705352783 0.08474576473236084 1.0
0.8305084705352783 0.10169491171836853 1.0
0.8305084705352783 0.11864406615495682 1.0
0.8305084705352783 0.1355932205915451 1.0
0.8305084705352783 0.1525423675775528 1.0
0.8305084705352783 0.16949152946472168 1.0
0.8305084705352783 0.18644067645072937 1.0
0.8305084705352783 0.20338982343673706 1.0
0.8305084705352783 0.22033898532390594 1.0
0.8305084705352783 0.23728813230991364 1.0
0.8305084705352783 0.2542372941970825 1.0
0.8305084705352783 0.2711864411830902 1.0
0.8305084705352783 0.2881355881690979 1.0
0.8305084705352783 0.3050847351551056 1.0
0.8305084705352783 0.32203391194343567 1.0
0.8305084705352783 0.33898305892944336 1.0
0.8305084705352783 0.35593220591545105 1.0
0.8305084705352783 0.37288135290145874 1.0
0.8305084705352783 0.38983049988746643 1.0
0.8305084705352783 0.4067796468734741 1.0
0.8305084705352783 0.4237288236618042 1.0
0.8305084705352783 0.4406779706478119 1.0
0.8305084705352783 0.4576271176338196 1.0
0.8305084705352783 0.47457626461982727 1.0
0.8305084705352783 0.49152541160583496 1.0
0.8305084705352783 0.508474588394165 1.0
0.8305084705352783 0.5254237055778503 1.0
0.8305084705352783 0.5423728823661804 1.0
0.8305084705352783 0.5593220591545105 1.0
0.8305084705352783 0.5762711763381958 1.0
0.8305084705352783 0.5932203531265259 1.0
0.8305084705352783 0.6101694703102112 1.0
0.8305084705352783 0.6271186470985413 1.0
0.8305084705352783 0.6440678238868713 1.0
0.8305084705352783 0.6610169410705566 1.0
0.8305084705352783 0.6779661178588867 1.0
0.8305084705352783 0.694915235042572 1.0
0.8305084705352783 0.7118644118309021 1.0
0.8305084705352783 0.7288135886192322 1.0
0.8305084705352783 0.7457627058029175 1.0
0.8305084705352783 0.7627118825912476 1.0
0.8305084705352783 0.7796609997749329 1.0
0.8305084705352783 0.7966101765632629 1.0
0.8305084705352783 0.8135592937469482 1.0
0.8305084705352783 0.8305084705352783 1.0
0.8305084705352783 0.8474576473236084 1.0
0.8305084705352783 0.8644067645072937 1.0
0.8305084705352783 0.8813559412956238 1.0
0.8305084705352783 0.8983050584793091 1.0
0.8305084705352783 0.9152542352676392 1.0
0.8305084705352783 0.9322034120559692 1.0
0.8305084705352783 0.9491525292396545 1.0
0.8305084705352783 0.9661017060279846 1.0
0.8305084705352783 0.9830508232116699 1.0
0.8305084705352783 1.0 1.0
0.8474576473236084 0.0 1.0
0.8474576473236084 0.016949152573943138 1.0
0.8474576473236084 0.033898305147886276 1.0
0.8474576473236084 0.050847455859184265 1.0
0.8474576473236084 0.06779661029577255 1.0
0.8474576473236084 0.08474576473236084 1.0
0.8474576473236084 0.10169491171836853 1.0
0.8474576473236084 0.11864406615495682 1.0
0.8474576473236084 0.1355932205915451 1.0
0.8474576473236084 0.1525423675775528 1.0
0.8474576473236084 0.16949152946472168 1.0
0.8474576473236084 0.18644067645072937 1.0
0.8474576473236084 0.20338982343673706 1.0
0.8474576473236084 0.22033898532390594 1.0
0.8474576473236084 0.23728813230991364 1.0
0.8474576473236084 0.2542372941970825 1.0
0.8474576473236084 0.2711864411830902 1.0
0.8474576473236084 0.2881355881690979 1.0
0.8474576473236084 0.3050847351551056 1.0
0.8474576473236084 0.32203391194343567 1.0
0.8474576473236084 0.33898305892944336 1.0
0.8474576473236084 0.35593220591545105 1.0
0.8474576473236084 0.37288135290145874 1.0
0.8474576473236084 0.38983049988746643 1.0
0.8474576473236084 0.4067796468734741 1.0
0.8474576473236084 0.4237288236618042 1.0
0.8474576473236084 0.4406779706478119 1.0
0.8474576473236084 0.4576271176338196 1.0
0.8474576473236084 0.47457626461982727 1.0
0.8474576473236084 0.49152541160583496 1.0
0.8474576473236084 0.508474588394165 1.0
0.8474576473236084 0.5254237055778503 1.0
0.8474576473236084 0.5423728823661804 1.0
0.8474576473236084 0.5593220591545105 1.0
0.8474576473236084 0.5762711763381958 1.0
0.8474576473236084 0.5932203531265259 1.0
0.8474576473236084 0.6101694703102112 1.0
0.8474576473236084 0.6271186470985413 1.0
0.8474576473236084 0.6440678238868713 1.0
0.8474576473236084 0.6610169410705566 1.0
0.8474576473236084 0.6779661178588867 1.0
0.8474576473236084 0.694915235042572 1.0
0.8474576473236084 0.7118644118309021 1.0
0.8474576473236084 0.7288135886192322 1.0
0.8474576473236084 0.7457627058029175 1.0
0.8474576473236084 0.7627118825912476 1.0
0.8474576473236084 0.7796609997749329 1.0
0.8474576473236084 0.7966101765632629 1.0
0.8474576473236084 0.8135592937469482 1.0
0.8474576473236084 0.8305084705352783 1.0
0.8474576473236084 0.8474576473236084 1.0
0.8474576473236084 0.8644067645072937 1.0
0.8474576473236084 0.8813559412956238 1.0
0.8474576473236084 0.8983050584793091 1.0
0.8474576473236084 0.9152542352676392 1.0
0.8474576473236084 0.9322034120559692 1.0
0.8474576473236084 0.9491525292396545 1.0
0.8474576473236084 0.9661017060279846 1.0
0.8474576473236084 0.9830508232116699 1.0
0.8474576473236084 1.0 1.0
0.8644067645072937 0.0 1.0
0.8644067645072937 0.016949152573943138 1.0
0.8644067645072937 0.033898305147886276 1.0
0.8644067645072937 0.050847455859184265 1.0
0.8644067645072937 0.06779661029577255 1.0
0.8644067645072937 0.08474576473236084 1.0
0.8644067645072937 0.10169491171836853 1.0
0.8644067645072937 0.11864406615495682 1.0
0.8644067645072937 0.1355932205915451 1.0
0.8644067645072937 0.1525423675775528 1.0
0.8644067645072937 0.16949152946472168 1.0
0.8644067645072937 0.18644067645072937 1.0
0.8644067645072937 0.20338982343673706 1.0
0.8644067645072937 0.22033898532390594 1.0
0.8644067645072937 0.23728813230991364 1.0
0.8644067645072937 0.2542372941970825 1.0
0.8644067645072937 0.2711864411830902 1.0
0.8644067645072937 0.2881355881690979 1.0
0.8644067645072937 0.3050847351551056 1.0
0.8644067645072937 0.32203391194343567 1.0
0.8644067645072937 0.33898305892944336 1.0
0.8644067645072937 0.35593220591545105 1.0
0.8644067645072937 0.37288135290145874 1.0
0.8644067645072937 0.38983049988746643 1.0
0.8644067645072937 0.4067796468734741 1.0
0.8644067645072937 0.4237288236618042 1.0
0.8644067645072937 0.4406779706478119 1.0
0.8644067645072937 0.4576271176338196 1.0
0.8644067645072937 0.47457626461982727 1.0
0.8644067645072937 0.49152541160583496 1.0
0.8644067645072937 0.508474588394165 1.0
0.8644067645072937 0.5254237055778503 1.0
0.8644067645072937 0.5423728823661804 1.0
0.8644067645072937 0.5593220591545105 1.0
0.8644067645072937 0.5762711763381958 1.0
0.8644067645072937 0.5932203531265259 1.0
0.8644067645072937 0.6101694703102112 1.0
0.8644067645072937 0.6271186470985413 1.0
0.8644067645072937 0.6440678238868713 1.0
0.8644067645072937 0.6610169410705566 1.0
0.8644067645072937 0.6779661178588867 1.0
0.8644067645072937 0.694915235042572 1.0
0.8644067645072937 0.7118644118309021 1.0
0.8644067645072937 0.7288135886192322 1.0
0.8644067645072937 0.7457627058029175 1.0
0.8644067645072937 0.7627118825912476 1.0
0.8644067645072937 0.7796609997749329 1.0
0.8644067645072937 0.7966101765632629 1.0
0.8644067645072937 0.8135592937469482 1.0
0.8644067645072937 0.8305084705352783 1.0
0.8644067645072937 0.8474576473236084 1.0
0.8644067645072937 0.8644067645072937 1.0
0.8644067645072937 0.8813559412956238 1.0
0.8644067645072937 0.8983050584793091 1.0
0.8644067645072937 0.9152542352676392 1.0
0.8644067645072937 0.9322034120559692 1.0
0.8644067645072937 0.9491525292396545 1.0
0.8644067645072937 0.9661017060279846 1.0
0.8644067645072937 0.9830508232116699 1.0
0.8644067645072937 1.0 1.0
0.8813559412956238 0.0 1.0
0.8813559412956238 0.016949152573943138 1.0
0.8813559412956238 0.033898305147886276 1.0
0.8813559412956238 0.050847455859184265 1.0
0.8813559412956238 0.06779661029577255 1.0
0.8813559412956238 0.08474576473236084 1.0
0.8813559412956238 0.10169491171836853 1.0
0.8813559412956238 0.11864406615495682 1.0
0.8813559412956238 0.1355932205915451 1.0
0.8813559412956238 0.1525423675775528 1.0
0.8813559412956238 0.16949152946472168 1.0
0.8813559412956238 0.18644067645072937 1.0
0.8813559412956238 0.20338982343673706 1.0
0.8813559412956238 0.22033898532390594 1.0
0.8813559412956238 0.23728813230991364 1.0
0.8813559412956238 0.2542372941970825 1.0
0.8813559412956238 0.2711864411830902 1.0
0.8813559412956238 0.2881355881690979 1.0
0.8813559412956238 0.3050847351551056 1.0
0.8813559412956238 0.32203391194343567 1.0
0.8813559412956238 0.33898305892944336 1.0
0.8813559412956238 0.35593220591545105 1.0
0.8813559412956238 0.37288135290145874 1.0
0.8813559412956238 0.38983049988746643 1.0
0.8813559412956238 0.4067796468734741 1.0
0.8813559412956238 0.4237288236618042 1.0
0.8813559412956238 0.4406779706478119 1.0
0.8813559412956238 0.4576271176338196 1.0
0.8813559412956238 0.47457626461982727 1.0
0.8813559412956238 0.49152541160583496 1.0
0.8813559412956238 0.508474588394165 1.0
0.8813559412956238 0.5254237055778503 1.0
0.8813559412956238 0.5423728823661804 1.0
0.8813559412956238 0.5593220591545105 1.0
0.8813559412956238 0.5762711763381958 1.0
0.8813559412956238 0.5932203531265259 1.0
0.8813559412956238 0.6101694703102112 1.0
0.8813559412956238 0.6271186470985413 1.0
0.8813559412956238 0.6440678238868713 1.0
0.8813559412956238 0.6610169410705566 1.0
0.8813559412956238 0.6779661178588867 1.0
0.8813559412956238 0.694915235042572 1.0
0.8813559412956238 0.7118644118309021 1.0
0.8813559412956238 0.7288135886192322 1.0
0.8813559412956238 0.7457627058029175 1.0
0.8813559412956238 0.7627118825912476 1.0
0.8813559412956238 0.7796609997749329 1.0
0.8813559412956238 0.7966101765632629 1.0
0.8813559412956238 0.8135592937469482 1.0
0.8813559412956238 0.8305084705352783 1.0
0.8813559412956238 0.8474576473236084 1.0
0.8813559412956238 0.8644067645072937 1.0
0.8813559412956238 0.8813559412956238 1.0
0.8813559412956238 0.8983050584793091 1.0
0.8813559412956238 0.9152542352676392 1.0
0.8813559412956238 0.9322034120559692 1.0
0.8813559412956238 0.9491525292396545 1.0
0.8813559412956238 0.9661017060279846 1.0
0.8813559412956238 0.9830508232116699 1.0
0.8813559412956238 1.0 1.0
0.8983050584793091 0.0 1.0
0.8983050584793091 0.016949152573943138 1.0
0.8983050584793091 0.033898305147886276 1.0
0.8983050584793091 0.050847455859184265 1.0
0.8983050584793091 0.06779661029577255 1.0
0.8983050584793091 0.08474576473236084 1.0
0.8983050584793091 0.10169491171836853 1.0
0.8983050584793091 0.11864406615495682 1.0
0.8983050584793091 0.1355932205915451 1.0
0.8983050584793091 0.1525423675775528 1.0
0.8983050584793091 0.16949152946472168 1.0
0.8983050584793091 0.18644067645072937 1.0
0.8983050584793091 0.20338982343673706 1.0
0.8983050584793091 0.22033898532390594 1.0
0.8983050584793091 0.23728813230991364 1.0
0.8983050584793091 0.2542372941970825 1.0
0.8983050584793091 0.2711864411830902 1.0
0.8983050584793091 0.2881355881690979 1.0
0.8983050584793091 0.3050847351551056 1.0
0.8983050584793091 0.32203391194343567 1.0
0.8983050584793091 0.33898305892944336 1.0
0.8983050584793091 0.35593220591545105 1.0
0.8983050584793091 0.37288135290145874 1.0
0.8983050584793091 0.38983049988746643 1.0
0.8983050584793091 0.4067796468734741 1.0
0.8983050584793091 0.4237288236618042 1.0
0.8983050584793091 0.4406779706478119 1.0
0.8983050584793091 0.4576271176338196 1.0
0.8983050584793091 0.47457626461982727 1.0
0.8983050584793091 0.49152541160583496 1.0
0.8983050584793091 0.508474588394165 1.0
0.8983050584793091 0.5254237055778503 1.0
0.8983050584793091 0.5423728823661804 1.0
0.8983050584793091 0.5593220591545105 1.0
0.8983050584793091 0.5762711763381958 1.0
0.8983050584793091 0.5932203531265259 1.0
0.8983050584793091 0.6101694703102112 1.0
0.8983050584793091 0.6271186470985413 1.0
0.8983050584793091 0.6440678238868713 1.0
0.8983050584793091 0.6610169410705566 1.0
0.8983050584793091 0.6779661178588867 1.0
0.8983050584793091 0.694915235042572 1.0
0.8983050584793091 0.7118644118309021 1.0
0.8983050584793091 0.7288135886192322 1.0
0.8983050584793091 0.7457627058029175 1.0
0.8983050584793091 0.7627118825912476 1.0
0.8983050584793091 0.7796609997749329 1.0
0.8983050584793091 0.7966101765632629 1.0
0.8983050584793091 0.8135592937469482 1.0
0.8983050584793091 0.8305084705352783 1.0
0.8983050584793091 0.8474576473236084 1.0
0.8983050584793091 0.8644067645072937 1.0
0.8983050584793091 0.8813559412956238 1.0
0.8983050584793091 0.8983050584793091 1.0
0.8983050584793091 0.9152542352676392 1.0
0.8983050584793091 0.9322034120559692 1.0
0.8983050584793091 0.9491525292396545 1.0
0.8983050584793091 0.9661017060279846 1.0
0.8983050584793091 0.9830508232116699 1.0
0.8983050584793091 1.0 1.0
0.9152542352676392 0.0 1.0
0.9152542352676392 0.016949152573943138 1.0
0.9152542352676392 0.033898305147886276 1.0
0.9152542352676392 0.050847455859184265 1.0
0.9152542352676392 0.06779661029577255 1.0
0.9152542352676392 0.08474576473236084 1.0
0.9152542352676392 0.10169491171836853 1.0
0.9152542352676392 0.11864406615495682 1.0
0.9152542352676392 0.1355932205915451 1.0
0.9152542352676392 0.1525423675775528 1.0
0.9152542352676392 0.16949152946472168 1.0
0.9152542352676392 0.18644067645072937 1.0
0.9152542352676392 0.20338982343673706 1.0
0.9152542352676392 0.22033898532390594 1.0
0.9152542352676392 0.23728813230991364 1.0
0.9152542352676392 0.2542372941970825 1.0
0.9152542352676392 0.2711864411830902 1.0
0.9152542352676392 0.2881355881690979 1.0
0.9152542352676392 0.3050847351551056 1.0
0.9152542352676392 0.32203391194343567 1.0
0.9152542352676392 0.33898305892944336 1.0
0.9152542352676392 0.35593220591545105 1.0
0.9152542352676392 0.37288135290145874 1.0
0.9152542352676392 0.38983049988746643 1.0
0.9152542352676392 0.4067796468734741 1.0
0.9152542352676392 0.4237288236618042 1.0
0.9152542352676392 0.4406779706478119 1.0
0.9152542352676392 0.4576271176338196 1.0
0.9152542352676392 0.47457626461982727 1.0
0.9152542352676392 0.49152541160583496 1.0
0.9152542352676392 0.508474588394165 1.0
0.9152542352676392 0.5254237055778503 1.0
0.9152542352676392 0.5423728823661804 1.0
0.9152542352676392 0.5593220591545105 1.0
0.9152542352676392 0.5762711763381958 1.0
0.9152542352676392 0.5932203531265259 1.0
0.9152542352676392 0.6101694703102112 1.0
0.9152542352676392 0.6271186470985413 1.0
0.9152542352676392 0.6440678238868713 1.0
0.9152542352676392 0.6610169410705566 1.0
0.9152542352676392 0.6779661178588867 1.0
0.9152542352676392 0.694915235042572 1.0
0.9152542352676392 0.7118644118309021 1.0
0.9152542352676392 0.7288135886192322 1.0
0.9152542352676392 0.7457627058029175 1.0
0.9152542352676392 0.7627118825912476 1.0
0.9152542352676392 0.7796609997749329 1.0
0.9152542352676392 0.7966101765632629 1.0
0.9152542352676392 0.8135592937469482 1.0
0.9152542352676392 0.8305084705352783 1.0
0.9152542352676392 0.8474576473236084 1.0
0.9152542352676392 0.8644067645072937 1.0
0.9152542352676392 0.8813559412956238 1.0
0.9152542352676392 0.8983050584793091 1.0
0.9152542352676392 0.9152542352676392 1.0
0.9152542352676392 0.9322034120559692 1.0
0.9152542352676392 0.9491525292396545 1.0
0.9152542352676392 0.9661017060279846 1.0
0.9152542352676392 0.9830508232116699 1.0
0.9152542352676392 1.0 1.0
0.9322034120559692 0.0 1.0
0.9322034120559692 0.016949152573943138 1.0
0.9322034120559692 0.033898305147886276 1.0
0.9322034120559692 0.050847455859184265 1.0
0.9322034120559692 0.06779661029577255 1.0
0.9322034120559692 0.08474576473236084 1.0
0.9322034120559692 0.10169491171836853 1.0
0.9322034120559692 0.11864406615495682 1.0
0.9322034120559692 0.1355932205915451 1.0
0.9322034120559692 0.1525423675775528 1.0
0.9322034120559692 0.16949152946472168 1.0
0.9322034120559692 0.18644067645072937 1.0
0.9322034120559692 0.20338982343673706 1.0
0.9322034120559692 0.22033898532390594 1.0
0.9322034120559692 0.23728813230991364 1.0
0.9322034120559692 0.2542372941970825 1.0
0.9322034120559692 0.2711864411830902 1.0
0.9322034120559692 0.2881355881690979 1.0
0.9322034120559692 0.3050847351551056 1.0
0.9322034120559692 0.32203391194343567 1.0
0.9322034120559692 0.33898305892944336 1.0
0.9322034120559692 0.35593220591545105 1.0
0.9322034120559692 0.37288135290145874 1.0
0.9322034120559692 0.38983049988746643 1.0
0.9322034120559692 0.4067796468734741 1.0
0.9322034120559692 0.4237288236618042 1.0
0.9322034120559692 0.4406779706478119 1.0
0.9322034120559692 0.4576271176338196 1.0
0.9322034120559692 0.47457626461982727 1.0
0.9322034120559692 0.49152541160583496 1.0
0.9322034120559692 0.508474588394165 1.0
0.9322034120559692 0.5254237055778503 1.0
0.9322034120559692 0.5423728823661804 1.0
0.9322034120559692 0.5593220591545105 1.0
0.9322034120559692 0.5762711763381958 1.0
0.9322034120559692 0.5932203531265259 1.0
0.9322034120559692 0.6101694703102112 1.0
0.9322034120559692 0.6271186470985413 1.0
0.9322034120559692 0.6440678238868713 1.0
0.9322034120559692 0.6610169410705566 1.0
0.9322034120559692 0.6779661178588867 1.0
0.9322034120559692 0.694915235042572 1.0
0.9322034120559692 0.7118644118309021 1.0
0.9322034120559692 0.7288135886192322 1.0
0.9322034120559692 0.7457627058029175 1.0
0.9322034120559692 0.7627118825912476 1.0
0.9322034120559692 0.7796609997749329 1.0
0.9322034120559692 0.7966101765632629 1.0
0.9322034120559692 0.8135592937469482 1.0
0.9322034120559692 0.8305084705352783 1.0
0.9322034120559692 0.8474576473236084 1.0
0.9322034120559692 0.8644067645072937 1.0
0.9322034120559692 0.8813559412956238 1.0
0.9322034120559692 0.8983050584793091 1.0
0.9322034120559692 0.9152542352676392 1.0
0.9322034120559692 0.9322034120559692 1.0
0.9322034120559692 0.9491525292396545 1.0
0.9322034120559692 0.9661017060279846 1.0
0.9322034120559692 0.9830508232116699 1.0
0.9322034120559692 1.0 1.0
0.9491525292396545 0.0 1.0
0.9491525292396545 0.016949152573943138 1.0
0.9491525292396545 0.033898305147886276 1.0
0.9491525292396545 0.050847455859184265 1.0
0.9491525292396545 0.06779661029577255 1.0
0.9491525292396545 0.08474576473236084 1.0
0.9491525292396545 0.10169491171836853 1.0
0.9491525292396545 0.11864406615495682 1.0
0.9491525292396545 0.1355932205915451 1.0
0.9491525292396545 0.1525423675775528 1.0
0.9491525292396545 0.16949152946472168 1.0
0.9491525292396545 0.18644067645072937 1.0
0.9491525292396545 0.20338982343673706 1.0
0.9491525292396545 0.22033898532390594 1.0
0.9491525292396545 0.23728813230991364 1.0
0.9491525292396545 0.2542372941970825 1.0
0.9491525292396545 0.2711864411830902 1.0
0.9491525292396545 0.2881355881690979 1.0
0.9491525292396545 0.3050847351551056 1.0
0.9491525292396545 0.32203391194343567 1.0
0.9491525292396545 0.33898305892944336 1.0
0.9491525292396545 0.35593220591545105 1.0
0.9491525292396545 0.37288135290145874 1.0
0.9491525292396545 0.38983049988746643 1.0
0.9491525292396545 0.4067796468734741 1.0
0.9491525292396545 0.4237288236618042 1.0
0.9491525292396545 0.4406779706478119 1.0
0.9491525292396545 0.4576271176338196 1.0
0.9491525292396545 0.47457626461982727 1.0
0.9491525292396545 0.49152541160583496 1.0
0.9491525292396545 0.508474588394165 1.0
0.9491525292396545 0.5254237055778503 1.0
0.9491525292396545 0.5423728823661804 1.0
0.9491525292396545 0.5593220591545105 1.0
0.9491525292396545 0.5762711763381958 1.0
0.9491525292396545 0.5932203531265259 1.0
0.9491525292396545 0.6101694703102112 1.0
0.9491525292396545 0.6271186470985413 1.0
0.9491525292396545 0.6440678238868713 1.0
0.9491525292396545 0.6610169410705566 1.0
0.9491525292396545 0.6779661178588867 1.0
0.9491525292396545 0.694915235042572 1.0
0.9491525292396545 0.7118644118309021 1.0
0.9491525292396545 0.7288135886192322 1.0
0.9491525292396545 0.7457627058029175 1.0
0.9491525292396545 0.7627118825912476 1.0
0.9491525292396545 0.7796609997749329 1.0
0.9491525292396545 0.7966101765632629 1.0
0.9491525292396545 0.8135592937469482 1.0
0.9491525292396545 0.8305084705352783 1.0
0.9491525292396545 0.8474576473236084 1.0
0.9491525292396545 0.8644067645072937 1.0
0.9491525292396545 0.8813559412956238 1.0
0.9491525292396545 0.8983050584793091 1.0
0.9491525292396545 0.9152542352676392 1.0
0.9491525292396545 0.9322034120559692 1.0
0.9491525292396545 0.9491525292396545 1.0
0.9491525292396545 0.9661017060279846 1.0
0.9491525292396545 0.9830508232116699 1.0
0.9491525292396545 1.0 1.0
0.9661017060279846 0.0 1.0
0.9661017060279846 0.016949152573943138 1.0
0.9661017060279846 0.033898305147886276 1.0
0.9661017060279846 0.050847455859184265 1.0
0.9661017060279846 0.06779661029577255 1.0
0.9661017060279846 0.08474576473236084 1.0
0.9661017060279846 0.10169491171836853 1.0
0.9661017060279846 0.11864406615495682 1.0
0.9661017060279846 0.1355932205915451 1.0
0.9661017060279846 0.1525423675775528 1.0
0.9661017060279846 0.16949152946472168 1.0
0.9661017060279846 0.18644067645072937 1.0
0.9661017060279846 0.20338982343673706 1.0
0.9661017060279846 0.22033898532390594 1.0
0.9661017060279846 0.23728813230991364 1.0
0.9661017060279846 0.2542372941970825 1.0
0.9661017060279846 0.2711864411830902 1.0
0.9661017060279846 0.2881355881690979 1.0
0.9661017060279846 0.3050847351551056 1.0
0.9661017060279846 0.32203391194343567 1.0
0.9661017060279846 0.33898305892944336 1.0
0.9661017060279846 0.35593220591545105 1.0
0.9661017060279846 0.37288135290145874 1.0
0.9661017060279846 0.38983049988746643 1.0
0.9661017060279846 0.4067796468734741 1.0
0.9661017060279846 0.4237288236618042 1.0
0.9661017060279846 0.4406779706478119 1.0
0.9661017060279846 0.4576271176338196 1.0
0.9661017060279846 0.47457626461982727 1.0
0.9661017060279846 0.49152541160583496 1.0
0.9661017060279846 0.508474588394165 1.0
0.9661017060279846 0.5254237055778503 1.0
0.9661017060279846 0.5423728823661804 1.0
0.9661017060279846 0.5593220591545105 1.0
0.9661017060279846 0.5762711763381958 1.0
0.9661017060279846 0.5932203531265259 1.0
0.9661017060279846 0.6101694703102112 1.0
0.9661017060279846 0.6271186470985413 1.0
0.9661017060279846 0.6440678238868713 1.0
0.9661017060279846 0.6610169410705566 1.0
0.9661017060279846 0.6779661178588867 1.0
0.9661017060279846 0.694915235042572 1.0
0.9661017060279846 0.7118644118309021 1.0
0.9661017060279846 0.7288135886192322 1.0
0.9661017060279846 0.7457627058029175 1.0
0.9661017060279846 0.7627118825912476 1.0
0.9661017060279846 0.7796609997749329 1.0
0.9661017060279846 0.7966101765632629 1.0
0.9661017060279846 0.8135592937469482 1.0
0.9661017060279846 0.8305084705352783 1.0
0.9661017060279846 0.8474576473236084 1.0
0.9661017060279846 0.8644067645072937 1.0
0.9661017060279846 0.8813559412956238 1.0
0.9661017060279846 0.8983050584793091 1.0
0.9661017060279846 0.9152542352676392 1.0
0.9661017060279846 0.9322034120559692 1.0
0.9661017060279846 0.9491525292396545 1.0
0.9661017060279846 0.9661017060279846 1.0
0.9661017060279846 0.9830508232116699 1.0
0.9661017060279846 1.0 1.0
0.9830508232116699 0.0 1.0
0.9830508232116699 0.016949152573943138 1.0
0.9830508232116699 0.033898305147886276 1.0
0.9830508232116699 0.050847455859184265 1.0
0.9830508232116699 0.06779661029577255 1.0
0.9830508232116699 0.08474576473236084 1.0
0.9830508232116699 0.10169491171836853 1.0
0.9830508232116699 0.11864406615495682 1.0
0.9830508232116699 0.1355932205915451 1.0
0.9830508232116699 0.1525423675775528 1.0
0.9830508232116699 0.16949152946472168 1.0
0.9830508232116699 0.18644067645072937 1.0
0.9830508232116699 0.20338982343673706 1.0
0.9830508232116699 0.22033898532390594 1.0
0.9830508232116699 0.23728813230991364 1.0
0.9830508232116699 0.2542372941970825 1.0
0.9830508232116699 0.2711864411830902 1.0
0.9830508232116699 0.2881355881690979 1.0
0.9830508232116699 0.3050847351551056 1.0
0.9830508232116699 0.32203391194343567 1.0
0.9830508232116699 0.33898305892944336 1.0
0.9830508232116699 0.35593220591545105 1.0
0.9830508232116699 0.37288135290145874 1.0
0.9830508232116699 0.38983049988746643 1.0
0.9830508232116699 0.4067796468734741 1.0
0.9830508232116699 0.4237288236618042 1.0
0.9830508232116699 0.4406779706478119 1.0
0.9830508232116699 0.4576271176338196 1.0
0.9830508232116699 0.47457626461982727 1.0
0.9830508232116699 0.49152541160583496 1.0
0.9830508232116699 0.508474588394165 1.0
0.9830508232116699 0.5254237055778503 1.0
0.9830508232116699 0.5423728823661804 1.0
0.9830508232116699 0.5593220591545105 1.0
0.9830508232116699 0.5762711763381958 1.0
0.9830508232116699 0.5932203531265259 1.0
0.9830508232116699 0.6101694703102112 1.0
0.9830508232116699 0.6271186470985413 1.0
0.9830508232116699 0.6440678238868713 1.0
0.9830508232116699 0.6610169410705566 1.0
0.9830508232116699 0.6779661178588867 1.0
0.9830508232116699 0.694915235042572 1.0
0.9830508232116699 0.7118644118309021 1.0
0.9830508232116699 0.7288135886192322 1.0
0.9830508232116699 0.7457627058029175 1.0
0.9830508232116699 0.7627118825912476 1.0
0.9830508232116699 0.7796609997749329 1.0
0.9830508232116699 0.7966101765632629 1.0
0.9830508232116699 0.8135592937469482 1.0
0.9830508232116699 0.8305084705352783 1.0
0.9830508232116699 0.8474576473236084 1.0
0.9830508232116699 0.8644067645072937 1.0
0.9830508232116699 0.8813559412956238 1.0
0.9830508232116699 0.8983050584793091 1.0
0.9830508232116699 0.9152542352676392 1.0
0.9830508232116699 0.9322034120559692 1.0
0.9830508232116699 0.9491525292396545 1.0
0.9830508232116699 0.9661017060279846 1.0
0.9830508232116699 0.9830508232116699 1.0
0.9830508232116699 1.0 1.0
1.0 0.0 1.0
1.0 0.016949152573943138 1.0
1.0 0.033898305147886276 1.0
1.0 0.050847455859184265 1.0
1.0 0.06779661029577255 1.0
1.0 0.08474576473236084 1.0
1.0 0.10169491171836853 1.0
1.0 0.11864406615495682 1.0
1.0 0.1355932205915451 1.0
1.0 0.1525423675775528 1.0
1.0 0.16949152946472168 1.0
1.0 0.18644067645072937 1.0
1.0 0.20338982343673706 1.0
1.0 0.22033898532390594 1.0
1.0 0.23728813230991364 1.0
1.0 0.2542372941970825 1.0
1.0 0.2711864411830902 1.0
1.0 0.2881355881690979 1.0
1.0 0.3050847351551056 1.0
1.0 0.32203391194343567 1.0
1.0 0.33898305892944336 1.0
1.0 0.35593220591545105 1.0
1.0 0.37288135290145874 1.0
1.0 0.38983049988746643 1.0
1.0 0.4067796468734741 1.0
1.0 0.4237288236618042 1.0
1.0 0.4406779706478119 1.0
1.0 0.4576271176338196 1.0
1.0 0.47457626461982727 1.0
1.0 0.49152541160583496 1.0
1.0 0.508474588394165 1.0
1.0 0.5254237055778503 1.0
1.0 0.5423728823661804 1.0
1.0 0.5593220591545105 1.0
1.0 0.5762711763381958 1.0
1.0 0.5932203531265259 1.0
1.0 0.6101694703102112 1.0
1.0 0.6271186470985413 1.0
1.0 0.6440678238868713 1.0
1.0 0.6610169410705566 1.0
1.0 0.6779661178588867 1.0
1.0 0.694915235042572 1.0
1.0 0.7118644118309021 1.0
1.0 0.7288135886192322 1.0
1.0 0.7457627058029175 1.0
1.0 0.7627118825912476 1.0
1.0 0.7796609997749329 1.0
1.0 0.7966101765632629 1.0
1.0 0.8135592937469482 1.0
1.0 0.8305084705352783 1.0
1.0 0.8474576473236084 1.0
1.0 0.8644067645072937 1.0
1.0 0.8813559412956238 1.0
1.0 0.8983050584793091 1.0
1.0 0.9152542352676392 1.0
1.0 0.9322034120559692 1.0
1.0 0.9491525292396545 1.0
1.0 0.9661017060279846 1.0
1.0 0.9830508232116699 1.0
1.0 1.0 1.0
3 0 60 61
3 0 61 1
3 1 61 62
3 1 62 2
3 2 62 63
3 2 63 3
3 3 63 64
3 3 64 4
3 4 64 65
3 4 65 5
3 5 65 66
3 5 66 6
3 6 66 67
3 6 67 7
3 7 67 68
3 7 68 8
3 8 68 69
3 8 69 9
3 9 69 70
3 9 70 10
3 10 70 71
3 10 71 11
3 11 71 72
3 11 72 12
3 12 72 73
3 12 73 13
3 13 73 74
3 13 74 14
3 14 74 75
3 14 75 15
3 15 75 76
3 15 76 16
3 16 76 77
3 16 77 17
3 17 77 78
3 17 78 18
3 18 78 79
3 18 79 19
3 19 79 80
3 19 80 20
3 20 80 81
3 20 81 21
3 21 81 82
3 21 82 22
3 22 82 83
3 22 83 23
3 23 83 84
3 23 84 24
3 24 84 85
3 24 85 25
3 25 85 86
3 25 86 26
3 26 86 87
3 26 87 27
3 27 87 88
3 27 88 28
3 28 88 89
3 28 89 29
3 29 89 90
3 29 90 30
3 30 90 91
3 30 91 31
3 31 91 92
3 31 92 32
3 32 92 93
3 32 93 33
3 33 93 94
3 33 94 34
3 34 94 95
3 34 95 35
3 35 95 96
3 35 96 36
3 36 96 97
3 36 97 37
3 37 97 98
3 37 98 38
3 38 98 99
3 38 99 39
3 39 99 100
3 39 100 40
3 40 100 101
3 40 101 41
3 41 101 102
3 41 102 42
3 42 102 103
3 42 103 43
3 43 103 104
3 43 104 44
3 44 104 105
3 44 105 45
3 45 105 106
3 45 106 46
3 46 106 107
3 46 107 47
3 47 107 108
3 47 108 48
3 48 108 109
3 48 109 49
3 49 109 110
3 49 110 50
3 50 110 111
3 50 111 51
3 51 111 112
3 51 112 52
3 52 112 113
3 52 113 53
3 53 113 114
3 53 114 54
3 54 114 115
3 54 115 55
3 55 115 116
3 55 116 56
3 56 116 117
3 56 117 57
3 57 117 118
3 57 118 58
3 58 118 119
3 58 119 59
3 60 120 121
3 60 121 61
3 61 121 122
3 61 122 62
3 62 122 123
3 62 123 63
3 63 123 124
3 63 124 64
3 64 124 125
3 64 125 65
3 65 125 126
3 65 126 66
3 66 126 127
3 66 127 67
3 67 127 128
3 67 128 68
3 68 128 129
3 68 129 69
3 69 129 130
3 69 130 70
3 70 130 131
3 70 131 71
3 71 131 132
3 71 132 72
3 72 132 133
3 72 133 73
3 73 133 134
3 73 134 74
3 74 134 135
3 74 135 75
3 75 135 136
3 75 136 76
3 76 136 137
3 76 137 77
3 77 137 138
3 77 138 78
3 78 138 139
3 78 139 79
3 79 139 140
3 79 140 80
3 80 140 141
3 80 141 81
3 81 141 142
3 81 142 82
3 82 142 143
3 82 143 83
3 83 143 144
3 83 144 84
3 84 144 145
3 84 145 85
3 85 145 146
3 85 146 86
3 86 146 147
3 86 147 87
3 87 147 148
3 87 148 88
3 88 148 149
3 88 149 89
3 89 149 150
3 89 150 90
3 90 150 151
3 90 151 91
3 91 151 152
3 91 152 92
3 92 152 153
3 92 153 93
3 93 153 154
3 93 154 94
3 94 154 155
3 94 155 95
3 95 155 156
3 95 156 96
3 96 156 157
3 96 157 97
3 97 157 158
3 97 158 98
3 98 158 159
3 98 159 99
3 99 159 160
3 99 160 100
3 100 160 161
3 100 161 101
3 101 161 162
3 101 162 102
3 102 162 163
3 102 163 103
3 103 163 164
3 103 164 104
3 104 164 165
3 104 165 105
3 105 165 166
3 105 166 106
3 106 166 167
3 106 167 107
3 107 167 168
3 107 168 108
3 108 168 169
3 108 169 109
3 109 169 170
3 109 170 110
3 110 170 171
3 110 171 111
3 111 171 172
3 111 172 112
3 112 172 173
3 112 173 113
3 113 173 174
3 113 174 114
3 114 174 175
3 114 175 115
3 115 175 176
3 115 176 116
3 116 176 177
3 116 177 117
3 117 177 178
3 117 178 118
3 118 178 179
3 118 179 119
3 120 180 181
3 120 181 121
3 121 181 182
3 121 182 122
3 122 182 183
3 122 183 123
3 123 183 184
3 123 184 124
3 124 184 185
3 124 185 125
3 125 185 186
3 125 186 126
3 126 186 187
3 126 187 127
3 127 187 188
3 127 188 128
3 128 188 189
3 128 189 129
3 129 189 190
3 129 190 130
3 130 190 191
3 130 191 131
3 131 191 192
3 131 192 132
3 132 192 193
3 132 193 133
3 133 193 194
3 133 194 134
3 134 194 195
3 134 195 135
3 135 195 196
3 135 196 136
3 136 196 197
3 136 197 137
3 137 197 198
3 137 198 138
3 138 198 199
3 138 199 139
3 139 199 200
3 139 200 140
3 140 200 201
3 140 201 141
3 141 201 202
3 141 202 142
3 142 202 203
3 142 203 143
3 143 203 204
3 143 204 144
3 144 204 205
3 144 205 145
3 145 205 206
3 145 206 146
3 146 206 207
3 146 207 147
3 147 207 208
3 147 208 148
3 148 208 209
3 148 209 149
3 149 209 210
3 149 210 150
3 150 210 211
3 150 211 151
3 151 211 212
3 151 212 152
3 152 212 213
3 152 213 153
3 153 213 214
3 153 214 154
3 154 214 215
3 154 215 155
3 155 215 216
3 155 216 156
3 156 216 217
3 156 217 157
3 157 217 218
3 157 218 158
3 158 218 219
3 158 219 159
3 159 219 220
3 159 220 160
3 160 220 221
3 160 221 161
3 161 221 222
3 161 222 162
3 162 222 223
3 162 223 163
3 163 223 224
3 163 224 164
3 164 224 225
3 164 225 165
3 165 225 226
3 165 226 166
3 166 226 227
3 166 227 167
3 167 227 228
3 167 228 168
3 168 228 229
3 168 229 169
3 169 229 230
3 169 230 170
3 170 230 231
3 170 231 171
3 171 231 232
3 171 232 172
3 172 232 233
3 172 233 173
3 173 233 234
3 173 234 174
3 174 234 235
3 174 235 175
3 175 235 236
3 175 236 176
3 176 236 237
3 176 237 177
3 177 237 238
3 177 238 178
3 178 238 239
3 178 239 179
3 180 240 241
3 180 241 181
3 181 241 242
3 181 242 182
3 182 242 243
3 182 243 183
3 183 243 244
3 183 244 184
3 184 244 245
3 184 245 185
3 185 245 246
3 185 246 186
3 186 246 247
3 186 247 187
3 187 247 248
3 187 248 188
3 188 248 249
3 188 249 189
3 189 249 250
3 189 250 190
3 190 250 251
3 190 251 191
3 191 251 252
3 191 252 192
3 192 252 253
3 192 253 193
3 193 253 254
3 193 254 194
3 194 254 255
3 194 255 195
3 195 255 256
3 195 256 196
3 196 256 257
3 196 257 197
3 197 257 258
3 197 258 198
3 198 258 259
3 198 259 199
3 199 259 260
3 199 260 200
3 200 260 261
3 200 261 201
3 201 261 262
3 201 262 202
3 202 262 263
3 202 263 203
3 203 263 264
3 203 264 204
3 204 264 265
3 204 265 205
3 205 265 266
3 205 266 206
3 206 266 267
3 206 267 207
3 207 267 268
3 207 268 208
3 208 268 269
3 208 269 209
3 209 269 270
3 209 270 210
3 210 270 271
3 210 271 211
3 211 271 272
3 211 272 212
3 212 272 273
3 212 273 213
3 213 273 274
3 213 274 214
3 214 274 275
3 214 275 215
3 215 275 276
3 215 276 216
3 216 276 277
3 216 277 217
3 217 277 278
3 217 278 218
3 218 278 279
3 218 279 219
3 219 279 280
3 219 280 220
3 220 280 281
3 220 281 221
3 221 281 282
3 221 282 222
3 222 282 283
3 222 283 223
3 223 283 284
3 223 284 224
3 224 284 285
3 224 285 225
3 225 285 286
3 225 286 226
3 226 286 287
3 226 287 227
3 227 287 288
3 227 288 228
3 228 288 289
3 228 289 229
3 229 289 290
3 229 290 230
3 230 290 291
3 230 291 231
3 231 291 292
3 231 292 232
3 232 292 293
3 232 293 233
3 233 293 294
3 233 294 234
3 234 294 295
3 234 295 235
3 235 295 296
3 235 296 236
3 236 296 297
3 236 297 237
3 237 297 298
3 237 298 238
3 238 298 299
3 238 299 239
3 240 300 301
3 240 301 241
3 241 301 302
3 241 302 242
3 242 302 303
3 242 303 243
3 243 303 304
3 243 304 244
3 244 304 305
3 244 305 245
3 245 305 306
3 245 306 246
3 246 306 307
3 246 307 247
3 247 307 308
3 247 308 248
3 248 308 309
3 248 309 249
3 249 309 310
3 249 310 250
3 250 310 311
3 250 311 251
3 251 311 312
3 251 312 252
3 252 312 313
3 252 313 253
3 253 313 314
3 253 314 254
3 254 314 315
3 254 315 255
3 255 315 316
3 255 316 256
3 256 316 317
3 256 317 257
3 257 317 318
3 257 318 258
3 258 318 319
3 258 319 259
3 259 319 320
3 259 320 260
3 260 320 321
3 260 321 261
3 261 321 322
3 261 322 262
3 262 322 323
3 262 323 263
3 263 323 324
3 263 324 264
3 264 324 325
3 264 325 265
3 265 325 326
3 265 326 266
3 266 326 327
3 266 327 267
3 267 327 328
3 267 328 268
3 268 328 329
3 268 329 269
3 269 329 330
3 269 330 270
3 270 330 331
3 270 331 271
3 271 331 332
3 271 332 272
3 272 332 333
3 272 333 273
3 273 333 334
3 273 334 274
3 274 334 335
3 274 335 275
3 275 335 336
3 275 336 276
3 276 336 337
3 276 337 277
3 277 337 338
3 277 338 278
3 278 338 339
3 278 339 279
3 279 339 340
3 279 340 280
3 280 340 341
3 280 341 281
3 281 341 342
3 281 342 282
3 282 342 343
3 282 343 283
3 283 343 344
3 283 344 284
3 284 344 345
3 284 345 285
3 285 345 346
3 285 346 286
3 286 346 347
3 286 347 287
3 287 347 348
3 287 348 288
3 288 348 349
3 288 349 289
3 289 349 350
3 289 350 290
3 290 350 351
3 290 351 291
3 291 351 352
3 291 352 292
3 292 352 353
3 292 353 293
3 293 353 354
3 293 354 294
3 294 354 355
3 294 355 295
3 295 355 356
3 295 356 296
3 296 356 357
3 296 357 297
3 297 357 358
3 297 358 298
3 298 358 359
3 298 359 299
3 300 360 361
3 300 361 301
3 301 361 362
3 301 362 302
3 302 362 363
3 302 363 303
3 303 363 364
3 303 364 304
3 304 364 365
3 304 365 305
3 305 365 366
3 305 366 306
3 306 366 367
3 306 367 307
3 307 367 368
3 307 368 308
3 308 368 369
3 308 369 309
3 309 369 370
3 309 370 310
3 310 370 371
3 310 371 311
3 311 371 372
3 311 372 312
3 312 372 373
3 312 373 313
3 313 373 374
3 313 374 314
3 314 374 375
3 314 375 315
3 315 375 376
3 315 376 316
3 316 376 377
3 316 377 317
3 317 377 378
3 317 378 318
3 318 378 379
3 318 379 319
3 319 379 380
3 319 380 320
3 320 380 381
3 320 381 321
3 321 381 382
3 321 382 322
3 322 382 383
3 322 383 323
3 323 383 384
3 323 384 324
3 324 384 385
3 324 385 325
3 325 385 386
3 325 386 326
3 326 386 387
3 326 387 327
3 327 387 388
3 327 388 328
3 328 388 389
3 328 389 329
3 329 389 390
3 329 390 330
3 330 390 391
3 330 391 331
3 331 391 392
3 331 392 332
3 332 392 393
3 332 393 333
3 333 393 394
3 333 394 334
3 334 394 395
3 334 395 335
3 335 395 396
3 335 396 336
3 336 396 397
3 336 397 337
3 337 397 398
3 337 398 338
3 338 398 399
3 338 399 339
3 339 399 400
3 339 400 340
3 340 400 401
3 340 401 341
3 341 401 402
3 341 402 342
3 342 402 403
3 342 403 343
3 343 403 404
3 343 404 344
3 344 404 405
3 344 405 345
3 345 405 406
3 345 406 346
3 346 406 407
3 346 407 347
3 347 407 408
3 347 408 348
3 348 408 409
3 348 409 349
3 349 409 410
3 349 410 350
3 350 410 411
3 350 411 351
3 351 411 412
3 351 412 352
3 352 412 413
3 352 413 353
3 353 413 414
3 353 414 354
3 354 414 415
3 354 415 355
3 355 415 416
3 355 416 356
3 356 416 417
3 356 417 357
3 357 417 418
3 357 418 358
3 358 418 419
3 358 419 359
3 360 420 421
3 360 421 361
3 361 421 422
3 361 422 362
3 362 422 423
3 362 423 363
3 363 423 424
3 363 424 364
3 364 424 425
3 364 425 365
3 365 425 426
3 365 426 366
3 366 426 427
3 366 427 367
3 367 427 428
3 367 428 368
3 368 428 429
3 368 429 369
3 369 429 430
3 369 430 370
3 370 430 431
3 370 431 371
3 371 431 432
3 371 432 372
3 372 432 433
3 372 433 373
3 373 433 434
3 373 434 374
3 374 434 435
3 374 435 375
3 375 435 436
3 375 436 376
3 376 436 437
3 376 437 377
3 377 437 438
3 377 438 378
3 378 438 439
3 378 439 379
3 379 439 440
3 379 440 380
3 380 440 441
3 380 441 381
3 381 441 442
3 381 442 382
3 382 442 443
3 382 443 383
3 383 443 444
3 383 444 384
3 384 444 445
3 384 445 385
3 385 445 446
3 385 446 386
3 386 446 447
3 386 447 387
3 387 447 448
3 387 448 388
3 388 448 449
3 388 449 389
3 389 449 450
3 389 450 390
3 390 450 451
3 390 451 391
3 391 451 452
3 391 452 392
3 392 452 453
3 392 453 393
3 393 453 454
3 393 454 394
3 394 454 455
3 394 455 395
3 395 455 456
3 395 456 396
3 396 456 457
3 396 457 397
3 397 457 458
3 397 458 398
3 398 458 459
3 398 459 399
3 399 459 460
3 399 460 400
3 400 460 461
3 400 461 401
3 401 461 462
3 401 462 402
3 402 462 463
3 402 463 403
3 403 463 464
3 403 464 404
3 404 464 465
3 404 465 405
3 405 465 466
3 405 466 406
3 406 466 467
3 406 467 407
3 407 467 468
3 407 468 408
3 408 468 469
3 408 469 409
3 409 469 470
3 409 470 410
3 410 470 471
3 410 471 411
3 411 471 472
3 411 472 412
3 412 472 473
3 412 473 413
3 413 473 474
3 413 474 414
3 414 474 475
3 414 475 415
3 415 475 476
3 415 476 416
3 416 476 477
3 416 477 417
3 417 477 478
3 417 478 418
3 418 478 479
3 418 479 419
3 420 480 481
3 420 481 421
3 421 481 482
3 421 482 422
3 422 482 483
3 422 483 423
3 423 483 484
3 423 484 424
3 424 484 485
3 424 485 425
3 425 485 486
3 425 486 426
3 426 486 487
3 426 487 427
3 427 487 488
3 427 488 428
3 428 488 489
3 428 489 429
3 429 489 490
3 429 490 430
3 430 490 491
3 430 491 431
3 431 491 492
3 431 492 432
3 432 492 493
3 432 493 433
3 433 493 494
3 433 494 434
3 434 494 495
3 434 495 435
3 435 495 496
3 435 496 436
3 436 496 497
3 436 497 437
3 437 497 498
3 437 498 438
3 438 498 499
3 438 499 439
3 439 499 500
3 439 500 440
3 440 500 501
3 440 501 441
3 441 501 502
3 441 502 442
3 442 502 503
3 442 503 443
3 443 503 504
3 443 504 444
3 444 504 505
3 444 505 445
3 445 505 506
3 445 506 446
3 446 506 507
3 446 507 447
3 447 507 508
3 447 508 448
3 448 508 509
3 448 509 449
3 449 509 510
3 449 510 450
3 450 510 511
3 450 511 451
3 451 511 512
3 451 512 452
3 452 512 513
3 452 513 453
3 453 513 514
3 453 514 454
3 454 514 515
3 454 515 455
3 455 515 516
3 455 516 456
3 456 516 517
3 456 517 457
3 457 517 518
3 457 518 458
3 458 518 519
3 458 519 459
3 459 519 520
3 459 520 460
3 460 520 521
3 460 521 461
3 461 521 522
3 461 522 462
3 462 522 523
3 462 523 463
3 463 523 524
3 463 524 464
3 464 524 525
3 464 525 465
3 465 525 526
3 465 526 466
3 466 526 527
3 466 527 467
3 467 527 528
3 467 528 468
3 468 528 529
3 468 529 469
3 469 529 530
3 469 530 470
3 470 530 531
3 470 531 471
3 471 531 532
3 471 532 472
3 472 532 533
3 472 533 473
3 473 533 534
3 473 534 474
3 474 534 535
3 474 535 475
3 475 535 536
3 475 536 476
3 476 536 537
3 476 537 477
3 477 537 538
3 477 538 478
3 478 538 539
3 478 539 479
3 480 540 541
3 480 541 481
3 481 541 542
3 481 542 482
3 482 542 543
3 482 543 483
3 483 543 544
3 483 544 484
3 484 544 545
3 484 545 485
3 485 545 546
3 485 546 486
3 486 546 547
3 486 547 487
3 487 547 548
3 487 548 488
3 488 548 549
3 488 549 489
3 489 549 550
3 489 550 490
3 490 550 551
3 490 551 491
3 491 551 552
3 491 552 492
3 492 552 553
3 492 553 493
3 493 553 554
3 493 554 494
3 494 554 555
3 494 555 495
3 495 555 556
3 495 556 496
3 496 556 557
3 496 557 497
3 497 557 558
3 497 558 498
3 498 558 559
3 498 559 499
3 499 559 560
3 499 560 500
3 500 560 561
3 500 561 501
3 501 561 562
3 501 562 502
3 502 562 563
3 502 563 503
3 503 563 564
3 503 564 504
3 504 564 565
3 504 565 505
3 505 565 566
3 505 566 506
3 506 566 567
3 506 567 507
3 507 567 568
3 507 568 508
3 508 568 569
3 508 569 509
3 509 569 570
3 509 570 510
3 510 570 571
3 510 571 511
3 511 571 572
3 511 572 512
3 512 572 573
3 512 573 513
3 513 573 574
3 513 574 514
3 514 574 575
3 514 575 515
3 515 575 576
3 515 576 516
3 516 576 577
3 516 577 517
3 517 577 578
3 517 578 518
3 518 578 579
3 518 579 519
3 519 579 580
3 519 580 520
3 520 580 581
3 520 581 521
3 521 581 582
3 521 582 522
3 522 582 583
3 522 583 523
3 523 583 584
3 523 584 524
3 524 584 585
3 524 585 525
3 525 585 586
3 525 586 526
3 526 586 587
3 526 587 527
3 527 587 588
3 527 588 528
3 528 588 589
3 528 589 529
3 529 589 590
3 529 590 530
3 530 590 591
3 530 591 531
3 531 591 592
3 531 592 532
3 532 592 593
3 532 593 533
3 533 593 594
3 533 594 534
3 534 594 595
3 534 595 535
3 535 595 596
3 535 596 536
3 536 596 597
3 536 597 537
3 537 597 598
3 537 598 538
3 538 598 599
3 538 599 539
3 540 600 601
3 540 601 541
3 541 601 602
3 541 602 542
3 542 602 603
3 542 603 543
3 543 603 604
3 543 604 544
3 544 604 605
3 544 605 545
3 545 605 606
3 545 606 546
3 546 606 607
3 546 607 547
3 547 607 608
3 547 608 548
3 548 608 609
3 548 609 549
3 549 609 610
3 549 610 550
3 550 610 611
3 550 611 551
3 551 611 612
3 551 612 552
3 552 612 613
3 552 613 553
3 553 613 614
3 553 614 554
3 554 614 615
3 554 615 555
3 555 615 616
3 555 616 556
3 556 616 617
3 556 617 557
3 557 617 618
3 557 618 558
3 558 618 619
3 558 619 559
3 559 619 620
3 559 620 560
3 560 620 621
3 560 621 561
3 561 621 622
3 561 622 562
3 562 622 623
3 562 623 563
3 563 623 624
3 563 624 564
3 564 624 625
3 564 625 565
3 565 625 626
3 565 626 566
3 566 626 627
3 566 627 567
3 567 627 628
3 567 628 568
3 568 628 629
3 568 629 569
3 569 629 630
3 569 630 570
3 570 630 631
3 570 631 571
3 571 631 632
3 571 632 572
3 572 632 633
3 572 633 573
3 573 633 634
3 573 634 574
3 574 634 635
3 574 635 575
3 575 635 636
3 575 636 576
3 576 636 637
3 576 637 577
3 577 637 638
3 577 638 578
3 578 638 639
3 578 639 579
3 579 639 640
3 579 640 580
3 580 640 641
3 580 641 581
3 581 641 642
3 581 642 582
3 582 642 643
3 582 643 583
3 583 643 644
3 583 644 584
3 584 644 645
3 584 645 585
3 585 645 646
3 585 646 586
3 586 646 647
3 586 647 587
3 587 647 648
3 587 648 588
3 588 648 649
3 588 649 589
3 589 649 650
3 589 650 590
3 590 650 651
3 590 651 591
3 591 651 652
3 591 652 592
3 592 652 653
3 592 653 593
3 593 653 654
3 593 654 594
3 594 654 655
3 594 655 595
3 595 655 656
3 595 656 596
3 596 656 657
3 596 657 597
3 597 657 658
3 597 658 598
3 598 658 659
3 598 659 599
3 600 660 661
3 600 661 601
3 601 661 662
3 601 662 602
3 602 662 663
3 602 663 603
3 603 663 664
3 603 664 604
3 604 664 665
3 604 665 605
3 605 665 666
3 605 666 606
3 606 666 667
3 606 667 607
3 607 667 668
3 607 668 608
3 608 668 669
3 608 669 609
3 609 669 670
3 609 670 610
3 610 670 671
3 610 671 611
3 611 671 672
3 611 672 612
3 612 672 673
3 612 673 613
3 613 673 674
3 613 674 614
3 614 674 675
3 614 675 615
3 615 675 676
3 615 676 616
3 616 676 677
3 616 677 617
3 617 677 678
3 617 678 618
3 618 678 679
3 618 679 619
3 619 679 680
3 619 680 620
3 620 680 681
3 620 681 621
3 621 681 682
3 621 682 622
3 622 682 683
3 622 683 623
3 623 683 684
3 623 684 624
3 624 684 685
3 624 685 625
3 625 685 686
3 625 686 626
3 626 686 687
3 626 687 627
3 627 687 688
3 627 688 628
3 628 688 689
3 628 689 629
3 629 689 690
3 629 690 630
3 630 690 691
3 630 691 631
3 631 691 692
3 631 692 632
3 632 692 693
3 632 693 633
3 633 693 694
3 633 694 634
3 634 694 695
3 634 695 635
3 635 695 696
3 635 696 636
3 636 696 697
3 636 697 637
3 637 697 698
3 637 698 638
3 638 698 699
3 638 699 639
3 639 699 700
3 639 700 640
3 640 700 701
3 640 701 641
3 641 701 702
3 641 702 642
3 642 702 703
3 642 703 643
3 643 703 704
3 643 704 644
3 644 704 705
3 644 705 645
3 645 705 706
3 645 706 646
3 646 706 707
3 646 707 647
3 647 707 708
3 647 708 648
3 648 708 709
3 648 709 649
3 649 709 710
3 649 710 650
3 650 710 711
3 650 711 651
3 651 711 712
3 651 712 652
3 652 712 713
3 652 713 653
3 653 713 714
3 653 714 654
3 654 714 715
3 654 715 655
3 655 715 716
3 655 716 656
3 656 716 717
3 656 717 657
3 657 717 718
3 657 718 658
3 658 718 719
3 658 719 659
3 660 720 721
3 660 721 661
3 661 721 722
3 661 722 662
3 662 722 723
3 662 723 663
3 663 723 724
3 663 724 664
3 664 724 725
3 664 725 665
3 665 725 726
3 665 726 666
3 666 726 727
3 666 727 667
3 667 727 728
3 667 728 668
3 668 728 729
3 668 729 669
3 669 729 730
3 669 730 670
3 670 730 731
3 670 731 671
3 671 731 732
3 671 732 672
3 672 732 733
3 672 733 673
3 673 733 734
3 673 734 674
3 674 734 735
3 674 735 675
3 675 735 736
3 675 736 676
3 676 736 737
3 676 737 677
3 677 737 738
3 677 738 678
3 678 738 739
3 678 739 679
3 679 739 740
3 679 740 680
3 680 740 741
3 680 741 681
3 681 741 742
3 681 742 682
3 682 742 743
3 682 743 683
3 683 743 744
3 683 744 684
3 684 744 745
3 684 745 685
3 685 745 746
3 685 746 686
3 686 746 747
3 686 747 687
3 687 747 748
3 687 748 688
3 688 748 749
3 688 749 689
3 689 749 750
3 689 750 690
3 690 750 751
3 690 751 691
3 691 751 752
3 691 752 692
3 692 752 753
3 692 753 693
3 693 753 754
3 693 754 694
3 694 754 755
3 694 755 695
3 695 755 756
3 695 756 696
3 696 756 757
3 696 757 697
3 697 757 758
3 697 758 698
3 698 758 759
3 698 759 699
3 699 759 760
3 699 760 700
3 700 760 761
3 700 761 701
3 701 761 762
3 701 762 702
3 702 762 763
3 702 763 703
3 703 763 764
3 703 764 704
3 704 764 765
3 704 765 705
3 705 765 766
3 705 766 706
3 706 766 767
3 706 767 707
3 707 767 768
3 707 768 708
3 708 768 769
3 708 769 709
3 709 769 770
3 709 770 710
3 710 770 771
3 710 771 711
3 711 771 772
3 711 772 712
3 712 772 773
3 712 773 713
3 713 773 774
3 713 774 714
3 714 774 775
3 714 775 715
3 715 775 776
3 715 776 716
3 716 776 777
3 716 777 717
3 717 777 778
3 717 778 718
3 718 778 779
3 718 779 719
3 720 780 781
3 720 781 721
3 721 781 782
3 721 782 722
3 722 782 783
3 722 783 723
3 723 783 784
3 723 784 724
3 724 784 785
3 724 785 725
3 725 785 786
3 725 786 726
3 726 786 787
3 726 787 727
3 727 787 788
3 727 788 728
3 728 788 789
3 728 789 729
3 729 789 790
3 729 790 730
3 730 790 791
3 730 791 731
3 731 791 792
3 731 792 732
3 732 792 793
3 732 793 733
3 733 793 794
3 733 794 734
3 734 794 795
3 734 795 735
3 735 795 796
3 735 796 736
3 736 796 797
3 736 797 737
3 737 797 798
3 737 798 738
3 738 798 799
3 738 799 739
3 739 799 800
3 739 800 740
3 740 800 801
3 740 801 741
3 741 801 802
3 741 802 742
3 742 802 803
3 742 803 743
3 743 803 804
3 743 804 744
3 744 804 805
3 744 805 745
3 745 805 806
3 745 806 746
3 746 806 807
3 746 807 747
3 747 807 808
3 747 808 748
3 748 808 809
3 748 809 749
3 749 809 810
3 749 810 750
3 750 810 811
3 750 811 751
3 751 811 812
3 751 812 752
3 752 812 813
3 752 813 753
3 753 813 814
3 753 814 754
3 754 814 815
3 754 815 755
3 755 815 816
3 755 816 756
3 756 816 817
3 756 817 757
3 757 817 818
3 757 818 758
3 758 818 819
3 758 819 759
3 759 819 820
3 759 820 760
3 760 820 821
3 760 821 761
3 761 821 822
3 761 822 762
3 762 822 823
3 762 823 763
3 763 823 824
3 763 824 764
3 764 824 825
3 764 825 765
3 765 825 826
3 765 826 766
3 766 826 827
3 766 827 767
3 767 827 828
3 767 828 768
3 768 828 829
3 768 829 769
3 769 829 830
3 769 830 770
3 770 830 831
3 770 831 771
3 771 831 832
3 771 832 772
3 772 832 833
3 772 833 773
3 773 833 834
3 773 834 774
3 774 834 835
3 774 835 775
3 775 835 836
3 775 836 776
3 776 836 837
3 776 837 777
3 777 837 838
3 777 838 778
3 778 838 839
3 778 839 779
3 780 840 841
3 780 841 781
3 781 841 842
3 781 842 782
3 782 842 843
3 782 843 783
3 783 843 844
3 783 844 784
3 784 844 845
3 784 845 785
3 785 845 846
3 785 846 786
3 786 846 847
3 786 847 787
3 787 847 848
3 787 848 788
3 788 848 849
3 788 849 789
3 789 849 850
3 789 850 790
3 790 850 851
3 790 851 791
3 791 851 852
3 791 852 792
3 792 852 853
3 792 853 793
3 793 853 854
3 793 854 794
3 794 854 855
3 794 855 795
3 795 855 856
3 795 856 796
3 796 856 857
3 796 857 797
3 797 857 858
3 797 858 798
3 798 858 859
3 798 859 799
3 799 859 860
3 799 860 800
3 800 860 861
3 800 861 801
3 801 861 862
3 801 862 802
3 802 862 863
3 802 863 803
3 803 863 864
3 803 864 804
3 804 864 865
3 804 865 805
3 805 865 866
3 805 866 806
3 806 866 867
3 806 867 807
3 807 867 868
3 807 868 808
3 808 868 869
3 808 869 809
3 809 869 870
3 809 870 810
3 810 870 871
3 810 871 811
3 811 871 872
3 811 872 812
3 812 872 873
3 812 873 813
3 813 873 874
3 813 874 814
3 814 874 875
3 814 875 815
3 815 875 876
3 815 876 816
3 816 876 877
3 816 877 817
3 817 877 878
3 817 878 818
3 818 878 879
3 818 879 819
3 819 879 880
3 819 880 820
3 820 880 881
3 820 881 821
3 821 881 882
3 821 882 822
3 822 882 883
3 822 883 823
3 823 883 884
3 823 884 824
3 824 884 885
3 824 885 825
3 825 885 886
3 825 886 826
3 826 886 887
3 826 887 827
3 827 887 888
3 827 888 828
3 828 888 889
3 828 889 829
3 829 889 890
3 829 890 830
3 830 890 891
3 830 891 831
3 831 891 892
3 831 892 832
3 832 892 893
3 832 893 833
3 833 893 894
3 833 894 834
3 834 894 895
3 834 895 835
3 835 895 896
3 835 896 836
3 836 896 897
3 836 897 837
3 837 897 898
3 837 898 838
3 838 898 899
3 838 899 839
3 840 900 901
3 840 901 841
3 841 901 902
3 841 902 842
3 842 902 903
3 842 903 843
3 843 903 904
3 843 904 844
3 844 904 905
3 844 905 845
3 845 905 906
3 845 906 846
3 846 906 907
3 846 907 847
3 847 907 908
3 847 908 848
3 848 908 909
3 848 909 849
3 849 909 910
3 849 910 850
3 850 910 911
3 850 911 851
3 851 911 912
3 851 912 852
3 852 912 913
3 852 913 853
3 853 913 914
3 853 914 854
3 854 914 915
3 854 915 855
3 855 915 916
3 855 916 856
3 856 916 917
3 856 917 857
3 857 917 918
3 857 918 858
3 858 918 919
3 858 919 859
3 859 919 920
3 859 920 860
3 860 920 921
3 860 921 861
3 861 921 922
3 861 922 862
3 862 922 923
3 862 923 863
3 863 923 924
3 863 924 864
3 864 924 925
3 864 925 865
3 865 925 926
3 865 926 866
3 866 926 927
3 866 927 867
3 867 927 928
3 867 928 868
3 868 928 929
3 868 929 869
3 869 929 930
3 869 930 870
3 870 930 931
3 870 931 871
3 871 931 932
3 871 932 872
3 872 932 933
3 872 933 873
3 873 933 934
3 873 934 874
3 874 934 935
3 874 935 875
3 875 935 936
3 875 936 876
3 876 936 937
3 876 937 877
3 877 937 938
3 877 938 878
3 878 938 939
3 878 939 879
3 879 939 940
3 879 940 880
3 880 940 941
3 880 941 881
3 881 941 942
3 881 942 882
3 882 942 943
3 882 943 883
3 883 943 944
3 883 944 884
3 884 944 945
3 884 945 885
3 885 945 946
3 885 946 886
3 886 946 947
3 886 947 887
3 887 947 948
3 887 948 888
3 888 948 949
3 888 949 889
3 889 949 950
3 889 950 890
3 890 950 951
3 890 951 891
3 891 951 952
3 891 952 892
3 892 952 953
3 892 953 893
3 893 953 954
3 893 954 894
3 894 954 955
3 894 955 895
3 895 955 956
3 895 956 896
3 896 956 957
3 896 957 897
3 897 957 958
3 897 958 898
3 898 958 959
3 898 959 899
3 900 960 961
3 900 961 901
3 901 961 962
3 901 962 902
3 902 962 963
3 902 963 903
3 903 963 964
3 903 964 904
3 904 964 965
3 904 965 905
3 905 965 966
3 905 966 906
3 906 966 967
3 906 967 907
3 907 967 968
3 907 968 908
3 908 968 969
3 908 969 909
3 909 969 970
3 909 970 910
3 910 970 971
3 910 971 911
3 911 971 972
3 911 972 912
3 912 972 973
3 912 973 913
3 913 973 974
3 913 974 914
3 914 974 975
3 914 975 915
3 915 975 976
3 915 976 916
3 916 976 977
3 916 977 917
3 917 977 978
3 917 978 918
3 918 978 979
3 918 979 919
3 919 979 980
3 919 980 920
3 920 980 981
3 920 981 921
3 921 981 982
3 921 982 922
3 922 982 983
3 922 983 923
3 923 983 984
3 923 984 924
3 924 984 985
3 924 985 925
3 925 985 986
3 925 986 926
3 926 986 987
3 926 987 927
3 927 987 988
3 927 988 928
3 928 988 989
3 928 989 929
3 929 989 990
3 929 990 930
3 930 990 991
3 930 991 931
3 931 991 992
3 931 992 932
3 932 992 993
3 932 993 933
3 933 993 994
3 933 994 934
3 934 994 995
3 934 995 935
3 935 995 996
3 935 996 936
3 936 996 997
3 936 997 937
3 937 997 998
3 937 998 938
3 938 998 999
3 938 999 939
3 939 999 1000
3 939 1000 940
3 940 1000 1001
3 940 1001 941
3 941 1001 1002
3 941 1002 942
3 942 1002 1003
3 942 1003 943
3 943 1003 1004
3 943 1004 944
3 944 1004 1005
3 944 1005 945
3 945 1005 1006
3 945 1006 946
3 946 1006 1007
3 946 1007 947
3 947 1007 1008
3 947 1008 948
3 948 1008 1009
3 948 1009 949
3 949 1009 1010
3 949 1010 950
3 950 1010 1011
3 950 1011 951
3 951 1011 1012
3 951 1012 952
3 952 1012 1013
3 952 1013 953
3 953 1013 1014
3 953 1014 954
3 954 1014 1015
3 954 1015 955
3 955 1015 1016
3 955 1016 956
3 956 1016 1017
3 956 1017 957
3 957 1017 1018
3 957 1018 958
3 958 1018 1019
3 958 1019 959
3 960 1020 1021
3 960 1021 961
3 961 1021 1022
3 961 1022 962
3 962 1022 1023
3 962 1023 963
3 963 1023 1024
3 963 1024 964
3 964 1024 1025
3 964 1025 965
3 965 1025 1026
3 965 1026 966
3 966 1026 1027
3 966 1027 967
3 967 1027 1028
3 967 1028 968
3 968 1028 1029
3 968 1029 969
3 969 1029 1030
3 969 1030 970
3 970 1030 1031
3 970 1031 971
3 971 1031 1032
3 971 1032 972
3 972 1032 1033
3 972 1033 973
3 973 1033 1034
3 973 1034 974
3 974 1034 1035
3 974 1035 975
3 975 1035 1036
3 975 1036 976
3 976 1036 1037
3 976 1037 977
3 977 1037 1038
3 977 1038 978
3 978 1038 1039
3 978 1039 979
3 979 1039 1040
3 979 1040 980
3 980 1040 1041
3 980 1041 981
3 981 1041 1042
3 981 1042 982
3 982 1042 1043
3 982 1043 983
3 983 1043 1044
3 983 1044 984
3 984 1044 1045
3 984 1045 985
3 985 1045 1046
3 985 1046 986
3 986 1046 1047
3 986 1047 987
3 987 1047 1048
3 987 1048 988
3 988 1048 1049
3 988 1049 989
3 989 1049 1050
3 989 1050 990
3 990 1050 1051
3 990 1051 991
3 991 1051 1052
3 991 1052 992
3 992 1052 1053
3 992 1053 993
3 993 1053 1054
3 993 1054 994
3 994 1054 1055
3 994 1055 995
3 995 1055 1056
3 995 1056 996
3 996 1056 1057
3 996 1057 997
3 997 1057 1058
3 997 1058 998
3 998 1058 1059
3 998 1059 999
3 999 1059 1060
3 999 1060 1000
3 1000 1060 1061
3 1000 1061 1001
3 1001 1061 1062
3 1001 1062 1002
3 1002 1062 1063
3 1002 1063 1003
3 1003 1063 1064
3 1003 1064 1004
3 1004 1064 1065
3 1004 1065 1005
3 1005 1065 1066
3 1005 1066 1006
3 1006 1066 1067
3 1006 1067 1007
3 1007 1067 1068
3 1007 1068 1008
3 1008 1068 1069
3 1008 1069 1009
3 1009 1069 1070
3 1009 1070 1010
3 1010 1070 1071
3 1010 1071 1011
3 1011 1071 1072
3 1011 1072 1012
3 1012 1072 1073
3 1012 1073 1013
3 1013 1073 1074
3 1013 1074 1014
3 1014 1074 1075
3 1014 1075 1015
3 1015 1075 1076
3 1015 1076 1016
3 1016 1076 1077
3 1016 1077 1017
3 1017 1077 1078
3 1017 1078 1018
3 1018 1078 1079
3 1018 1079 1019
3 1020 1080 1081
3 1020 1081 1021
3 1021 1081 1082
3 1021 1082 1022
3 1022 1082 1083
3 1022 1083 1023
3 1023 1083 1084
3 1023 1084 1024
3 1024 1084 1085
3 1024 1085 1025
3 1025 1085 1086
3 1025 1086 1026
3 1026 1086 1087
3 1026 1087 1027
3 1027 1087 1088
3 1027 1088 1028
3 1028 1088 1089
3 1028 1089 1029
3 1029 1089 1090
3 1029 1090 1030
3 1030 1090 1091
3 1030 1091 1031
3 1031 1091 1092
3 1031 1092 1032
3 1032 1092 1093
3 1032 1093 1033
3 1033 1093 1094
3 1033 1094 1034
3 1034 1094 1095
3 1034 1095 1035
3 1035 1095 1096
3 1035 1096 1036
3 1036 1096 1097
3 1036 1097 1037
3 1037 1097 1098
3 1037 1098 1038
3 1038 1098 1099
3 1038 1099 1039
3 1039 1099 1100
3 1039 1100 1040
3 1040 1100 1101
3 1040 1101 1041
3 1041 1101 1102
3 1041 1102 1042
3 1042 1102 1103
3 1042 1103 1043
3 1043 1103 1104
3 1043 1104 1044
3 1044 1104 1105
3 1044 1105 1045
3 1045 1105 1106
3 1045 1106 1046
3 1046 1106 1107
3 1046 1107 1047
3 1047 1107 1108
3 1047 1108 1048
3 1048 1108 1109
3 1048 1109 1049
3 1049 1109 1110
3 1049 1110 1050
3 1050 1110 1111
3 1050 1111 1051
3 1051 1111 1112
3 1051 1112 1052
3 1052 1112 1113
3 1052 1113 1053
3 1053 1113 1114
3 1053 1114 1054
3 1054 1114 1115
3 1054 1115 1055
3 1055 1115 1116
3 1055 1116 1056
3 1056 1116 1117
3 1056 1117 1057
3 1057 1117 1118
3 1057 1118 1058
3 1058 1118 1119
3 1058 1119 1059
3 1059 1119 1120
3 1059 1120 1060
3 1060 1120 1121
3 1060 1121 1061
3 1061 1121 1122
3 1061 1122 1062
3 1062 1122 1123
3 1062 1123 1063
3 1063 1123 1124
3 1063 1124 1064
3 1064 1124 1125
3 1064 1125 1065
3 1065 1125 1126
3 1065 1126 1066
3 1066 1126 1127
3 1066 1127 1067
3 1067 1127 1128
3 1067 1128 1068
3 1068 1128 1129
3 1068 1129 1069
3 1069 1129 1130
3 1069 1130 1070
3 1070 1130 1131
3 1070 1131 1071
3 1071 1131 1132
3 1071 1132 1072
3 1072 1132 1133
3 1072 1133 1073
3 1073 1133 1134
3 1073 1134 1074
3 1074 1134 1135
3 1074 1135 1075
3 1075 1135 1136
3 1075 1136 1076
3 1076 1136 1137
3 1076 1137 1077
3 1077 1137 1138
3 1077 1138 1078
3 1078 1138 1139
3 1078 1139 1079
3 1080 1140 1141
3 1080 1141 1081
3 1081 1141 1142
3 1081 1142 1082
3 1082 1142 1143
3 1082 1143 1083
3 1083 1143 1144
3 1083 1144 1084
3 1084 1144 1145
3 1084 1145 1085
3 1085 1145 1146
3 1085 1146 1086
3 1086 1146 1147
3 1086 1147 1087
3 1087 1147 1148
3 1087 1148 1088
3 1088 1148 1149
3 1088 1149 1089
3 1089 1149 1150
3 1089 1150 1090
3 1090 1150 1151
3 1090 1151 1091
3 1091 1151 1152
3 1091 1152 1092
3 1092 1152 1153
3 1092 1153 1093
3 1093 1153 1154
3 1093 1154 1094
3 1094 1154 1155
3 1094 1155 1095
3 1095 1155 1156
3 1095 1156 1096
3 1096 1156 1157
3 1096 1157 1097
3 1097 1157 1158
3 1097 1158 1098
3 1098 1158 1159
3 1098 1159 1099
3 1099 1159 1160
3 1099 1160 1100
3 1100 1160 1161
3 1100 1161 1101
3 1101 1161 1162
3 1101 1162 1102
3 1102 1162 1163
3 1102 1163 1103
3 1103 1163 1164
3 1103 1164 1104
3 1104 1164 1165
3 1104 1165 1105
3 1105 1165 1166
3 1105 1166 1106
3 1106 1166 1167
3 1106 1167 1107
3 1107 1167 1168
3 1107 1168 1108
3 1108 1168 1169
3 1108 1169 1109
3 1109 1169 1170
3 1109 1170 1110
3 1110 1170 1171
3 1110 1171 1111
3 1111 1171 1172
3 1111 1172 1112
3 1112 1172 1173
3 1112 1173 1113
3 1113 1173 1174
3 1113 1174 1114
3 1114 1174 1175
3 1114 1175 1115
3 1115 1175 1176
3 1115 1176 1116
3 1116 1176 1177
3 1116 1177 1117
3 1117 1177 1178
3 1117 1178 1118
3 1118 1178 1179
3 1118 1179 1119
3 1119 1179 1180
3 1119 1180 1120
3 1120 1180 1181
3 1120 1181 1121
3 1121 1181 1182
3 1121 1182 1122
3 1122 1182 1183
3 1122 1183 1123
3 1123 1183 1184
3 1123 1184 1124
3 1124 1184 1185
3 1124 1185 1125
3 1125 1185 1186
3 1125 1186 1126
3 1126 1186 1187
3 1126 1187 1127
3 1127 1187 1188
3 1127 1188 1128
3 1128 1188 1189
3 1128 1189 1129
3 1129 1189 1190
3 1129 1190 1130
3 1130 1190 1191
3 1130 1191 1131
3 1131 1191 1192
3 1131 1192 1132
3 1132 1192 1193
3 1132 1193 1133
3 1133 1193 1194
3 1133 1194 1134
3 1134 1194 1195
3 1134 1195 1135
3 1135 1195 1196
3 1135 1196 1136
3 1136 1196 1197
3 1136 1197 1137
3 1137 1197 1198
3 1137 1198 1138
3 1138 1198 1199
3 1138 1199 1139
3 1140 1200 1201
3 1140 1201 1141
3 1141 1201 1202
3 1141 1202 1142
3 1142 1202 1203
3 1142 1203 1143
3 1143 1203 1204
3 1143 1204 1144
3 1144 1204 1205
3 1144 1205 1145
3 1145 1205 1206
3 1145 1206 1146
3 1146 1206 1207
3 1146 1207 1147
3 1147 1207 1208
3 1147 1208 1148
3 1148 1208 1209
3 1148 1209 1149
3 1149 1209 1210
3 1149 1210 1150
3 1150 1210 1211
3 1150 1211 1151
3 1151 1211 1212
3 1151 1212 1152
3 1152 1212 1213
3 1152 1213 1153
3 1153 1213 1214
3 1153 1214 1154
3 1154 1214 1215
3 1154 1215 1155
3 1155 1215 1216
3 1155 1216 1156
3 1156 1216 1217
3 1156 1217 1157
3 1157 1217 1218
3 1157 1218 1158
3 1158 1218 1219
3 1158 1219 1159
3 1159 1219 1220
3 1159 1220 1160
3 1160 1220 1221
3 1160 1221 1161
3 1161 1221 1222
3 1161 1222 1162
3 1162 1222 1223
3 1162 1223 1163
3 1163 1223 1224
3 1163 1224 1164
3 1164 1224 1225
3 1164 1225 1165
3 1165 1225 1226
3 1165 1226 1166
3 1166 1226 1227
3 1166 1227 1167
3 1167 1227 1228
3 1167 1228 1168
3 1168 1228 1229
3 1168 1229 1169
3 1169 1229 1230
3 1169 1230 1170
3 1170 1230 1231
3 1170 1231 1171
3 1171 1231 1232
3 1171 1232 1172
3 1172 1232 1233
3 1172 1233 1173
3 1173 1233 1234
3 1173 1234 1174
3 1174 1234 1235
3 1174 1235 1175
3 1175 1235 1236
3 1175 1236 1176
3 1176 1236 1237
3 1176 1237 1177
3 1177 1237 1238
3 1177 1238 1178
3 1178 1238 1239
3 1178 1239 1179
3 1179 1239 1240
3 1179 1240 1180
3 1180 1240 1241
3 1180 1241 1181
3 1181 1241 1242
3 1181 1242 1182
3 1182 1242 1243
3 1182 1243 1183
3 1183 1243 1244
3 1183 1244 1184
3 1184 1244 1245
3 1184 1245 1185
3 1185 1245 1246
3 1185 1246 1186
3 1186 1246 1247
3 1186 1247 1187
3 1187 1247 1248
3 1187 1248 1188
3 1188 1248 1249
3 1188 1249 1189
3 1189 1249 1250
3 1189 1250 1190
3 1190 1250 1251
3 1190 1251 1191
3 1191 1251 1252
3 1191 1252 1192
3 1192 1252 1253
3 1192 1253 1193
3 1193 1253 1254
3 1193 1254 1194
3 1194 1254 1255
3 1194 1255 1195
3 1195 1255 1256
3 1195 1256 1196
3 1196 1256 1257
3 1196 1257 1197
3 1197 1257 1258
3 1197 1258 1198
3 1198 1258 1259
3 1198 1259 1199
3 1200 1260 1261
3 1200 1261 1201
3 1201 1261 1262
3 1201 1262 1202
3 1202 1262 1263
3 1202 1263 1203
3 1203 1263 1264
3 1203 1264 1204
3 1204 1264 1265
3 1204 1265 1205
3 1205 1265 1266
3 1205 1266 1206
3 1206 1266 1267
3 1206 1267 1207
3 1207 1267 1268
3 1207 1268 1208
3 1208 1268 1269
3 1208 1269 1209
3 1209 1269 1270
3 1209 1270 1210
3 1210 1270 1271
3 1210 1271 1211
3 1211 1271 1272
3 1211 1272 1212
3 1212 1272 1273
3 1212 1273 1213
3 1213 1273 1274
3 1213 1274 1214
3 1214 1274 1275
3 1214 1275 1215
3 1215 1275 1276
3 1215 1276 1216
3 1216 1276 1277
3 1216 1277 1217
3 1217 1277 1278
3 1217 1278 1218
3 1218 1278 1279
3 1218 1279 1219
3 1219 1279 1280
3 1219 1280 1220
3 1220 1280 1281
3 1220 1281 1221
3 1221 1281 1282
3 1221 1282 1222
3 1222 1282 1283
3 1222 1283 1223
3 1223 1283 1284
3 1223 1284 1224
3 1224 1284 1285
3 1224 1285 1225
3 1225 1285 1286
3 1225 1286 1226
3 1226 1286 1287
3 1226 1287 1227
3 1227 1287 1288
3 1227 1288 1228
3 1228 1288 1289
3 1228 1289 1229
3 1229 1289 1290
3 1229 1290 1230
3 1230 1290 1291
3 1230 1291 1231
3 1231 1291 1292
3 1231 1292 1232
3 1232 1292 1293
3 1232 1293 1233
3 1233 1293 1294
3 1233 1294 1234
3 1234 1294 1295
3 1234 1295 1235
3 1235 1295 1296
3 1235 1296 1236
3 1236 1296 1297
3 1236 1297 1237
3 1237 1297 1298
3 1237 1298 1238
3 1238 1298 1299
3 1238 1299 1239
3 1239 1299 1300
3 1239 1300 1240
3 1240 1300 1301
3 1240 1301 1241
3 1241 1301 1302
3 1241 1302 1242
3 1242 1302 1303
3 1242 1303 1243
3 1243 1303 1304
3 1243 1304 1244
3 1244 1304 1305
3 1244 1305 1245
3 1245 1305 1306
3 1245 1306 1246
3 1246 1306 1307
3 1246 1307 1247
3 1247 1307 1308
3 1247 1308 1248
3 1248 1308 1309
3 1248 1309 1249
3 1249 1309 1310
3 1249 1310 1250
3 1250 1310 1311
3 1250 1311 1251
3 1251 1311 1312
3 1251 1312 1252
3 1252 1312 1313
3 1252 1313 1253
3 1253 1313 1314
3 1253 1314 1254
3 1254 1314 1315
3 1254 1315 1255
3 1255 1315 1316
3 1255 1316 1256
3 1256 1316 1317
3 1256 1317 1257
3 1257 1317 1318
3 1257 1318 1258
3 1258 1318 1319
3 1258 1319 1259
3 1260 1320 1321
3 1260 1321 1261
3 1261 1321 1322
3 1261 1322 1262
3 1262 1322 1323
3 1262 1323 1263
3 1263 1323 1324
3 1263 1324 1264
3 1264 1324 1325
3 1264 1325 1265
3 1265 1325 1326
3 1265 1326 1266
3 1266 1326 1327
3 1266 1327 1267
3 1267 1327 1328
3 1267 1328 1268
3 1268 1328 1329
3 1268 1329 1269
3 1269 1329 1330
3 1269 1330 1270
3 1270 1330 1331
3 1270 1331 1271
3 1271 1331 1332
3 1271 1332 1272
3 1272 1332 1333
3 1272 1333 1273
3 1273 1333 1334
3 1273 1334 1274
3 1274 1334 1335
3 1274 1335 1275
3 1275 1335 1336
3 1275 1336 1276
3 1276 1336 1337
3 1276 1337 1277
3 1277 1337 1338
3 1277 1338 1278
3 1278 1338 1339
3 1278 1339 1279
3 1279 1339 1340
3 1279 1340 1280
3 1280 1340 1341
3 1280 1341 1281
3 1281 1341 1342
3 1281 1342 1282
3 1282 1342 1343
3 1282 1343 1283
3 1283 1343 1344
3 1283 1344 1284
3 1284 1344 1345
3 1284 1345 1285
3 1285 1345 1346
3 1285 1346 1286
3 1286 1346 1347
3 1286 1347 1287
3 1287 1347 1348
3 1287 1348 1288
3 1288 1348 1349
3 1288 1349 1289
3 1289 1349 1350
3 1289 1350 1290
3 1290 1350 1351
3 1290 1351 1291
3 1291 1351 1352
3 1291 1352 1292
3 1292 1352 1353
3 1292 1353 1293
3 1293 1353 1354
3 1293 1354 1294
3 1294 1354 1355
3 1294 1355 1295
3 1295 1355 1356
3 1295 1356 1296
3 1296 1356 1357
3 1296 1357 1297
3 1297 1357 1358
3 1297 1358 1298
3 1298 1358 1359
3 1298 1359 1299
3 1299 1359 1360
3 1299 1360 1300
3 1300 1360 1361
3 1300 1361 1301
3 1301 1361 1362
3 1301 1362 1302
3 1302 1362 1363
3 1302 1363 1303
3 1303 1363 1364
3 1303 1364 1304
3 1304 1364 1365
3 1304 1365 1305
3 1305 1365 1366
3 1305 1366 1306
3 1306 1366 1367
3 1306 1367 1307
3 1307 1367 1368
3 1307 1368 1308
3 1308 1368 1369
3 1308 1369 1309
3 1309 1369 1370
3 1309 1370 1310
3 1310 1370 1371
3 1310 1371 1311
3 1311 1371 1372
3 1311 1372 1312
3 1312 1372 1373
3 1312 1373 1313
3 1313 1373 1374
3 1313 1374 1314
3 1314 1374 1375
3 1314 1375 1315
3 1315 1375 1376
3 1315 1376 1316
3 1316 1376 1377
3 1316 1377 1317
3 1317 1377 1378
3 1317 1378 1318
3 1318 1378 1379
3 1318 1379 1319
3 1320 1380 1381
3 1320 1381 1321
3 1321 1381 1382
3 1321 1382 1322
3 1322 1382 1383
3 1322 1383 1323
3 1323 1383 1384
3 1323 1384 1324
3 1324 1384 1385
3 1324 1385 1325
3 1325 1385 1386
3 1325 1386 1326
3 1326 1386 1387
3 1326 1387 1327
3 1327 1387 1388
3 1327 1388 1328
3 1328 1388 1389
3 1328 1389 1329
3 1329 1389 1390
3 1329 1390 1330
3 1330 1390 1391
3 1330 1391 1331
3 1331 1391 1392
3 1331 1392 1332
3 1332 1392 1393
3 1332 1393 1333
3 1333 1393 1394
3 1333 1394 1334
3 1334 1394 1395
3 1334 1395 1335
3 1335 1395 1396
3 1335 1396 1336
3 1336 1396 1397
3 1336 1397 1337
3 1337 1397 1398
3 1337 1398 1338
3 1338 1398 1399
3 1338 1399 1339
3 1339 1399 1400
3 1339 1400 1340
3 1340 1400 1401
3 1340 1401 1341
3 1341 1401 1402
3 1341 1402 1342
3 1342 1402 1403
3 1342 1403 1343
3 1343 1403 1404
3 1343 1404 1344
3 1344 1404 1405
3 1344 1405 1345
3 1345 1405 1406
3 1345 1406 1346
3 1346 1406 1407
3 1346 1407 1347
3 1347 1407 1408
3 1347 1408 1348
3 1348 1408 1409
3 1348 1409 1349
3 1349 1409 1410
3 1349 1410 1350
3 1350 1410 1411
3 1350 1411 1351
3 1351 1411 1412
3 1351 1412 1352
3 1352 1412 1413
3 1352 1413 1353
3 1353 1413 1414
3 1353 1414 1354
3 1354 1414 1415
3 1354 1415 1355
3 1355 1415 1416
3 1355 1416 1356
3 1356 1416 1417
3 1356 1417 1357
3 1357 1417 1418
3 1357 1418 1358
3 1358 1418 1419
3 1358 1419 1359
3 1359 1419 1420
3 1359 1420 1360
3 1360 1420 1421
3 1360 1421 1361
3 1361 1421 1422
3 1361 1422 1362
3 1362 1422 1423
3 1362 1423 1363
3 1363 1423 1424
3 1363 1424 1364
3 1364 1424 1425
3 1364 1425 1365
3 1365 1425 1426
3 1365 1426 1366
3 1366 1426 1427
3 1366 1427 1367
3 1367 1427 1428
3 1367 1428 1368
3 1368 1428 1429
3 1368 1429 1369
3 1369 1429 1430
3 1369 1430 1370
3 1370 1430 1431
3 1370 1431 1371
3 1371 1431 1432
3 1371 1432 1372
3 1372 1432 1433
3 1372 1433 1373
3 1373 1433 1434
3 1373 1434 1374
3 1374 1434 1435
3 1374 1435 1375
3 1375 1435 1436
3 1375 1436 1376
3 1376 1436 1437
3 1376 1437 1377
3 1377 1437 1438
3 1377 1438 1378
3 1378 1438 1439
3 1378 1439 1379
3 1380 1440 1441
3 1380 1441 1381
3 1381 1441 1442
3 1381 1442 1382
3 1382 1442 1443
3 1382 1443 1383
3 1383 1443 1444
3 1383 1444 1384
3 1384 1444 1445
3 1384 1445 1385
3 1385 1445 1446
3 1385 1446 1386
3 1386 1446 1447
3 1386 1447 1387
3 1387 1447 1448
3 1387 1448 1388
3 1388 1448 1449
3 1388 1449 1389
3 1389 1449 1450
3 1389 1450 1390
3 1390 1450 1451
3 1390 1451 1391
3 1391 1451 1452
3 1391 1452 1392
3 1392 1452 1453
3 1392 1453 1393
3 1393 1453 1454
3 1393 1454 1394
3 1394 1454 1455
3 1394 1455 1395
3 1395 1455 1456
3 1395 1456 1396
3 1396 1456 1457
3 1396 1457 1397
3 1397 1457 1458
3 1397 1458 1398
3 1398 1458 1459
3 1398 1459 1399
3 1399 1459 1460
3 1399 1460 1400
3 1400 1460 1461
3 1400 1461 1401
3 1401 1461 1462
3 1401 1462 1402
3 1402 1462 1463
3 1402 1463 1403
3 1403 1463 1464
3 1403 1464 1404
3 1404 1464 1465
3 1404 1465 1405
3 1405 1465 1466
3 1405 1466 1406
3 1406 1466 1467
3 1406 1467 1407
3 1407 1467 1468
3 1407 1468 1408
3 1408 1468 1469
3 1408 1469 1409
3 1409 1469 1470
3 1409 1470 1410
3 1410 1470 1471
3 1410 1471 1411
3 1411 1471 1472
3 1411 1472 1412
3 1412 1472 1473
3 1412 1473 1413
3 1413 1473 1474
3 1413 1474 1414
3 1414 1474 1475
3 1414 1475 1415
3 1415 1475 1476
3 1415 1476 1416
3 1416 1476 1477
3 1416 1477 1417
3 1417 1477 1478
3 1417 1478 1418
3 1418 1478 1479
3 1418 1479 1419
3 1419 1479 1480
3 1419 1480 1420
3 1420 1480 1481
3 1420 1481 1421
3 1421 1481 1482
3 1421 1482 1422
3 1422 1482 1483
3 1422 1483 1423
3 1423 1483 1484
3 1423 1484 1424
3 1424 1484 1485
3 1424 1485 1425
3 1425 1485 1486
3 1425 1486 1426
3 1426 1486 1487
3 1426 1487 1427
3 1427 1487 1488
3 1427 1488 1428
3 1428 1488 1489
3 1428 1489 1429
3 1429 1489 1490
3 1429 1490 1430
3 1430 1490 1491
3 1430 1491 1431
3 1431 1491 1492
3 1431 1492 1432
3 1432 1492 1493
3 1432 1493 1433
3 1433 1493 1494
3 1433 1494 1434
3 1434 1494 1495
3 1434 1495 1435
3 1435 1495 1496
3 1435 1496 1436
3 1436 1496 1497
3 1436 1497 1437
3 1437 1497 1498
3 1437 1498 1438
3 1438 1498 1499
3 1438 1499 1439
3 1440 1500 1501
3 1440 1501 1441
3 1441 1501 1502
3 1441 1502 1442
3 1442 1502 1503
3 1442 1503 1443
3 1443 1503 1504
3 1443 1504 1444
3 1444 1504 1505
3 1444 1505 1445
3 1445 1505 1506
3 1445 1506 1446
3 1446 1506 1507
3 1446 1507 1447
3 1447 1507 1508
3 1447 1508 1448
3 1448 1508 1509
3 1448 1509 1449
3 1449 1509 1510
3 1449 1510 1450
3 1450 1510 1511
3 1450 1511 1451
3 1451 1511 1512
3 1451 1512 1452
3 1452 1512 1513
3 1452 1513 1453
3 1453 1513 1514
3 1453 1514 1454
3 1454 1514 1515
3 1454 1515 1455
3 1455 1515 1516
3 1455 1516 1456
3 1456 1516 1517
3 1456 1517 1457
3 1457 1517 1518
3 1457 1518 1458
3 1458 1518 1519
3 1458 1519 1459
3 1459 1519 1520
3 1459 1520 1460
3 1460 1520 1521
3 1460 1521 1461
3 1461 1521 1522
3 1461 1522 1462
3 1462 1522 1523
3 1462 1523 1463
3 1463 1523 1524
3 1463 1524 1464
3 1464 1524 1525
3 1464 1525 1465
3 1465 1525 1526
3 1465 1526 1466
3 1466 1526 1527
3 1466 1527 1467
3 1467 1527 1528
3 1467 1528 1468
3 1468 1528 1529
3 1468 1529 1469
3 1469 1529 1530
3 1469 1530 1470
3 1470 1530 1531
3 1470 1531 1471
3 1471 1531 1532
3 1471 1532 1472
3 1472 1532 1533
3 1472 1533 1473
3 1473 1533 1534
3 1473 1534 1474
3 1474 1534 1535
3 1474 1535 1475
3 1475 1535 1536
3 1475 1536 1476
3 1476 1536 1537
3 1476 1537 1477
3 1477 1537 1538
3 1477 1538 1478
3 1478 1538 1539
3 1478 1539 1479
3 1479 1539 1540
3 1479 1540 1480
3 1480 1540 1541
3 1480 1541 1481
3 1481 1541 1542
3 1481 1542 1482
3 1482 1542 1543
3 1482 1543 1483
3 1483 1543 1544
3 1483 1544 1484
3 1484 1544 1545
3 1484 1545 1485
3 1485 1545 1546
3 1485 1546 1486
3 1486 1546 1547
3 1486 1547 1487
3 1487 1547 1548
3 1487 1548 1488
3 1488 1548 1549
3 1488 1549 1489
3 1489 1549 1550
3 1489 1550 1490
3 1490 1550 1551
3 1490 1551 1491
3 1491 1551 1552
3 1491 1552 1492
3 1492 1552 1553
3 1492 1553 1493
3 1493 1553 1554
3 1493 1554 1494
3 1494 1554 1555
3 1494 1555 1495
3 1495 1555 1556
3 1495 1556 1496
3 1496 1556 1557
3 1496 1557 1497
3 1497 1557 1558
3 1497 1558 1498
3 1498 1558 1559
3 1498 1559 1499
3 1500 1560 1561
3 1500 1561 1501
3 1501 1561 1562
3 1501 1562 1502
3 1502 1562 1563
3 1502 1563 1503
3 1503 1563 1564
3 1503 1564 1504
3 1504 1564 1565
3 1504 1565 1505
3 1505 1565 1566
3 1505 1566 1506
3 1506 1566 1567
3 1506 1567 1507
3 1507 1567 1568
3 1507 1568 1508
3 1508 1568 1569
3 1508 1569 1509
3 1509 1569 1570
3 1509 1570 1510
3 1510 1570 1571
3 1510 1571 1511
3 1511 1571 1572
3 1511 1572 1512
3 1512 1572 1573
3 1512 1573 1513
3 1513 1573 1574
3 1513 1574 1514
3 1514 1574 1575
3 1514 1575 1515
3 1515 1575 1576
3 1515 1576 1516
3 1516 1576 1577
3 1516 1577 1517
3 1517 1577 1578
3 1517 1578 1518
3 1518 1578 1579
3 1518 1579 1519
3 1519 1579 1580
3 1519 1580 1520
3 1520 1580 1581
3 1520 1581 1521
3 1521 1581 1582
3 1521 1582 1522
3 1522 1582 1583
3 1522 1583 1523
3 1523 1583 1584
3 1523 1584 1524
3 1524 1584 1585
3 1524 1585 1525
3 1525 1585 1586
3 1525 1586 1526
3 1526 1586 1587
3 1526 1587 1527
3 1527 1587 1588
3 1527 1588 1528
3 1528 1588 1589
3 1528 1589 1529
3 1529 1589 1590
3 1529 1590 1530
3 1530 1590 1591
3 1530 1591 1531
3 1531 1591 1592
3 1531 1592 1532
3 1532 1592 1593
3 1532 1593 1533
3 1533 1593 1594
3 1533 1594 1534
3 1534 1594 1595
3 1534 1595 1535
3 1535 1595 1596
3 1535 1596 1536
3 1536 1596 1597
3 1536 1597 1537
3 1537 1597 1598
3 1537 1598 1538
3 1538 1598 1599
3 1538 1599 1539
3 1539 1599 1600
3 1539 1600 1540
3 1540 1600 1601
3 1540 1601 1541
3 1541 1601 1602
3 1541 1602 1542
3 1542 1602 1603
3 1542 1603 1543
3 1543 1603 1604
3 1543 1604 1544
3 1544 1604 1605
3 1544 1605 1545
3 1545 1605 1606
3 1545 1606 1546
3 1546 1606 1607
3 1546 1607 1547
3 1547 1607 1608
3 1547 1608 1548
3 1548 1608 1609
3 1548 1609 1549
3 1549 1609 1610
3 1549 1610 1550
3 1550 1610 1611
3 1550 1611 1551
3 1551 1611 1612
3 1551 1612 1552
3 1552 1612 1613
3 1552 1613 1553
3 1553 1613 1614
3 1553 1614 1554
3 1554 1614 1615
3 1554 1615 1555
3 1555 1615 1616
3 1555 1616 1556
3 1556 1616 1617
3 1556 1617 1557
3 1557 1617 1618
3 1557 1618 1558
3 1558 1618 1619
3 1558 1619 1559
3 1560 1620 1621
3 1560 1621 1561
3 1561 1621 1622
3 1561 1622 1562
3 1562 1622 1623
3 1562 1623 1563
3 1563 1623 1624
3 1563 1624 1564
3 1564 1624 1625
3 1564 1625 1565
3 1565 1625 1626
3 1565 1626 1566
3 1566 1626 1627
3 1566 1627 1567
3 1567 1627 1628
3 1567 1628 1568
3 1568 1628 1629
3 1568 1629 1569
3 1569 1629 1630
3 1569 1630 1570
3 1570 1630 1631
3 1570 1631 1571
3 1571 1631 1632
3 1571 1632 1572
3 1572 1632 1633
3 1572 1633 1573
3 1573 1633 1634
3 1573 1634 1574
3 1574 1634 1635
3 1574 1635 1575
3 1575 1635 1636
3 1575 1636 1576
3 1576 1636 1637
3 1576 1637 1577
3 1577 1637 1638
3 1577 1638 1578
3 1578 1638 1639
3 1578 1639 1579
3 1579 1639 1640
3 1579 1640 1580
3 1580 1640 1641
3 1580 1641 1581
3 1581 1641 1642
3 1581 1642 1582
3 1582 1642 1643
3 1582 1643 1583
3 1583 1643 1644
3 1583 1644 1584
3 1584 1644 1645
3 1584 1645 1585
3 1585 1645 1646
3 1585 1646 1586
3 1586 1646 1647
3 1586 1647 1587
3 1587 1647 1648
3 1587 1648 1588
3 1588 1648 1649
3 1588 1649 1589
3 1589 1649 1650
3 1589 1650 1590
3 1590 1650 1651
3 1590 1651 1591
3 1591 1651 1652
3 1591 1652 1592
3 1592 1652 1653
3 1592 1653 1593
3 1593 1653 1654
3 1593 1654 1594
3 1594 1654 1655
3 1594 1655 1595
3 1595 1655 1656
3 1595 1656 1596
3 1596 1656 1657
3 1596 1657 1597
3 1597 1657 1658
3 1597 1658 1598
3 1598 1658 1659
3 1598 1659 1599
3 1599 1659 1660
3 1599 1660 1600
3 1600 1660 1661
3 1600 1661 1601
3 1601 1661 1662
3 1601 1662 1602
3 1602 1662 1663
3 1602 1663 1603
3 1603 1663 1664
3 1603 1664 1604
3 1604 1664 1665
3 1604 1665 1605
3 1605 1665 1666
3 1605 1666 1606
3 1606 1666 1667
3 1606 1667 1607
3 1607 1667 1668
3 1607 1668 1608
3 1608 1668 1669
3 1608 1669 1609
3 1609 1669 1670
3 1609 1670 1610
3 1610 1670 1671
3 1610 1671 1611
3 1611 1671 1672
3 1611 1672 1612
3 1612 1672 1673
3 1612 1673 1613
3 1613 1673 1674
3 1613 1674 1614
3 1614 1674 1675
3 1614 1675 1615
3 1615 1675 1676
3 1615 1676 1616
3 1616 1676 1677
3 1616 1677 1617
3 1617 1677 1678
3 1617 1678 1618
3 1618 1678 1679
3 1618 1679 1619
3 1620 1680 1681
3 1620 1681 1621
3 1621 1681 1682
3 1621 1682 1622
3 1622 1682 1683
3 1622 1683 1623
3 1623 1683 1684
3 1623 1684 1624
3 1624 1684 1685
3 1624 1685 1625
3 1625 1685 1686
3 1625 1686 1626
3 1626 1686 1687
3 1626 1687 1627
3 1627 1687 1688
3 1627 1688 1628
3 1628 1688 1689
3 1628 1689 1629
3 1629 1689 1690
3 1629 1690 1630
3 1630 1690 1691
3 1630 1691 1631
3 1631 1691 1692
3 1631 1692 1632
3 1632 1692 1693
3 1632 1693 1633
3 1633 1693 1694
3 1633 1694 1634
3 1634 1694 1695
3 1634 1695 1635
3 1635 1695 1696
3 1635 1696 1636
3 1636 1696 1697
3 1636 1697 1637
3 1637 1697 1698
3 1637 1698 1638
3 1638 1698 1699
3 1638 1699 1639
3 1639 1699 1700
3 1639 1700 1640
3 1640 1700 1701
3 1640 1701 1641
3 1641 1701 1702
3 1641 1702 1642
3 1642 1702 1703
3 1642 1703 1643
3 1643 1703 1704
3 1643 1704 1644
3 1644 1704 1705
3 1644 1705 1645
3 1645 1705 1706
3 1645 1706 1646
3 1646 1706 1707
3 1646 1707 1647
3 1647 1707 1708
3 1647 1708 1648
3 1648 1708 1709
3 1648 1709 1649
3 1649 1709 1710
3 1649 1710 1650
3 1650 1710 1711
3 1650 1711 1651
3 1651 1711 1712
3 1651 1712 1652
3 1652 1712 1713
3 1652 1713 1653
3 1653 1713 1714
3 1653 1714 1654
3 1654 1714 1715
3 1654 1715 1655
3 1655 1715 1716
3 1655 1716 1656
3 1656 1716 1717
3 1656 1717 1657
3 1657 1717 1718
3 1657 1718 1658
3 1658 1718 1719
3 1658 1719 1659
3 1659 1719 1720
3 1659 1720 1660
3 1660 1720 1721
3 1660 1721 1661
3 1661 1721 1722
3 1661 1722 1662
3 1662 1722 1723
3 1662 1723 1663
3 1663 1723 1724
3 1663 1724 1664
3 1664 1724 1725
3 1664 1725 1665
3 1665 1725 1726
3 1665 1726 1666
3 1666 1726 1727
3 1666 1727 1667
3 1667 1727 1728
3 1667 1728 1668
3 1668 1728 1729
3 1668 1729 1669
3 1669 1729 1730
3 1669 1730 1670
3 1670 1730 1731
3 1670 1731 1671
3 1671 1731 1732
3 1671 1732 1672
3 1672 1732 1733
3 1672 1733 1673
3 1673 1733 1734
3 1673 1734 1674
3 1674 1734 1735
3 1674 1735 1675
3 1675 1735 1736
3 1675 1736 1676
3 1676 1736 1737
3 1676 1737 1677
3 1677 1737 1738
3 1677 1738 1678
3 1678 1738 1739
3 1678 1739 1679
3 1680 1740 1741
3 1680 1741 1681
3 1681 1741 1742
3 1681 1742 1682
3 1682 1742 1743
3 1682 1743 1683
3 1683 1743 1744
3 1683 1744 1684
3 1684 1744 1745
3 1684 1745 1685
3 1685 1745 1746
3 1685 1746 1686
3 1686 1746 1747
3 1686 1747 1687
3 1687 1747 1748
3 1687 1748 1688
3 1688 1748 1749
3 1688 1749 1689
3 1689 1749 1750
3 1689 1750 1690
3 1690 1750 1751
3 1690 1751 1691
3 1691 1751 1752
3 1691 1752 1692
3 1692 1752 1753
3 1692 1753 1693
3 1693 1753 1754
3 1693 1754 1694
3 1694 1754 1755
3 1694 1755 1695
3 1695 1755 1756
3 1695 1756 1696
3 1696 1756 1757
3 1696 1757 1697
3 1697 1757 1758
3 1697 1758 1698
3 1698 1758 1759
3 1698 1759 1699
3 1699 1759 1760
3 1699 1760 1700
3 1700 1760 1761
3 1700 1761 1701
3 1701 1761 1762
3 1701 1762 1702
3 1702 1762 1763
3 1702 1763 1703
3 1703 1763 1764
3 1703 1764 1704
3 1704 1764 1765
3 1704 1765 1705
3 1705 1765 1766
3 1705 1766 1706
3 1706 1766 1767
3 1706 1767 1707
3 1707 1767 1768
3 1707 1768 1708
3 1708 1768 1769
3 1708 1769 1709
3 1709 1769 1770
3 1709 1770 1710
3 1710 1770 1771
3 1710 1771 1711
3 1711 1771 1772
3 1711 1772 1712
3 1712 1772 1773
3 1712 1773 1713
3 1713 1773 1774
3 1713 1774 1714
3 1714 1774 1775
3 1714 1775 1715
3 1715 1775 1776
3 1715 1776 1716
3 1716 1776 1777
3 1716 1777 1717
3 1717 1777 1778
3 1717 1778 1718
3 1718 1778 1779
3 1718 1779 1719
3 1719 1779 1780
3 1719 1780 1720
3 1720 1780 1781
3 1720 1781 1721
3 1721 1781 1782
3 1721 1782 1722
3 1722 1782 1783
3 1722 1783 1723
3 1723 1783 1784
3 1723 1784 1724
3 1724 1784 1785
3 1724 1785 1725
3 1725 1785 1786
3 1725 1786 1726
3 1726 1786 1787
3 1726 1787 1727
3 1727 1787 1788
3 1727 1788 1728
3 1728 1788 1789
3 1728 1789 1729
3 1729 1789 1790
3 1729 1790 1730
3 1730 1790 1791
3 1730 1791 1731
3 1731 1791 1792
3 1731 1792 1732
3 1732 1792 1793
3 1732 1793 1733
3 1733 1793 1794
3 1733 1794 1734
3 1734 1794 1795
3 1734 1795 1735
3 1735 1795 1796
3 1735 1796 1736
3 1736 1796 1797
3 1736 1797 1737
3 1737 1797 1798
3 1737 1798 1738
3 1738 1798 1799
3 1738 1799 1739
3 1740 1800 1801
3 1740 1801 1741
3 1741 1801 1802
3 1741 1802 1742
3 1742 1802 1803
3 1742 1803 1743
3 1743 1803 1804
3 1743 1804 1744
3 1744 1804 1805
3 1744 1805 1745
3 1745 1805 1806
3 1745 1806 1746
3 1746 1806 1807
3 1746 1807 1747
3 1747 1807 1808
3 1747 1808 1748
3 1748 1808 1809
3 1748 1809 1749
3 1749 1809 1810
3 1749 1810 1750
3 1750 1810 1811
3 1750 1811 1751
3 1751 1811 1812
3 1751 1812 1752
3 1752 1812 1813
3 1752 1813 1753
3 1753 1813 1814
3 1753 1814 1754
3 1754 1814 1815
3 1754 1815 1755
3 1755 1815 1816
3 1755 1816 1756
3 1756 1816 1817
3 1756 1817 1757
3 1757 1817 1818
3 1757 1818 1758
3 1758 1818 1819
3 1758 1819 1759
3 1759 1819 1820
3 1759 1820 1760
3 1760 1820 1821
3 1760 1821 1761
3 1761 1821 1822
3 1761 1822 1762
3 1762 1822 1823
3 1762 1823 1763
3 1763 1823 1824
3 1763 1824 1764
3 1764 1824 1825
3 1764 1825 1765
3 1765 1825 1826
3 1765 1826 1766
3 1766 1826 1827
3 1766 1827 1767
3 1767 1827 1828
3 1767 1828 1768
3 1768 1828 1829
3 1768 1829 1769
3 1769 1829 1830
3 1769 1830 1770
3 1770 1830 1831
3 1770 1831 1771
3 1771 1831 1832
3 1771 1832 1772
3 1772 1832 1833
3 1772 1833 1773
3 1773 1833 1834
3 1773 1834 1774
3 1774 1834 1835
3 1774 1835 1775
3 1775 1835 1836
3 1775 1836 1776
3 1776 1836 1837
3 1776 1837 1777
3 1777 1837 1838
3 1777 1838 1778
3 1778 1838 1839
3 1778 1839 1779
3 1779 1839 1840
3 1779 1840 1780
3 1780 1840 1841
3 1780 1841 1781
3 1781 1841 1842
3 1781 1842 1782
3 1782 1842 1843
3 1782 1843 1783
3 1783 1843 1844
3 1783 1844 1784
3 1784 1844 1845
3 1784 1845 1785
3 1785 1845 1846
3 1785 1846 1786
3 1786 1846 1847
3 1786 1847 1787
3 1787 1847 1848
3 1787 1848 1788
3 1788 1848 1849
3 1788 1849 1789
3 1789 1849 1850
3 1789 1850 1790
3 1790 1850 1851
3 1790 1851 1791
3 1791 1851 1852
3 1791 1852 1792
3 1792 1852 1853
3 1792 1853 1793
3 1793 1853 1854
3 1793 1854 1794
3 1794 1854 1855
3 1794 1855 1795
3 1795 1855 1856
3 1795 1856 1796
3 1796 1856 1857
3 1796 1857 1797
3 1797 1857 1858
3 1797 1858 1798
3 1798 1858 1859
3 1798 1859 1799
3 1800 1860 1861
3 1800 1861 1801
3 1801 1861 1862
3 1801 1862 1802
3 1802 1862 1863
3 1802 1863 1803
3 1803 1863 1864
3 1803 1864 1804
3 1804 1864 1865
3 1804 1865 1805
3 1805 1865 1866
3 1805 1866 1806
3 1806 1866 1867
3 1806 1867 1807
3 1807 1867 1868
3 1807 1868 1808
3 1808 1868 1869
3 1808 1869 1809
3 1809 1869 1870
3 1809 1870 1810
3 1810 1870 1871
3 1810 1871 1811
3 1811 1871 1872
3 1811 1872 1812
3 1812 1872 1873
3 1812 1873 1813
3 1813 1873 1874
3 1813 1874 1814
3 1814 1874 1875
3 1814 1875 1815
3 1815 1875 1876
3 1815 1876 1816
3 1816 1876 1877
3 1816 1877 1817
3 1817 1877 1878
3 1817 1878 1818
3 1818 1878 1879
3 1818 1879 1819
3 1819 1879 1880
3 1819 1880 1820
3 1820 1880 1881
3 1820 1881 1821
3 1821 1881 1882
3 1821 1882 1822
3 1822 1882 1883
3 1822 1883 1823
3 1823 1883 1884
3 1823 1884 1824
3 1824 1884 1885
3 1824 1885 1825
3 1825 1885 1886
3 1825 1886 1826
3 1826 1886 1887
3 1826 1887 1827
3 1827 1887 1888
3 1827 1888 1828
3 1828 1888 1889
3 1828 1889 1829
3 1829 1889 1890
3 1829 1890 1830
3 1830 1890 1891
3 1830 1891 1831
3 1831 1891 1892
3 1831 1892 1832
3 1832 1892 1893
3 1832 1893 1833
3 1833 1893 1894
3 1833 1894 1834
3 1834 1894 1895
3 1834 1895 1835
3 1835 1895 1896
3 1835 1896 1836
3 1836 1896 1897
3 1836 1897 1837
3 1837 1897 1898
3 1837 1898 1838
3 1838 1898 1899
3 1838 1899 1839
3 1839 1899 1900
3 1839 1900 1840
3 1840 1900 1901
3 1840 1901 1841
3 1841 1901 1902
3 1841 1902 1842
3 1842 1902 1903
3 1842 1903 1843
3 1843 1903 1904
3 1843 1904 1844
3 1844 1904 1905
3 1844 1905 1845
3 1845 1905 1906
3 1845 1906 1846
3 1846 1906 1907
3 1846 1907 1847
3 1847 1907 1908
3 1847 1908 1848
3 1848 1908 1909
3 1848 1909 1849
3 1849 1909 1910
3 1849 1910 1850
3 1850 1910 1911
3 1850 1911 1851
3 1851 1911 1912
3 1851 1912 1852
3 1852 1912 1913
3 1852 1913 1853
3 1853 1913 1914
3 1853 1914 1854
3 1854 1914 1915
3 1854 1915 1855
3 1855 1915 1916
3 1855 1916 1856
3 1856 1916 1917
3 1856 1917 1857
3 1857 1917 1918
3 1857 1918 1858
3 1858 1918 1919
3 1858 1919 1859
3 1860 1920 1921
3 1860 1921 1861
3 1861 1921 1922
3 1861 1922 1862
3 1862 1922 1923
3 1862 1923 1863
3 1863 1923 1924
3 1863 1924 1864
3 1864 1924 1925
3 1864 1925 1865
3 1865 1925 1926
3 1865 1926 1866
3 1866 1926 1927
3 1866 1927 1867
3 1867 1927 1928
3 1867 1928 1868
3 1868 1928 1929
3 1868 1929 1869
3 1869 1929 1930
3 1869 1930 1870
3 1870 1930 1931
3 1870 1931 1871
3 1871 1931 1932
3 1871 1932 1872
3 1872 1932 1933
3 1872 1933 1873
3 1873 1933 1934
3 1873 1934 1874
3 1874 1934 1935
3 1874 1935 1875
3 1875 1935 1936
3 1875 1936 1876
3 1876 1936 1937
3 1876 1937 1877
3 1877 1937 1938
3 1877 1938 1878
3 1878 1938 1939
3 1878 1939 1879
3 1879 1939 1940
3 1879 1940 1880
3 1880 1940 1941
3 1880 1941 1881
3 1881 1941 1942
3 1881 1942 1882
3 1882 1942 1943
3 1882 1943 1883
3 1883 1943 1944
3 1883 1944 1884
3 1884 1944 1945
3 1884 1945 1885
3 1885 1945 1946
3 1885 1946 1886
3 1886 1946 1947
3 1886 1947 1887
3 1887 1947 1948
3 1887 1948 1888
3 1888 1948 1949
3 1888 1949 1889
3 1889 1949 1950
3 1889 1950 1890
3 1890 1950 1951
3 1890 1951 1891
3 1891 1951 1952
3 1891 1952 1892
3 1892 1952 1953
3 1892 1953 1893
3 1893 1953 1954
3 1893 1954 1894
3 1894 1954 1955
3 1894 1955 1895
3 1895 1955 1956
3 1895 1956 1896
3 1896 1956 1957
3 1896 1957 1897
3 1897 1957 1958
3 1897 1958 1898
3 1898 1958 1959
3 1898 1959 1899
3 1899 1959 1960
3 1899 1960 1900
3 1900 1960 1961
3 1900 1961 1901
3 1901 1961 1962
3 1901 1962 1902
3 1902 1962 1963
3 1902 1963 1903
3 1903 1963 1964
3 1903 1964 1904
3 1904 1964 1965
3 1904 1965 1905
3 1905 1965 1966
3 1905 1966 1906
3 1906 1966 1967
3 1906 1967 1907
3 1907 1967 1968
3 1907 1968 1908
3 1908 1968 1969
3 1908 1969 1909
3 1909 1969 1970
3 1909 1970 1910
3 1910 1970 1971
3 1910 1971 1911
3 1911 1971 1972
3 1911 1972 1912
3 1912 1972 1973
3 1912 1973 1913
3 1913 1973 1974
3 1913 1974 1914
3 1914 1974 1975
3 1914 1975 1915
3 1915 1975 1976
3 1915 1976 1916
3 1916 1976 1977
3 1916 1977 1917
3 1917 1977 1978
3 1917 1978 1918
3 1918 1978 1979
3 1918 1979 1919
3 1920 1980 1981
3 1920 1981 1921
3 1921 1981 1982
3 1921 1982 1922
3 1922 1982 1983
3 1922 1983 1923
3 1923 1983 1984
3 1923 1984 1924
3 1924 1984 1985
3 1924 1985 1925
3 1925 1985 1986
3 1925 1986 1926
3 1926 1986 1987
3 1926 1987 1927
3 1927 1987 1988
3 1927 1988 1928
3 1928 1988 1989
3 1928 1989 1929
3 1929 1989 1990
3 1929 1990 1930
3 1930 1990 1991
3 1930 1991 1931
3 1931 1991 1992
3 1931 1992 1932
3 1932 1992 1993
3 1932 1993 1933
3 1933 1993 1994
3 1933 1994 1934
3 1934 1994 1995
3 1934 1995 1935
3 1935 1995 1996
3 1935 1996 1936
3 1936 1996 1997
3 1936 1997 1937
3 1937 1997 1998
3 1937 1998 1938
3 1938 1998 1999
3 1938 1999 1939
3 1939 1999 2000
3 1939 2000 1940
3 1940 2000 2001
3 1940 2001 1941
3 1941 2001 2002
3 1941 2002 1942
3 1942 2002 2003
3 1942 2003 1943
3 1943 2003 2004
3 1943 2004 1944
3 1944 2004 2005
3 1944 2005 1945
3 1945 2005 2006
3 1945 2006 1946
3 1946 2006 2007
3 1946 2007 1947
3 1947 2007 2008
3 1947 2008 1948
3 1948 2008 2009
3 1948 2009 1949
3 1949 2009 2010
3 1949 2010 1950
3 1950 2010 2011
3 1950 2011 1951
3 1951 2011 2012
3 1951 2012 1952
3 1952 2012 2013
3 1952 2013 1953
3 1953 2013 2014
3 1953 2014 1954
3 1954 2014 2015
3 1954 2015 1955
3 1955 2015 2016
3 1955 2016 1956
3 1956 2016 2017
3 1956 2017 1957
3 1957 2017 2018
3 1957 2018 1958
3 1958 2018 2019
3 1958 2019 1959
3 1959 2019 2020
3 1959 2020 1960
3 1960 2020 2021
3 1960 2021 1961
3 1961 2021 2022
3 1961 2022 1962
3 1962 2022 2023
3 1962 2023 1963
3 1963 2023 2024
3 1963 2024 1964
3 1964 2024 2025
3 1964 2025 1965
3 1965 2025 2026
3 1965 2026 1966
3 1966 2026 2027
3 1966 2027 1967
3 1967 2027 2028
3 1967 2028 1968
3 1968 2028 2029
3 1968 2029 1969
3 1969 2029 2030
3 1969 2030 1970
3 1970 2030 2031
3 1970 2031 1971
3 1971 2031 2032
3 1971 2032 1972
3 1972 2032 2033
3 1972 2033 1973
3 1973 2033 2034
3 1973 2034 1974
3 1974 2034 2035
3 1974 2035 1975
3 1975 2035 2036
3 1975 2036 1976
3 1976 2036 2037
3 1976 2037 1977
3 1977 2037 2038
3 1977 2038 1978
3 1978 2038 2039
3 1978 2039 1979
3 1980 2040 2041
3 1980 2041 1981
3 1981 2041 2042
3 1981 2042 1982
3 1982 2042 2043
3 1982 2043 1983
3 1983 2043 2044
3 1983 2044 1984
3 1984 2044 2045
3 1984 2045 1985
3 1985 2045 2046
3 1985 2046 1986
3 1986 2046 2047
3 1986 2047 1987
3 1987 2047 2048
3 1987 2048 1988
3 1988 2048 2049
3 1988 2049 1989
3 1989 2049 2050
3 1989 2050 1990
3 1990 2050 2051
3 1990 2051 1991
3 1991 2051 2052
3 1991 2052 1992
3 1992 2052 2053
3 1992 2053 1993
3 1993 2053 2054
3 1993 2054 1994
3 1994 2054 2055
3 1994 2055 1995
3 1995 2055 2056
3 1995 2056 1996
3 1996 2056 2057
3 1996 2057 1997
3 1997 2057 2058
3 1997 2058 1998
3 1998 2058 2059
3 1998 2059 1999
3 1999 2059 2060
3 1999 2060 2000
3 2000 2060 2061
3 2000 2061 2001
3 2001 2061 2062
3 2001 2062 2002
3 2002 2062 2063
3 2002 2063 2003
3 2003 2063 2064
3 2003 2064 2004
3 2004 2064 2065
3 2004 2065 2005
3 2005 2065 2066
3 2005 2066 2006
3 2006 2066 2067
3 2006 2067 2007
3 2007 2067 2068
3 2007 2068 2008
3 2008 2068 2069
3 2008 2069 2009
3 2009 2069 2070
3 2009 2070 2010
3 2010 2070 2071
3 2010 2071 2011
3 2011 2071 2072
3 2011 2072 2012
3 2012 2072 2073
3 2012 2073 2013
3 2013 2073 2074
3 2013 2074 2014
3 2014 2074 2075
3 2014 2075 2015
3 2015 2075 2076
3 2015 2076 2016
3 2016 2076 2077
3 2016 2077 2017
3 2017 2077 2078
3 2017 2078 2018
3 2018 2078 2079
3 2018 2079 2019
3 2019 2079 2080
3 2019 2080 2020
3 2020 2080 2081
3 2020 2081 2021
3 2021 2081 2082
3 2021 2082 2022
3 2022 2082 2083
3 2022 2083 2023
3 2023 2083 2084
3 2023 2084 2024
3 2024 2084 2085
3 2024 2085 2025
3 2025 2085 2086
3 2025 2086 2026
3 2026 2086 2087
3 2026 2087 2027
3 2027 2087 2088
3 2027 2088 2028
3 2028 2088 2089
3 2028 2089 2029
3 2029 2089 2090
3 2029 2090 2030
3 2030 2090 2091
3 2030 2091 2031
3 2031 2091 2092
3 2031 2092 2032
3 2032 2092 2093
3 2032 2093 2033
3 2033 2093 2094
3 2033 2094 2034
3 2034 2094 2095
3 2034 2095 2035
3 2035 2095 2096
3 2035 2096 2036
3 2036 2096 2097
3 2036 2097 2037
3 2037 2097 2098
3 2037 2098 2038
3 2038 2098 2099
3 2038 2099 2039
3 2040 2100 2101
3 2040 2101 2041
3 2041 2101 2102
3 2041 2102 2042
3 2042 2102 2103
3 2042 2103 2043
3 2043 2103 2104
3 2043 2104 2044
3 2044 2104 2105
3 2044 2105 2045
3 2045 2105 2106
3 2045 2106 2046
3 2046 2106 2107
3 2046 2107 2047
3 2047 2107 2108
3 2047 2108 2048
3 2048 2108 2109
3 2048 2109 2049
3 2049 2109 2110
3 2049 2110 2050
3 2050 2110 2111
3 2050 2111 2051
3 2051 2111 2112
3 2051 2112 2052
3 2052 2112 2113
3 2052 2113 2053
3 2053 2113 2114
3 2053 2114 2054
3 2054 2114 2115
3 2054 2115 2055
3 2055 2115 2116
3 2055 2116 2056
3 2056 2116 2117
3 2056 2117 2057
3 2057 2117 2118
3 2057 2118 2058
3 2058 2118 2119
3 2058 2119 2059
3 2059 2119 2120
3 2059 2120 2060
3 2060 2120 2121
3 2060 2121 2061
3 2061 2121 2122
3 2061 2122 2062
3 2062 2122 2123
3 2062 2123 2063
3 2063 2123 2124
3 2063 2124 2064
3 2064 2124 2125
3 2064 2125 2065
3 2065 2125 2126
3 2065 2126 2066
3 2066 2126 2127
3 2066 2127 2067
3 2067 2127 2128
3 2067 2128 2068
3 2068 2128 2129
3 2068 2129 2069
3 2069 2129 2130
3 2069 2130 2070
3 2070 2130 2131
3 2070 2131 2071
3 2071 2131 2132
3 2071 2132 2072
3 2072 2132 2133
3 2072 2133 2073
3 2073 2133 2134
3 2073 2134 2074
3 2074 2134 2135
3 2074 2135 2075
3 2075 2135 2136
3 2075 2136 2076
3 2076 2136 2137
3 2076 2137 2077
3 2077 2137 2138
3 2077 2138 2078
3 2078 2138 2139
3 2078 2139 2079
3 2079 2139 2140
3 2079 2140 2080
3 2080 2140 2141
3 2080 2141 2081
3 2081 2141 2142
3 2081 2142 2082
3 2082 2142 2143
3 2082 2143 2083
3 2083 2143 2144
3 2083 2144 2084
3 2084 2144 2145
3 2084 2145 2085
3 2085 2145 2146
3 2085 2146 2086
3 2086 2146 2147
3 2086 2147 2087
3 2087 2147 2148
3 2087 2148 2088
3 2088 2148 2149
3 2088 2149 2089
3 2089 2149 2150
3 2089 2150 2090
3 2090 2150 2151
3 2090 2151 2091
3 2091 2151 2152
3 2091 2152 2092
3 2092 2152 2153
3 2092 2153 2093
3 2093 2153 2154
3 2093 2154 2094
3 2094 2154 2155
3 2094 2155 2095
3 2095 2155 2156
3 2095 2156 2096
3 2096 2156 2157
3 2096 2157 2097
3 2097 2157 2158
3 2097 2158 2098
3 2098 2158 2159
3 2098 2159 2099
3 2100 2160 2161
3 2100 2161 2101
3 2101 2161 2162
3 2101 2162 2102
3 2102 2162 2163
3 2102 2163 2103
3 2103 2163 2164
3 2103 2164 2104
3 2104 2164 2165
3 2104 2165 2105
3 2105 2165 2166
3 2105 2166 2106
3 2106 2166 2167
3 2106 2167 2107
3 2107 2167 2168
3 2107 2168 2108
3 2108 2168 2169
3 2108 2169 2109
3 2109 2169 2170
3 2109 2170 2110
3 2110 2170 2171
3 2110 2171 2111
3 2111 2171 2172
3 2111 2172 2112
3 2112 2172 2173
3 2112 2173 2113
3 2113 2173 2174
3 2113 2174 2114
3 2114 2174 2175
3 2114 2175 2115
3 2115 2175 2176
3 2115 2176 2116
3 2116 2176 2177
3 2116 2177 2117
3 2117 2177 2178
3 2117 2178 2118
3 2118 2178 2179
3 2118 2179 2119
3 2119 2179 2180
3 2119 2180 2120
3 2120 2180 2181
3 2120 2181 2121
3 2121 2181 2182
3 2121 2182 2122
3 2122 2182 2183
3 2122 2183 2123
3 2123 2183 2184
3 2123 2184 2124
3 2124 2184 2185
3 2124 2185 2125
3 2125 2185 2186
3 2125 2186 2126
3 2126 2186 2187
3 2126 2187 2127
3 2127 2187 2188
3 2127 2188 2128
3 2128 2188 2189
3 2128 2189 2129
3 2129 2189 2190
3 2129 2190 2130
3 2130 2190 2191
3 2130 2191 2131
3 2131 2191 2192
3 2131 2192 2132
3 2132 2192 2193
3 2132 2193 2133
3 2133 2193 2194
3 2133 2194 2134
3 2134 2194 2195
3 2134 2195 2135
3 2135 2195 2196
3 2135 2196 2136
3 2136 2196 2197
3 2136 2197 2137
3 2137 2197 2198
3 2137 2198 2138
3 2138 2198 2199
3 2138 2199 2139
3 2139 2199 2200
3 2139 2200 2140
3 2140 2200 2201
3 2140 2201 2141
3 2141 2201 2202
3 2141 2202 2142
3 2142 2202 2203
3 2142 2203 2143
3 2143 2203 2204
3 2143 2204 2144
3 2144 2204 2205
3 2144 2205 2145
3 2145 2205 2206
3 2145 2206 2146
3 2146 2206 2207
3 2146 2207 2147
3 2147 2207 2208
3 2147 2208 2148
3 2148 2208 2209
3 2148 2209 2149
3 2149 2209 2210
3 2149 2210 2150
3 2150 2210 2211
3 2150 2211 2151
3 2151 2211 2212
3 2151 2212 2152
3 2152 2212 2213
3 2152 2213 2153
3 2153 2213 2214
3 2153 2214 2154
3 2154 2214 2215
3 2154 2215 2155
3 2155 2215 2216
3 2155 2216 2156
3 2156 2216 2217
3 2156 2217 2157
3 2157 2217 2218
3 2157 2218 2158
3 2158 2218 2219
3 2158 2219 2159
3 2160 2220 2221
3 2160 2221 2161
3 2161 2221 2222
3 2161 2222 2162
3 2162 2222 2223
3 2162 2223 2163
3 2163 2223 2224
3 2163 2224 2164
3 2164 2224 2225
3 2164 2225 2165
3 2165 2225 2226
3 2165 2226 2166
3 2166 2226 2227
3 2166 2227 2167
3 2167 2227 2228
3 2167 2228 2168
3 2168 2228 2229
3 2168 2229 2169
3 2169 2229 2230
3 2169 2230 2170
3 2170 2230 2231
3 2170 2231 2171
3 2171 2231 2232
3 2171 2232 2172
3 2172 2232 2233
3 2172 2233 2173
3 2173 2233 2234
3 2173 2234 2174
3 2174 2234 2235
3 2174 2235 2175
3 2175 2235 2236
3 2175 2236 2176
3 2176 2236 2237
3 2176 2237 2177
3 2177 2237 2238
3 2177 2238 2178
3 2178 2238 2239
3 2178 2239 2179
3 2179 2239 2240
3 2179 2240 2180
3 2180 2240 2241
3 2180 2241 2181
3 2181 2241 2242
3 2181 2242 2182
3 2182 2242 2243
3 2182 2243 2183
3 2183 2243 2244
3 2183 2244 2184
3 2184 2244 2245
3 2184 2245 2185
3 2185 2245 2246
3 2185 2246 2186
3 2186 2246 2247
3 2186 2247 2187
3 2187 2247 2248
3 2187 2248 2188
3 2188 2248 2249
3 2188 2249 2189
3 2189 2249 2250
3 2189 2250 2190
3 2190 2250 2251
3 2190 2251 2191
3 2191 2251 2252
3 2191 2252 2192
3 2192 2252 2253
3 2192 2253 2193
3 2193 2253 2254
3 2193 2254 2194
3 2194 2254 2255
3 2194 2255 2195
3 2195 2255 2256
3 2195 2256 2196
3 2196 2256 2257
3 2196 2257 2197
3 2197 2257 2258
3 2197 2258 2198
3 2198 2258 2259
3 2198 2259 2199
3 2199 2259 2260
3 2199 2260 2200
3 2200 2260 2261
3 2200 2261 2201
3 2201 2261 2262
3 2201 2262 2202
3 2202 2262 2263
3 2202 2263 2203
3 2203 2263 2264
3 2203 2264 2204
3 2204 2264 2265
3 2204 2265 2205
3 2205 2265 2266
3 2205 2266 2206
3 2206 2266 2267
3 2206 2267 2207
3 2207 2267 2268
3 2207 2268 2208
3 2208 2268 2269
3 2208 2269 2209
3 2209 2269 2270
3 2209 2270 2210
3 2210 2270 2271
3 2210 2271 2211
3 2211 2271 2272
3 2211 2272 2212
3 2212 2272 2273
3 2212 2273 2213
3 2213 2273 2274
3 2213 2274 2214
3 2214 2274 2275
3 2214 2275 2215
3 2215 2275 2276
3 2215 2276 2216
3 2216 2276 2277
3 2216 2277 2217
3 2217 2277 2278
3 2217 2278 2218
3 2218 2278 2279
3 2218 2279 2219
3 2220 2280 2281
3 2220 2281 2221
3 2221 2281 2282
3 2221 2282 2222
3 2222 2282 2283
3 2222 2283 2223
3 2223 2283 2284
3 2223 2284 2224
3 2224 2284 2285
3 2224 2285 2225
3 2225 2285 2286
3 2225 2286 2226
3 2226 2286 2287
3 2226 2287 2227
3 2227 2287 2288
3 2227 2288 2228
3 2228 2288 2289
3 2228 2289 2229
3 2229 2289 2290
3 2229 2290 2230
3 2230 2290 2291
3 2230 2291 2231
3 2231 2291 2292
3 2231 2292 2232
3 2232 2292 2293
3 2232 2293 2233
3 2233 2293 2294
3 2233 2294 2234
3 2234 2294 2295
3 2234 2295 2235
3 2235 2295 2296
3 2235 2296 2236
3 2236 2296 2297
3 2236 2297 2237
3 2237 2297 2298
3 2237 2298 2238
3 2238 2298 2299
3 2238 2299 2239
3 2239 2299 2300
3 2239 2300 2240
3 2240 2300 2301
3 2240 2301 2241
3 2241 2301 2302
3 2241 2302 2242
3 2242 2302 2303
3 2242 2303 2243
3 2243 2303 2304
3 2243 2304 2244
3 2244 2304 2305
3 2244 2305 2245
3 2245 2305 2306
3 2245 2306 2246
3 2246 2306 2307
3 2246 2307 2247
3 2247 2307 2308
3 2247 2308 2248
3 2248 2308 2309
3 2248 2309 2249
3 2249 2309 2310
3 2249 2310 2250
3 2250 2310 2311
3 2250 2311 2251
3 2251 2311 2312
3 2251 2312 2252
3 2252 2312 2313
3 2252 2313 2253
3 2253 2313 2314
3 2253 2314 2254
3 2254 2314 2315
3 2254 2315 2255
3 2255 2315 2316
3 2255 2316 2256
3 2256 2316 2317
3 2256 2317 2257
3 2257 2317 2318
3 2257 2318 2258
3 2258 2318 2319
3 2258 2319 2259
3 2259 2319 2320
3 2259 2320 2260
3 2260 2320 2321
3 2260 2321 2261
3 2261 2321 2322
3 2261 2322 2262
3 2262 2322 2323
3 2262 2323 2263
3 2263 2323 2324
3 2263 2324 2264
3 2264 2324 2325
3 2264 2325 2265
3 2265 2325 2326
3 2265 2326 2266
3 2266 2326 2327
3 2266 2327 2267
3 2267 2327 2328
3 2267 2328 2268
3 2268 2328 2329
3 2268 2329 2269
3 2269 2329 2330
3 2269 2330 2270
3 2270 2330 2331
3 2270 2331 2271
3 2271 2331 2332
3 2271 2332 2272
3 2272 2332 2333
3 2272 2333 2273
3 2273 2333 2334
3 2273 2334 2274
3 2274 2334 2335
3 2274 2335 2275
3 2275 2335 2336
3 2275 2336 2276
3 2276 2336 2337
3 2276 2337 2277
3 2277 2337 2338
3 2277 2338 2278
3 2278 2338 2339
3 2278 2339 2279
3 2280 2340 2341
3 2280 2341 2281
3 2281 2341 2342
3 2281 2342 2282
3 2282 2342 2343
3 2282 2343 2283
3 2283 2343 2344
3 2283 2344 2284
3 2284 2344 2345
3 2284 2345 2285
3 2285 2345 2346
3 2285 2346 2286
3 2286 2346 2347
3 2286 2347 2287
3 2287 2347 2348
3 2287 2348 2288
3 2288 2348 2349
3 2288 2349 2289
3 2289 2349 2350
3 2289 2350 2290
3 2290 2350 2351
3 2290 2351 2291
3 2291 2351 2352
3 2291 2352 2292
3 2292 2352 2353
3 2292 2353 2293
3 2293 2353 2354
3 2293 2354 2294
3 2294 2354 2355
3 2294 2355 2295
3 2295 2355 2356
3 2295 2356 2296
3 2296 2356 2357
3 2296 2357 2297
3 2297 2357 2358
3 2297 2358 2298
3 2298 2358 2359
3 2298 2359 2299
3 2299 2359 2360
3 2299 2360 2300
3 2300 2360 2361
3 2300 2361 2301
3 2301 2361 2362
3 2301 2362 2302
3 2302 2362 2363
3 2302 2363 2303
3 2303 2363 2364
3 2303 2364 2304
3 2304 2364 2365
3 2304 2365 2305
3 2305 2365 2366
3 2305 2366 2306
3 2306 2366 2367
3 2306 2367 2307
3 2307 2367 2368
3 2307 2368 2308
3 2308 2368 2369
3 2308 2369 2309
3 2309 2369 2370
3 2309 2370 2310
3 2310 2370 2371
3 2310 2371 2311
3 2311 2371 2372
3 2311 2372 2312
3 2312 2372 2373
3 2312 2373 2313
3 2313 2373 2374
3 2313 2374 2314
3 2314 2374 2375
3 2314 2375 2315
3 2315 2375 2376
3 2315 2376 2316
3 2316 2376 2377
3 2316 2377 2317
3 2317 2377 2378
3 2317 2378 2318
3 2318 2378 2379
3 2318 2379 2319
3 2319 2379 2380
3 2319 2380 2320
3 2320 2380 2381
3 2320 2381 2321
3 2321 2381 2382
3 2321 2382 2322
3 2322 2382 2383
3 2322 2383 2323
3 2323 2383 2384
3 2323 2384 2324
3 2324 2384 2385
3 2324 2385 2325
3 2325 2385 2386
3 2325 2386 2326
3 2326 2386 2387
3 2326 2387 2327
3 2327 2387 2388
3 2327 2388 2328
3 2328 2388 2389
3 2328 2389 2329
3 2329 2389 2390
3 2329 2390 2330
3 2330 2390 2391
3 2330 2391 2331
3 2331 2391 2392
3 2331 2392 2332
3 2332 2392 2393
3 2332 2393 2333
3 2333 2393 2394
3 2333 2394 2334
3 2334 2394 2395
3 2334 2395 2335
3 2335 2395 2396
3 2335 2396 2336
3 2336 2396 2397
3 2336 2397 2337
3 2337 2397 2398
3 2337 2398 2338
3 2338 2398 2399
3 2338 2399 2339
3 2340 2400 2401
3 2340 2401 2341
3 2341 2401 2402
3 2341 2402 2342
3 2342 2402 2403
3 2342 2403 2343
3 2343 2403 2404
3 2343 2404 2344
3 2344 2404 2405
3 2344 2405 2345
3 2345 2405 2406
3 2345 2406 2346
3 2346 2406 2407
3 2346 2407 2347
3 2347 2407 2408
3 2347 2408 2348
3 2348 2408 2409
3 2348 2409 2349
3 2349 2409 2410
3 2349 2410 2350
3 2350 2410 2411
3 2350 2411 2351
3 2351 2411 2412
3 2351 2412 2352
3 2352 2412 2413
3 2352 2413 2353
3 2353 2413 2414
3 2353 2414 2354
3 2354 2414 2415
3 2354 2415 2355
3 2355 2415 2416
3 2355 2416 2356
3 2356 2416 2417
3 2356 2417 2357
3 2357 2417 2418
3 2357 2418 2358
3 2358 2418 2419
3 2358 2419 2359
3 2359 2419 2420
3 2359 2420 2360
3 2360 2420 2421
3 2360 2421 2361
3 2361 2421 2422
3 2361 2422 2362
3 2362 2422 2423
3 2362 2423 2363
3 2363 2423 2424
3 2363 2424 2364
3 2364 2424 2425
3 2364 2425 2365
3 2365 2425 2426
3 2365 2426 2366
3 2366 2426 2427
3 2366 2427 2367
3 2367 2427 2428
3 2367 2428 2368
3 2368 2428 2429
3 2368 2429 2369
3 2369 2429 2430
3 2369 2430 2370
3 2370 2430 2431
3 2370 2431 2371
3 2371 2431 2432
3 2371 2432 2372
3 2372 2432 2433
3 2372 2433 2373
3 2373 2433 2434
3 2373 2434 2374
3 2374 2434 2435
3 2374 2435 2375
3 2375 2435 2436
3 2375 2436 2376
3 2376 2436 2437
3 2376 2437 2377
3 2377 2437 2438
3 2377 2438 2378
3 2378 2438 2439
3 2378 2439 2379
3 2379 2439 2440
3 2379 2440 2380
3 2380 2440 2441
3 2380 2441 2381
3 2381 2441 2442
3 2381 2442 2382
3 2382 2442 2443
3 2382 2443 2383
3 2383 2443 2444
3 2383 2444 2384
3 2384 2444 2445
3 2384 2445 2385
3 2385 2445 2446
3 2385 2446 2386
3 2386 2446 2447
3 2386 2447 2387
3 2387 2447 2448
3 2387 2448 2388
3 2388 2448 2449
3 2388 2449 2389
3 2389 2449 2450
3 2389 2450 2390
3 2390 2450 2451
3 2390 2451 2391
3 2391 2451 2452
3 2391 2452 2392
3 2392 2452 2453
3 2392 2453 2393
3 2393 2453 2454
3 2393 2454 2394
3 2394 2454 2455
3 2394 2455 2395
3 2395 2455 2456
3 2395 2456 2396
3 2396 2456 2457
3 2396 2457 2397
3 2397 2457 2458
3 2397 2458 2398
3 2398 2458 2459
3 2398 2459 2399
3 2400 2460 2461
3 2400 2461 2401
3 2401 2461 2462
3 2401 2462 2402
3 2402 2462 2463
3 2402 2463 2403
3 2403 2463 2464
3 2403 2464 2404
3 2404 2464 2465
3 2404 2465 2405
3 2405 2465 2466
3 2405 2466 2406
3 2406 2466 2467
3 2406 2467 2407
3 2407 2467 2468
3 2407 2468 2408
3 2408 2468 2469
3 2408 2469 2409
3 2409 2469 2470
3 2409 2470 2410
3 2410 2470 2471
3 2410 2471 2411
3 2411 2471 2472
3 2411 2472 2412
3 2412 2472 2473
3 2412 2473 2413
3 2413 2473 2474
3 2413 2474 2414
3 2414 2474 2475
3 2414 2475 2415
3 2415 2475 2476
3 2415 2476 2416
3 2416 2476 2477
3 2416 2477 2417
3 2417 2477 2478
3 2417 2478 2418
3 2418 2478 2479
3 2418 2479 2419
3 2419 2479 2480
3 2419 2480 2420
3 2420 2480 2481
3 2420 2481 2421
3 2421 2481 2482
3 2421 2482 2422
3 2422 2482 2483
3 2422 2483 2423
3 2423 2483 2484
3 2423 2484 2424
3 2424 2484 2485
3 2424 2485 2425
3 2425 2485 2486
3 2425 2486 2426
3 2426 2486 2487
3 2426 2487 2427
3 2427 2487 2488
3 2427 2488 2428
3 2428 2488 2489
3 2428 2489 2429
3 2429 2489 2490
3 2429 2490 2430
3 2430 2490 2491
3 2430 2491 2431
3 2431 2491 2492
3 2431 2492 2432
3 2432 2492 2493
3 2432 2493 2433
3 2433 2493 2494
3 2433 2494 2434
3 2434 2494 2495
3 2434 2495 2435
3 2435 2495 2496
3 2435 2496 2436
3 2436 2496 2497
3 2436 2497 2437
3 2437 2497 2498
3 2437 2498 2438
3 2438 2498 2499
3 2438 2499 2439
3 2439 2499 2500
3 2439 2500 2440
3 2440 2500 2501
3 2440 2501 2441
3 2441 2501 2502
3 2441 2502 2442
3 2442 2502 2503
3 2442 2503 2443
3 2443 2503 2504
3 2443 2504 2444
3 2444 2504 2505
3 2444 2505 2445
3 2445 2505 2506
3 2445 2506 2446
3 2446 2506 2507
3 2446 2507 2447
3 2447 2507 2508
3 2447 2508 2448
3 2448 2508 2509
3 2448 2509 2449
3 2449 2509 2510
3 2449 2510 2450
3 2450 2510 2511
3 2450 2511 2451
3 2451 2511 2512
3 2451 2512 2452
3 2452 2512 2513
3 2452 2513 2453
3 2453 2513 2514
3 2453 2514 2454
3 2454 2514 2515
3 2454 2515 2455
3 2455 2515 2516
3 2455 2516 2456
3 2456 2516 2517
3 2456 2517 2457
3 2457 2517 2518
3 2457 2518 2458
3 2458 2518 2519
3 2458 2519 2459
3 2460 2520 2521
3 2460 2521 2461
3 2461 2521 2522
3 2461 2522 2462
3 2462 2522 2523
3 2462 2523 2463
3 2463 2523 2524
3 2463 2524 2464
3 2464 2524 2525
3 2464 2525 2465
3 2465 2525 2526
3 2465 2526 2466
3 2466 2526 2527
3 2466 2527 2467
3 2467 2527 2528
3 2467 2528 2468
3 2468 2528 2529
3 2468 2529 2469
3 2469 2529 2530
3 2469 2530 2470
3 2470 2530 2531
3 2470 2531 2471
3 2471 2531 2532
3 2471 2532 2472
3 2472 2532 2533
3 2472 2533 2473
3 2473 2533 2534
3 2473 2534 2474
3 2474 2534 2535
3 2474 2535 2475
3 2475 2535 2536
3 2475 2536 2476
3 2476 2536 2537
3 2476 2537 2477
3 2477 2537 2538
3 2477 2538 2478
3 2478 2538 2539
3 2478 2539 2479
3 2479 2539 2540
3 2479 2540 2480
3 2480 2540 2541
3 2480 2541 2481
3 2481 2541 2542
3 2481 2542 2482
3 2482 2542 2543
3 2482 2543 2483
3 2483 2543 2544
3 2483 2544 2484
3 2484 2544 2545
3 2484 2545 2485
3 2485 2545 2546
3 2485 2546 2486
3 2486 2546 2547
3 2486 2547 2487
3 2487 2547 2548
3 2487 2548 2488
3 2488 2548 2549
3 2488 2549 2489
3 2489 2549 2550
3 2489 2550 2490
3 2490 2550 2551
3 2490 2551 2491
3 2491 2551 2552
3 2491 2552 2492
3 2492 2552 2553
3 2492 2553 2493
3 2493 2553 2554
3 2493 2554 2494
3 2494 2554 2555
3 2494 2555 2495
3 2495 2555 2556
3 2495 2556 2496
3 2496 2556 2557
3 2496 2557 2497
3 2497 2557 2558
3 2497 2558 2498
3 2498 2558 2559
3 2498 2559 2499
3 2499 2559 2560
3 2499 2560 2500
3 2500 2560 2561
3 2500 2561 2501
3 2501 2561 2562
3 2501 2562 2502
3 2502 2562 2563
3 2502 2563 2503
3 2503 2563 2564
3 2503 2564 2504
3 2504 2564 2565
3 2504 2565 2505
3 2505 2565 2566
3 2505 2566 2506
3 2506 2566 2567
3 2506 2567 2507
3 2507 2567 2568
3 2507 2568 2508
3 2508 2568 2569
3 2508 2569 2509
3 2509 2569 2570
3 2509 2570 2510
3 2510 2570 2571
3 2510 2571 2511
3 2511 2571 2572
3 2511 2572 2512
3 2512 2572 2573
3 2512 2573 2513
3 2513 2573 2574
3 2513 2574 2514
3 2514 2574 2575
3 2514 2575 2515
3 2515 2575 2576
3 2515 2576 2516
3 2516 2576 2577
3 2516 2577 2517
3 2517 2577 2578
3 2517 2578 2518
3 2518 2578 2579
3 2518 2579 2519
3 2520 2580 2581
3 2520 2581 2521
3 2521 2581 2582
3 2521 2582 2522
3 2522 2582 2583
3 2522 2583 2523
3 2523 2583 2584
3 2523 2584 2524
3 2524 2584 2585
3 2524 2585 2525
3 2525 2585 2586
3 2525 2586 2526
3 2526 2586 2587
3 2526 2587 2527
3 2527 2587 2588
3 2527 2588 2528
3 2528 2588 2589
3 2528 2589 2529
3 2529 2589 2590
3 2529 2590 2530
3 2530 2590 2591
3 2530 2591 2531
3 2531 2591 2592
3 2531 2592 2532
3 2532 2592 2593
3 2532 2593 2533
3 2533 2593 2594
3 2533 2594 2534
3 2534 2594 2595
3 2534 2595 2535
3 2535 2595 2596
3 2535 2596 2536
3 2536 2596 2597
3 2536 2597 2537
3 2537 2597 2598
3 2537 2598 2538
3 2538 2598 2599
3 2538 2599 2539
3 2539 2599 2600
3 2539 2600 2540
3 2540 2600 2601
3 2540 2601 2541
3 2541 2601 2602
3 2541 2602 2542
3 2542 2602 2603
3 2542 2603 2543
3 2543 2603 2604
3 2543 2604 2544
3 2544 2604 2605
3 2544 2605 2545
3 2545 2605 2606
3 2545 2606 2546
3 2546 2606 2607
3 2546 2607 2547
3 2547 2607 2608
3 2547 2608 2548
3 2548 2608 2609
3 2548 2609 2549
3 2549 2609 2610
3 2549 2610 2550
3 2550 2610 2611
3 2550 2611 2551
3 2551 2611 2612
3 2551 2612 2552
3 2552 2612 2613
3 2552 2613 2553
3 2553 2613 2614
3 2553 2614 2554
3 2554 2614 2615
3 2554 2615 2555
3 2555 2615 2616
3 2555 2616 2556
3 2556 2616 2617
3 2556 2617 2557
3 2557 2617 2618
3 2557 2618 2558
3 2558 2618 2619
3 2558 2619 2559
3 2559 2619 2620
3 2559 2620 2560
3 2560 2620 2621
3 2560 2621 2561
3 2561 2621 2622
3 2561 2622 2562
3 2562 2622 2623
3 2562 2623 2563
3 2563 2623 2624
3 2563 2624 2564
3 2564 2624 2625
3 2564 2625 2565
3 2565 2625 2626
3 2565 2626 2566
3 2566 2626 2627
3 2566 2627 2567
3 2567 2627 2628
3 2567 2628 2568
3 2568 2628 2629
3 2568 2629 2569
3 2569 2629 2630
3 2569 2630 2570
3 2570 2630 2631
3 2570 2631 2571
3 2571 2631 2632
3 2571 2632 2572
3 2572 2632 2633
3 2572 2633 2573
3 2573 2633 2634
3 2573 2634 2574
3 2574 2634 2635
3 2574 2635 2575
3 2575 2635 2636
3 2575 2636 2576
3 2576 2636 2637
3 2576 2637 2577
3 2577 2637 2638
3 2577 2638 2578
3 2578 2638 2639
3 2578 2639 2579
3 2580 2640 2641
3 2580 2641 2581
3 2581 2641 2642
3 2581 2642 2582
3 2582 2642 2643
3 2582 2643 2583
3 2583 2643 2644
3 2583 2644 2584
3 2584 2644 2645
3 2584 2645 2585
3 2585 2645 2646
3 2585 2646 2586
3 2586 2646 2647
3 2586 2647 2587
3 2587 2647 2648
3 2587 2648 2588
3 2588 2648 2649
3 2588 2649 2589
3 2589 2649 2650
3 2589 2650 2590
3 2590 2650 2651
3 2590 2651 2591
3 2591 2651 2652
3 2591 2652 2592
3 2592 2652 2653
3 2592 2653 2593
3 2593 2653 2654
3 2593 2654 2594
3 2594 2654 2655
3 2594 2655 2595
3 2595 2655 2656
3 2595 2656 2596
3 2596 2656 2657
3 2596 2657 2597
3 2597 2657 2658
3 2597 2658 2598
3 2598 2658 2659
3 2598 2659 2599
3 2599 2659 2660
3 2599 2660 2600
3 2600 2660 2661
3 2600 2661 2601
3 2601 2661 2662
3 2601 2662 2602
3 2602 2662 2663
3 2602 2663 2603
3 2603 2663 2664
3 2603 2664 2604
3 2604 2664 2665
3 2604 2665 2605
3 2605 2665 2666
3 2605 2666 2606
3 2606 2666 2667
3 2606 2667 2607
3 2607 2667 2668
3 2607 2668 2608
3 2608 2668 2669
3 2608 2669 2609
3 2609 2669 2670
3 2609 2670 2610
3 2610 2670 2671
3 2610 2671 2611
3 2611 2671 2672
3 2611 2672 2612
3 2612 2672 2673
3 2612 2673 2613
3 2613 2673 2674
3 2613 2674 2614
3 2614 2674 2675
3 2614 2675 2615
3 2615 2675 2676
3 2615 2676 2616
3 2616 2676 2677
3 2616 2677 2617
3 2617 2677 2678
3 2617 2678 2618
3 2618 2678 2679
3 2618 2679 2619
3 2619 2679 2680
3 2619 2680 2620
3 2620 2680 2681
3 2620 2681 2621
3 2621 2681 2682
3 2621 2682 2622
3 2622 2682 2683
3 2622 2683 2623
3 2623 2683 2684
3 2623 2684 2624
3 2624 2684 2685
3 2624 2685 2625
3 2625 2685 2686
3 2625 2686 2626
3 2626 2686 2687
3 2626 2687 2627
3 2627 2687 2688
3 2627 2688 2628
3 2628 2688 2689
3 2628 2689 2629
3 2629 2689 2690
3 2629 2690 2630
3 2630 2690 2691
3 2630 2691 2631
3 2631 2691 2692
3 2631 2692 2632
3 2632 2692 2693
3 2632 2693 2633
3 2633 2693 2694
3 2633 2694 2634
3 2634 2694 2695
3 2634 2695 2635
3 2635 2695 2696
3 2635 2696 2636
3 2636 2696 2697
3 2636 2697 2637
3 2637 2697 2698
3 2637 2698 2638
3 2638 2698 2699
3 2638 2699 2639
3 2640 2700 2701
3 2640 2701 2641
3 2641 2701 2702
3 2641 2702 2642
3 2642 2702 2703
3 2642 2703 2643
3 2643 2703 2704
3 2643 2704 2644
3 2644 2704 2705
3 2644 2705 2645
3 2645 2705 2706
3 2645 2706 2646
3 2646 2706 2707
3 2646 2707 2647
3 2647 2707 2708
3 2647 2708 2648
3 2648 2708 2709
3 2648 2709 2649
3 2649 2709 2710
3 2649 2710 2650
3 2650 2710 2711
3 2650 2711 2651
3 2651 2711 2712
3 2651 2712 2652
3 2652 2712 2713
3 2652 2713 2653
3 2653 2713 2714
3 2653 2714 2654
3 2654 2714 2715
3 2654 2715 2655
3 2655 2715 2716
3 2655 2716 2656
3 2656 2716 2717
3 2656 2717 2657
3 2657 2717 2718
3 2657 2718 2658
3 2658 2718 2719
3 2658 2719 2659
3 2659 2719 2720
3 2659 2720 2660
3 2660 2720 2721
3 2660 2721 2661
3 2661 2721 2722
3 2661 2722 2662
3 2662 2722 2723
3 2662 2723 2663
3 2663 2723 2724
3 2663 2724 2664
3 2664 2724 2725
3 2664 2725 2665
3 2665 2725 2726
3 2665 2726 2666
3 2666 2726 2727
3 2666 2727 2667
3 2667 2727 2728
3 2667 2728 2668
3 2668 2728 2729
3 2668 2729 2669
3 2669 2729 2730
3 2669 2730 2670
3 2670 2730 2731
3 2670 2731 2671
3 2671 2731 2732
3 2671 2732 2672
3 2672 2732 2733
3 2672 2733 2673
3 2673 2733 2734
3 2673 2734 2674
3 2674 2734 2735
3 2674 2735 2675
3 2675 2735 2736
3 2675 2736 2676
3 2676 2736 2737
3 2676 2737 2677
3 2677 2737 2738
3 2677 2738 2678
3 2678 2738 2739
3 2678 2739 2679
3 2679 2739 2740
3 2679 2740 2680
3 2680 2740 2741
3 2680 2741 2681
3 2681 2741 2742
3 2681 2742 2682
3 2682 2742 2743
3 2682 2743 2683
3 2683 2743 2744
3 2683 2744 2684
3 2684 2744 2745
3 2684 2745 2685
3 2685 2745 2746
3 2685 2746 2686
3 2686 2746 2747
3 2686 2747 2687
3 2687 2747 2748
3 2687 2748 2688
3 2688 2748 2749
3 2688 2749 2689
3 2689 2749 2750
3 2689 2750 2690
3 2690 2750 2751
3 2690 2751 2691
3 2691 2751 2752
3 2691 2752 2692
3 2692 2752 2753
3 2692 2753 2693
3 2693 2753 2754
3 2693 2754 2694
3 2694 2754 2755
3 2694 2755 2695
3 2695 2755 2756
3 2695 2756 2696
3 2696 2756 2757
3 2696 2757 2697
3 2697 2757 2758
3 2697 2758 2698
3 2698 2758 2759
3 2698 2759 2699
3 2700 2760 2761
3 2700 2761 2701
3 2701 2761 2762
3 2701 2762 2702
3 2702 2762 2763
3 2702 2763 2703
3 2703 2763 2764
3 2703 2764 2704
3 2704 2764 2765
3 2704 2765 2705
3 2705 2765 2766
3 2705 2766 2706
3 2706 2766 2767
3 2706 2767 2707
3 2707 2767 2768
3 2707 2768 2708
3 2708 2768 2769
3 2708 2769 2709
3 2709 2769 2770
3 2709 2770 2710
3 2710 2770 2771
3 2710 2771 2711
3 2711 2771 2772
3 2711 2772 2712
3 2712 2772 2773
3 2712 2773 2713
3 2713 2773 2774
3 2713 2774 2714
3 2714 2774 2775
3 2714 2775 2715
3 2715 2775 2776
3 2715 2776 2716
3 2716 2776 2777
3 2716 2777 2717
3 2717 2777 2778
3 2717 2778 2718
3 2718 2778 2779
3 2718 2779 2719
3 2719 2779 2780
3 2719 2780 2720
3 2720 2780 2781
3 2720 2781 2721
3 2721 2781 2782
3 2721 2782 2722
3 2722 2782 2783
3 2722 2783 2723
3 2723 2783 2784
3 2723 2784 2724
3 2724 2784 2785
3 2724 2785 2725
3 2725 2785 2786
3 2725 2786 2726
3 2726 2786 2787
3 2726 2787 2727
3 2727 2787 2788
3 2727 2788 2728
3 2728 2788 2789
3 2728 2789 2729
3 2729 2789 2790
3 2729 2790 2730
3 2730 2790 2791
3 2730 2791 2731
3 2731 2791 2792
3 2731 2792 2732
3 2732 2792 2793
3 2732 2793 2733
3 2733 2793 2794
3 2733 2794 2734
3 2734 2794 2795
3 2734 2795 2735
3 2735 2795 2796
3 2735 2796 2736
3 2736 2796 2797
3 2736 2797 2737
3 2737 2797 2798
3 2737 2798 2738
3 2738 2798 2799
3 2738 2799 2739
3 2739 2799 2800
3 2739 2800 2740
3 2740 2800 2801
3 2740 2801 2741
3 2741 2801 2802
3 2741 2802 2742
3 2742 2802 2803
3 2742 2803 2743
3 2743 2803 2804
3 2743 2804 2744
3 2744 2804 2805
3 2744 2805 2745
3 2745 2805 2806
3 2745 2806 2746
3 2746 2806 2807
3 2746 2807 2747
3 2747 2807 2808
3 2747 2808 2748
3 2748 2808 2809
3 2748 2809 2749
3 2749 2809 2810
3 2749 2810 2750
3 2750 2810 2811
3 2750 2811 2751
3 2751 2811 2812
3 2751 2812 2752
3 2752 2812 2813
3 2752 2813 2753
3 2753 2813 2814
3 2753 2814 2754
3 2754 2814 2815
3 2754 2815 2755
3 2755 2815 2816
3 2755 2816 2756
3 2756 2816 2817
3 2756 2817 2757
3 2757 2817 2818
3 2757 2818 2758
3 2758 2818 2819
3 2758 2819 2759
3 2760 2820 2821
3 2760 2821 2761
3 2761 2821 2822
3 2761 2822 2762
3 2762 2822 2823
3 2762 2823 2763
3 2763 2823 2824
3 2763 2824 2764
3 2764 2824 2825
3 2764 2825 2765
3 2765 2825 2826
3 2765 2826 2766
3 2766 2826 2827
3 2766 2827 2767
3 2767 2827 2828
3 2767 2828 2768
3 2768 2828 2829
3 2768 2829 2769
3 2769 2829 2830
3 2769 2830 2770
3 2770 2830 2831
3 2770 2831 2771
3 2771 2831 2832
3 2771 2832 2772
3 2772 2832 2833
3 2772 2833 2773
3 2773 2833 2834
3 2773 2834 2774
3 2774 2834 2835
3 2774 2835 2775
3 2775 2835 2836
3 2775 2836 2776
3 2776 2836 2837
3 2776 2837 2777
3 2777 2837 2838
3 2777 2838 2778
3 2778 2838 2839
3 2778 2839 2779
3 2779 2839 2840
3 2779 2840 2780
3 2780 2840 2841
3 2780 2841 2781
3 2781 2841 2842
3 2781 2842 2782
3 2782 2842 2843
3 2782 2843 2783
3 2783 2843 2844
3 2783 2844 2784
3 2784 2844 2845
3 2784 2845 2785
3 2785 2845 2846
3 2785 2846 2786
3 2786 2846 2847
3 2786 2847 2787
3 2787 2847 2848
3 2787 2848 2788
3 2788 2848 2849
3 2788 2849 2789
3 2789 2849 2850
3 2789 2850 2790
3 2790 2850 2851
3 2790 2851 2791
3 2791 2851 2852
3 2791 2852 2792
3 2792 2852 2853
3 2792 2853 2793
3 2793 2853 2854
3 2793 2854 2794
3 2794 2854 2855
3 2794 2855 2795
3 2795 2855 2856
3 2795 2856 2796
3 2796 2856 2857
3 2796 2857 2797
3 2797 2857 2858
3 2797 2858 2798
3 2798 2858 2859
3 2798 2859 2799
3 2799 2859 2860
3 2799 2860 2800
3 2800 2860 2861
3 2800 2861 2801
3 2801 2861 2862
3 2801 2862 2802
3 2802 2862 2863
3 2802 2863 2803
3 2803 2863 2864
3 2803 2864 2804
3 2804 2864 2865
3 2804 2865 2805
3 2805 2865 2866
3 2805 2866 2806
3 2806 2866 2867
3 2806 2867 2807
3 2807 2867 2868
3 2807 2868 2808
3 2808 2868 2869
3 2808 2869 2809
3 2809 2869 2870
3 2809 2870 2810
3 2810 2870 2871
3 2810 2871 2811
3 2811 2871 2872
3 2811 2872 2812
3 2812 2872 2873
3 2812 2873 2813
3 2813 2873 2874
3 2813 2874 2814
3 2814 2874 2875
3 2814 2875 2815
3 2815 2875 2876
3 2815 2876 2816
3 2816 2876 2877
3 2816 2877 2817
3 2817 2877 2878
3 2817 2878 2818
3 2818 2878 2879
3 2818 2879 2819
3 2820 2880 2881
3 2820 2881 2821
3 2821 2881 2882
3 2821 2882 2822
3 2822 2882 2883
3 2822 2883 2823
3 2823 2883 2884
3 2823 2884 2824
3 2824 2884 2885
3 2824 2885 2825
3 2825 2885 2886
3 2825 2886 2826
3 2826 2886 2887
3 2826 2887 2827
3 2827 2887 2888
3 2827 2888 2828
3 2828 2888 2889
3 2828 2889 2829
3 2829 2889 2890
3 2829 2890 2830
3 2830 2890 2891
3 2830 2891 2831
3 2831 2891 2892
3 2831 2892 2832
3 2832 2892 2893
3 2832 2893 2833
3 2833 2893 2894
3 2833 2894 2834
3 2834 2894 2895
3 2834 2895 2835
3 2835 2895 2896
3 2835 2896 2836
3 2836 2896 2897
3 2836 2897 2837
3 2837 2897 2898
3 2837 2898 2838
3 2838 2898 2899
3 2838 2899 2839
3 2839 2899 2900
3 2839 2900 2840
3 2840 2900 2901
3 2840 2901 2841
3 2841 2901 2902
3 2841 2902 2842
3 2842 2902 2903
3 2842 2903 2843
3 2843 2903 2904
3 2843 2904 2844
3 2844 2904 2905
3 2844 2905 2845
3 2845 2905 2906
3 2845 2906 2846
3 2846 2906 2907
3 2846 2907 2847
3 2847 2907 2908
3 2847 2908 2848
3 2848 2908 2909
3 2848 2909 2849
3 2849 2909 2910
3 2849 2910 2850
3 2850 2910 2911
3 2850 2911 2851
3 2851 2911 2912
3 2851 2912 2852
3 2852 2912 2913
3 2852 2913 2853
3 2853 2913 2914
3 2853 2914 2854
3 2854 2914 2915
3 2854 2915 2855
3 2855 2915 2916
3 2855 2916 2856
3 2856 2916 2917
3 2856 2917 2857
3 2857 2917 2918
3 2857 2918 2858
3 2858 2918 2919
3 2858 2919 2859
3 2859 2919 2920
3 2859 2920 2860
3 2860 2920 2921
3 2860 2921 2861
3 2861 2921 2922
3 2861 2922 2862
3 2862 2922 2923
3 2862 2923 2863
3 2863 2923 2924
3 2863 2924 2864
3 2864 2924 2925
3 2864 2925 2865
3 2865 2925 2926
3 2865 2926 2866
3 2866 2926 2927
3 2866 2927 2867
3 2867 2927 2928
3 2867 2928 2868
3 2868 2928 2929
3 2868 2929 2869
3 2869 2929 2930
3 2869 2930 2870
3 2870 2930 2931
3 2870 2931 2871
3 2871 2931 2932
3 2871 2932 2872
3 2872 2932 2933
3 2872 2933 2873
3 2873 2933 2934
3 2873 2934 2874
3 2874 2934 2935
3 2874 2935 2875
3 2875 2935 2936
3 2875 2936 2876
3 2876 2936 2937
3 2876 2937 2877
3 2877 2937 2938
3 2877 2938 2878
3 2878 2938 2939
3 2878 2939 2879
3 2880 2940 2941
3 2880 2941 2881
3 2881 2941 2942
3 2881 2942 2882
3 2882 2942 2943
3 2882 2943 2883
3 2883 2943 2944
3 2883 2944 2884
3 2884 2944 2945
3 2884 2945 2885
3 2885 2945 2946
3 2885 2946 2886
3 2886 2946 2947
3 2886 2947 2887
3 2887 2947 2948
3 2887 2948 2888
3 2888 2948 2949
3 2888 2949 2889
3 2889 2949 2950
3 2889 2950 2890
3 2890 2950 2951
3 2890 2951 2891
3 2891 2951 2952
3 2891 2952 2892
3 2892 2952 2953
3 2892 2953 2893
3 2893 2953 2954
3 2893 2954 2894
3 2894 2954 2955
3 2894 2955 2895
3 2895 2955 2956
3 2895 2956 2896
3 2896 2956 2957
3 2896 2957 2897
3 2897 2957 2958
3 2897 2958 2898
3 2898 2958 2959
3 2898 2959 2899
3 2899 2959 2960
3 2899 2960 2900
3 2900 2960 2961
3 2900 2961 2901
3 2901 2961 2962
3 2901 2962 2902
3 2902 2962 2963
3 2902 2963 2903
3 2903 2963 2964
3 2903 2964 2904
3 2904 2964 2965
3 2904 2965 2905
3 2905 2965 2966
3 2905 2966 2906
3 2906 2966 2967
3 2906 2967 2907
3 2907 2967 2968
3 2907 2968 2908
3 2908 2968 2969
3 2908 2969 2909
3 2909 2969 2970
3 2909 2970 2910
3 2910 2970 2971
3 2910 2971 2911
3 2911 2971 2972
3 2911 2972 2912
3 2912 2972 2973
3 2912 2973 2913
3 2913 2973 2974
3 2913 2974 2914
3 2914 2974 2975
3 2914 2975 2915
3 2915 2975 2976
3 2915 2976 2916
3 2916 2976 2977
3 2916 2977 2917
3 2917 2977 2978
3 2917 2978 2918
3 2918 2978 2979
3 2918 2979 2919
3 2919 2979 2980
3 2919 2980 2920
3 2920 2980 2981
3 2920 2981 2921
3 2921 2981 2982
3 2921 2982 2922
3 2922 2982 2983
3 2922 2983 2923
3 2923 2983 2984
3 2923 2984 2924
3 2924 2984 2985
3 2924 2985 2925
3 2925 2985 2986
3 2925 2986 2926
3 2926 2986 2987
3 2926 2987 2927
3 2927 2987 2988
3 2927 2988 2928
3 2928 2988 2989
3 2928 2989 2929
3 2929 2989 2990
3 2929 2990 2930
3 2930 2990 2991
3 2930 2991 2931
3 2931 2991 2992
3 2931 2992 2932
3 2932 2992 2993
3 2932 2993 2933
3 2933 2993 2994
3 2933 2994 2934
3 2934 2994 2995
3 2934 2995 2935
3 2935 2995 2996
3 2935 2996 2936
3 2936 2996 2997
3 2936 2997 2937
3 2937 2997 2998
3 2937 2998 2938
3 2938 2998 2999
3 2938 2999 2939
3 2940 3000 3001
3 2940 3001 2941
3 2941 3001 3002
3 2941 3002 2942
3 2942 3002 3003
3 2942 3003 2943
3 2943 3003 3004
3 2943 3004 2944
3 2944 3004 3005
3 2944 3005 2945
3 2945 3005 3006
3 2945 3006 2946
3 2946 3006 3007
3 2946 3007 2947
3 2947 3007 3008
3 2947 3008 2948
3 2948 3008 3009
3 2948 3009 2949
3 2949 3009 3010
3 2949 3010 2950
3 2950 3010 3011
3 2950 3011 2951
3 2951 3011 3012
3 2951 3012 2952
3 2952 3012 3013
3 2952 3013 2953
3 2953 3013 3014
3 2953 3014 2954
3 2954 3014 3015
3 2954 3015 2955
3 2955 3015 3016
3 2955 3016 2956
3 2956 3016 3017
3 2956 3017 2957
3 2957 3017 3018
3 2957 3018 2958
3 2958 3018 3019
3 2958 3019 2959
3 2959 3019 3020
3 2959 3020 2960
3 2960 3020 3021
3 2960 3021 2961
3 2961 3021 3022
3 2961 3022 2962
3 2962 3022 3023
3 2962 3023 2963
3 2963 3023 3024
3 2963 3024 2964
3 2964 3024 3025
3 2964 3025 2965
3 2965 3025 3026
3 2965 3026 2966
3 2966 3026 3027
3 2966 3027 2967
3 2967 3027 3028
3 2967 3028 2968
3 2968 3028 3029
3 2968 3029 2969
3 2969 3029 3030
3 2969 3030 2970
3 2970 3030 3031
3 2970 3031 2971
3 2971 3031 3032
3 2971 3032 2972
3 2972 3032 3033
3 2972 3033 2973
3 2973 3033 3034
3 2973 3034 2974
3 2974 3034 3035
3 2974 3035 2975
3 2975 3035 3036
3 2975 3036 2976
3 2976 3036 3037
3 2976 3037 2977
3 2977 3037 3038
3 2977 3038 2978
3 2978 3038 3039
3 2978 3039 2979
3 2979 3039 3040
3 2979 3040 2980
3 2980 3040 3041
3 2980 3041 2981
3 2981 3041 3042
3 2981 3042 2982
3 2982 3042 3043
3 2982 3043 2983
3 2983 3043 3044
3 2983 3044 2984
3 2984 3044 3045
3 2984 3045 2985
3 2985 3045 3046
3 2985 3046 2986
3 2986 3046 3047
3 2986 3047 2987
3 2987 3047 3048
3 2987 3048 2988
3 2988 3048 3049
3 2988 3049 2989
3 2989 3049 3050
3 2989 3050 2990
3 2990 3050 3051
3 2990 3051 2991
3 2991 3051 3052
3 2991 3052 2992
3 2992 3052 3053
3 2992 3053 2993
3 2993 3053 3054
3 2993 3054 2994
3 2994 3054 3055
3 2994 3055 2995
3 2995 3055 3056
3 2995 3056 2996
3 2996 3056 3057
3 2996 3057 2997
3 2997 3057 3058
3 2997 3058 2998
3 2998 3058 3059
3 2998 3059 2999
3 3000 3060 3061
3 3000 3061 3001
3 3001 3061 3062
3 3001 3062 3002
3 3002 3062 3063
3 3002 3063 3003
3 3003 3063 3064
3 3003 3064 3004
3 3004 3064 3065
3 3004 3065 3005
3 3005 3065 3066
3 3005 3066 3006
3 3006 3066 3067
3 3006 3067 3007
3 3007 3067 3068
3 3007 3068 3008
3 3008 3068 3069
3 3008 3069 3009
3 3009 3069 3070
3 3009 3070 3010
3 3010 3070 3071
3 3010 3071 3011
3 3011 3071 3072
3 3011 3072 3012
3 3012 3072 3073
3 3012 3073 3013
3 3013 3073 3074
3 3013 3074 3014
3 3014 3074 3075
3 3014 3075 3015
3 3015 3075 3076
3 3015 3076 3016
3 3016 3076 3077
3 3016 3077 3017
3 3017 3077 3078
3 3017 3078 3018
3 3018 3078 3079
3 3018 3079 3019
3 3019 3079 3080
3 3019 3080 3020
3 3020 3080 3081
3 3020 3081 3021
3 3021 3081 3082
3 3021 3082 3022
3 3022 3082 3083
3 3022 3083 3023
3 3023 3083 3084
3 3023 3084 3024
3 3024 3084 3085
3 3024 3085 3025
3 3025 3085 3086
3 3025 3086 3026
3 3026 3086 3087
3 3026 3087 3027
3 3027 3087 3088
3 3027 3088 3028
3 3028 3088 3089
3 3028 3089 3029
3 3029 3089 3090
3 3029 3090 3030
3 3030 3090 3091
3 3030 3091 3031
3 3031 3091 3092
3 3031 3092 3032
3 3032 3092 3093
3 3032 3093 3033
3 3033 3093 3094
3 3033 3094 3034
3 3034 3094 3095
3 3034 3095 3035
3 3035 3095 3096
3 3035 3096 3036
3 3036 3096 3097
3 3036 3097 3037
3 3037 3097 3098
3 3037 3098 3038
3 3038 3098 3099
3 3038 3099 3039
3 3039 3099 3100
3 3039 3100 3040
3 3040 3100 3101
3 3040 3101 3041
3 3041 3101 3102
3 3041 3102 3042
3 3042 3102 3103
3 3042 3103 3043
3 3043 3103 3104
3 3043 3104 3044
3 3044 3104 3105
3 3044 3105 3045
3 3045 3105 3106
3 3045 3106 3046
3 3046 3106 3107
3 3046 3107 3047
3 3047 3107 3108
3 3047 3108 3048
3 3048 3108 3109
3 3048 3109 3049
3 3049 3109 3110
3 3049 3110 3050
3 3050 3110 3111
3 3050 3111 3051
3 3051 3111 3112
3 3051 3112 3052
3 3052 3112 3113
3 3052 3113 3053
3 3053 3113 3114
3 3053 3114 3054
3 3054 3114 3115
3 3054 3115 3055
3 3055 3115 3116
3 3055 3116 3056
3 3056 3116 3117
3 3056 3117 3057
3 3057 3117 3118
3 3057 3118 3058
3 3058 3118 3119
3 3058 3119 3059
3 3060 3120 3121
3 3060 3121 3061
3 3061 3121 3122
3 3061 3122 3062
3 3062 3122 3123
3 3062 3123 3063
3 3063 3123 3124
3 3063 3124 3064
3 3064 3124 3125
3 3064 3125 3065
3 3065 3125 3126
3 3065 3126 3066
3 3066 3126 3127
3 3066 3127 3067
3 3067 3127 3128
3 3067 3128 3068
3 3068 3128 3129
3 3068 3129 3069
3 3069 3129 3130
3 3069 3130 3070
3 3070 3130 3131
3 3070 3131 3071
3 3071 3131 3132
3 3071 3132 3072
3 3072 3132 3133
3 3072 3133 3073
3 3073 3133 3134
3 3073 3134 3074
3 3074 3134 3135
3 3074 3135 3075
3 3075 3135 3136
3 3075 3136 3076
3 3076 3136 3137
3 3076 3137 3077
3 3077 3137 3138
3 3077 3138 3078
3 3078 3138 3139
3 3078 3139 3079
3 3079 3139 3140
3 3079 3140 3080
3 3080 3140 3141
3 3080 3141 3081
3 3081 3141 3142
3 3081 3142 3082
3 3082 3142 3143
3 3082 3143 3083
3 3083 3143 3144
3 3083 3144 3084
3 3084 3144 3145
3 3084 3145 3085
3 3085 3145 3146
3 3085 3146 3086
3 3086 3146 3147
3 3086 3147 3087
3 3087 3147 3148
3 3087 3148 3088
3 3088 3148 3149
3 3088 3149 3089
3 3089 3149 3150
3 3089 3150 3090
3 3090 3150 3151
3 3090 3151 3091
3 3091 3151 3152
3 3091 3152 3092
3 3092 3152 3153
3 3092 3153 3093
3 3093 3153 3154
3 3093 3154 3094
3 3094 3154 3155
3 3094 3155 3095
3 3095 3155 3156
3 3095 3156 3096
3 3096 3156 3157
3 3096 3157 3097
3 3097 3157 3158
3 3097 3158 3098
3 3098 3158 3159
3 3098 3159 3099
3 3099 3159 3160
3 3099 3160 3100
3 3100 3160 3161
3 3100 3161 3101
3 3101 3161 3162
3 3101 3162 3102
3 3102 3162 3163
3 3102 3163 3103
3 3103 3163 3164
3 3103 3164 3104
3 3104 3164 3165
3 3104 3165 3105
3 3105 3165 3166
3 3105 3166 3106
3 3106 3166 3167
3 3106 3167 3107
3 3107 3167 3168
3 3107 3168 3108
3 3108 3168 3169
3 3108 3169 3109
3 3109 3169 3170
3 3109 3170 3110
3 3110 3170 3171
3 3110 3171 3111
3 3111 3171 3172
3 3111 3172 3112
3 3112 3172 3173
3 3112 3173 3113
3 3113 3173 3174
3 3113 3174 3114
3 3114 3174 3175
3 3114 3175 3115
3 3115 3175 3176
3 3115 3176 3116
3 3116 3176 3177
3 3116 3177 3117
3 3117 3177 3178
3 3117 3178 3118
3 3118 3178 3179
3 3118 3179 3119
3 3120 3180 3181
3 3120 3181 3121
3 3121 3181 3182
3 3121 3182 3122
3 3122 3182 3183
3 3122 3183 3123
3 3123 3183 3184
3 3123 3184 3124
3 3124 3184 3185
3 3124 3185 3125
3 3125 3185 3186
3 3125 3186 3126
3 3126 3186 3187
3 3126 3187 3127
3 3127 3187 3188
3 3127 3188 3128
3 3128 3188 3189
3 3128 3189 3129
3 3129 3189 3190
3 3129 3190 3130
3 3130 3190 3191
3 3130 3191 3131
3 3131 3191 3192
3 3131 3192 3132
3 3132 3192 3193
3 3132 3193 3133
3 3133 3193 3194
3 3133 3194 3134
3 3134 3194 3195
3 3134 3195 3135
3 3135 3195 3196
3 3135 3196 3136
3 3136 3196 3197
3 3136 3197 3137
3 3137 3197 3198
3 3137 3198 3138
3 3138 3198 3199
3 3138 3199 3139
3 3139 3199 3200
3 3139 3200 3140
3 3140 3200 3201
3 3140 3201 3141
3 3141 3201 3202
3 3141 3202 3142
3 3142 3202 3203
3 3142 3203 3143
3 3143 3203 3204
3 3143 3204 3144
3 3144 3204 3205
3 3144 3205 3145
3 3145 3205 3206
3 3145 3206 3146
3 3146 3206 3207
3 3146 3207 3147
3 3147 3207 3208
3 3147 3208 3148
3 3148 3208 3209
3 3148 3209 3149
3 3149 3209 3210
3 3149 3210 3150
3 3150 3210 3211
3 3150 3211 3151
3 3151 3211 3212
3 3151 3212 3152
3 3152 3212 3213
3 3152 3213 3153
3 3153 3213 3214
3 3153 3214 3154
3 3154 3214 3215
3 3154 3215 3155
3 3155 3215 3216
3 3155 3216 3156
3 3156 3216 3217
3 3156 3217 3157
3 3157 3217 3218
3 3157 3218 3158
3 3158 3218 3219
3 3158 3219 3159
3 3159 3219 3220
3 3159 3220 3160
3 3160 3220 3221
3 3160 3221 3161
3 3161 3221 3222
3 3161 3222 3162
3 3162 3222 3223
3 3162 3223 3163
3 3163 3223 3224
3 3163 3224 3164
3 3164 3224 3225
3 3164 3225 3165
3 3165 3225 3226
3 3165 3226 3166
3 3166 3226 3227
3 3166 3227 3167
3 3167 3227 3228
3 3167 3228 3168
3 3168 3228 3229
3 3168 3229 3169
3 3169 3229 3230
3 3169 3230 3170
3 3170 3230 3231
3 3170 3231 3171
3 3171 3231 3232
3 3171 3232 3172
3 3172 3232 3233
3 3172 3233 3173
3 3173 3233 3234
3 3173 3234 3174
3 3174 3234 3235
3 3174 3235 3175
3 3175 3235 3236
3 3175 3236 3176
3 3176 3236 3237
3 3176 3237 3177
3 3177 3237 3238
3 3177 3238 3178
3 3178 3238 3239
3 3178 3239 3179
3 3180 3240 3241
3 3180 3241 3181
3 3181 3241 3242
3 3181 3242 3182
3 3182 3242 3243
3 3182 3243 3183
3 3183 3243 3244
3 3183 3244 3184
3 3184 3244 3245
3 3184 3245 3185
3 3185 3245 3246
3 3185 3246 3186
3 3186 3246 3247
3 3186 3247 3187
3 3187 3247 3248
3 3187 3248 3188
3 3188 3248 3249
3 3188 3249 3189
3 3189 3249 3250
3 3189 3250 3190
3 3190 3250 3251
3 3190 3251 3191
3 3191 3251 3252
3 3191 3252 3192
3 3192 3252 3253
3 3192 3253 3193
3 3193 3253 3254
3 3193 3254 3194
3 3194 3254 3255
3 3194 3255 3195
3 3195 3255 3256
3 3195 3256 3196
3 3196 3256 3257
3 3196 3257 3197
3 3197 3257 3258
3 3197 3258 3198
3 3198 3258 3259
3 3198 3259 3199
3 3199 3259 3260
3 3199 3260 3200
3 3200 3260 3261
3 3200 3261 3201
3 3201 3261 3262
3 3201 3262 3202
3 3202 3262 3263
3 3202 3263 3203
3 3203 3263 3264
3 3203 3264 3204
3 3204 3264 3265
3 3204 3265 3205
3 3205 3265 3266
3 3205 3266 3206
3 3206 3266 3267
3 3206 3267 3207
3 3207 3267 3268
3 3207 3268 3208
3 3208 3268 3269
3 3208 3269 3209
3 3209 3269 3270
3 3209 3270 3210
3 3210 3270 3271
3 3210 3271 3211
3 3211 3271 3272
3 3211 3272 3212
3 3212 3272 3273
3 3212 3273 3213
3 3213 3273 3274
3 3213 3274 3214
3 3214 3274 3275
3 3214 3275 3215
3 3215 3275 3276
3 3215 3276 3216
3 3216 3276 3277
3 3216 3277 3217
3 3217 3277 3278
3 3217 3278 3218
3 3218 3278 3279
3 3218 3279 3219
3 3219 3279 3280
3 3219 3280 3220
3 3220 3280 3281
3 3220 3281 3221
3 3221 3281 3282
3 3221 3282 3222
3 3222 3282 3283
3 3222 3283 3223
3 3223 3283 3284
3 3223 3284 3224
3 3224 3284 3285
3 3224 3285 3225
3 3225 3285 3286
3 3225 3286 3226
3 3226 3286 3287
3 3226 3287 3227
3 3227 3287 3288
3 3227 3288 3228
3 3228 3288 3289
3 3228 3289 3229
3 3229 3289 3290
3 3229 3290 3230
3 3230 3290 3291
3 3230 3291 3231
3 3231 3291 3292
3 3231 3292 3232
3 3232 3292 3293
3 3232 3293 3233
3 3233 3293 3294
3 3233 3294 3234
3 3234 3294 3295
3 3234 3295 3235
3 3235 3295 3296
3 3235 3296 3236
3 3236 3296 3297
3 3236 3297 3237
3 3237 3297 3298
3 3237 3298 3238
3 3238 3298 3299
3 3238 3299 3239
3 3240 3300 3301
3 3240 3301 3241
3 3241 3301 3302
3 3241 3302 3242
3 3242 3302 3303
3 3242 3303 3243
3 3243 3303 3304
3 3243 3304 3244
3 3244 3304 3305
3 3244 3305 3245
3 3245 3305 3306
3 3245 3306 3246
3 3246 3306 3307
3 3246 3307 3247
3 3247 3307 3308
3 3247 3308 3248
3 3248 3308 3309
3 3248 3309 3249
3 3249 3309 3310
3 3249 3310 3250
3 3250 3310 3311
3 3250 3311 3251
3 3251 3311 3312
3 3251 3312 3252
3 3252 3312 3313
3 3252 3313 3253
3 3253 3313 3314
3 3253 3314 3254
3 3254 3314 3315
3 3254 3315 3255
3 3255 3315 3316
3 3255 3316 3256
3 3256 3316 3317
3 3256 3317 3257
3 3257 3317 3318
3 3257 3318 3258
3 3258 3318 3319
3 3258 3319 3259
3 3259 3319 3320
3 3259 3320 3260
3 3260 3320 3321
3 3260 3321 3261
3 3261 3321 3322
3 3261 3322 3262
3 3262 3322 3323
3 3262 3323 3263
3 3263 3323 3324
3 3263 3324 3264
3 3264 3324 3325
3 3264 3325 3265
3 3265 3325 3326
3 3265 3326 3266
3 3266 3326 3327
3 3266 3327 3267
3 3267 3327 3328
3 3267 3328 3268
3 3268 3328 3329
3 3268 3329 3269
3 3269 3329 3330
3 3269 3330 3270
3 3270 3330 3331
3 3270 3331 3271
3 3271 3331 3332
3 3271 3332 3272
3 3272 3332 3333
3 3272 3333 3273
3 3273 3333 3334
3 3273 3334 3274
3 3274 3334 3335
3 3274 3335 3275
3 3275 3335 3336
3 3275 3336 3276
3 3276 3336 3337
3 3276 3337 3277
3 3277 3337 3338
3 3277 3338 3278
3 3278 3338 3339
3 3278 3339 3279
3 3279 3339 3340
3 3279 3340 3280
3 3280 3340 3341
3 3280 3341 3281
3 3281 3341 3342
3 3281 3342 3282
3 3282 3342 3343
3 3282 3343 3283
3 3283 3343 3344
3 3283 3344 3284
3 3284 3344 3345
3 3284 3345 3285
3 3285 3345 3346
3 3285 3346 3286
3 3286 3346 3347
3 3286 3347 3287
3 3287 3347 3348
3 3287 3348 3288
3 3288 3348 3349
3 3288 3349 3289
3 3289 3349 3350
3 3289 3350 3290
3 3290 3350 3351
3 3290 3351 3291
3 3291 3351 3352
3 3291 3352 3292
3 3292 3352 3353
3 3292 3353 3293
3 3293 3353 3354
3 3293 3354 3294
3 3294 3354 3355
3 3294 3355 3295
3 3295 3355 3356
3 3295 3356 3296
3 3296 3356 3357
3 3296 3357 3297
3 3297 3357 3358
3 3297 3358 3298
3 3298 3358 3359
3 3298 3359 3299
3 3300 3360 3361
3 3300 3361 3301
3 3301 3361 3362
3 3301 3362 3302
3 3302 3362 3363
3 3302 3363 3303
3 3303 3363 3364
3 3303 3364 3304
3 3304 3364 3365
3 3304 3365 3305
3 3305 3365 3366
3 3305 3366 3306
3 3306 3366 3367
3 3306 3367 3307
3 3307 3367 3368
3 3307 3368 3308
3 3308 3368 3369
3 3308 3369 3309
3 3309 3369 3370
3 3309 3370 3310
3 3310 3370 3371
3 3310 3371 3311
3 3311 3371 3372
3 3311 3372 3312
3 3312 3372 3373
3 3312 3373 3313
3 3313 3373 3374
3 3313 3374 3314
3 3314 3374 3375
3 3314 3375 3315
3 3315 3375 3376
3 3315 3376 3316
3 3316 3376 3377
3 3316 3377 3317
3 3317 3377 3378
3 3317 3378 3318
3 3318 3378 3379
3 3318 3379 3319
3 3319 3379 3380
3 3319 3380 3320
3 3320 3380 3381
3 3320 3381 3321
3 3321 3381 3382
3 3321 3382 3322
3 3322 3382 3383
3 3322 3383 3323
3 3323 3383 3384
3 3323 3384 3324
3 3324 3384 3385
3 3324 3385 3325
3 3325 3385 3386
3 3325 3386 3326
3 3326 3386 3387
3 3326 3387 3327
3 3327 3387 3388
3 3327 3388 3328
3 3328 3388 3389
3 3328 3389 3329
3 3329 3389 3390
3 3329 3390 3330
3 3330 3390 3391
3 3330 3391 3331
3 3331 3391 3392
3 3331 3392 3332
3 3332 3392 3393
3 3332 3393 3333
3 3333 3393 3394
3 3333 3394 3334
3 3334 3394 3395
3 3334 3395 3335
3 3335 3395 3396
3 3335 3396 3336
3 3336 3396 3397
3 3336 3397 3337
3 3337 3397 3398
3 3337 3398 3338
3 3338 3398 3399
3 3338 3399 3339
3 3339 3399 3400
3 3339 3400 3340
3 3340 3400 3401
3 3340 3401 3341
3 3341 3401 3402
3 3341 3402 3342
3 3342 3402 3403
3 3342 3403 3343
3 3343 3403 3404
3 3343 3404 3344
3 3344 3404 3405
3 3344 3405 3345
3 3345 3405 3406
3 3345 3406 3346
3 3346 3406 3407
3 3346 3407 3347
3 3347 3407 3408
3 3347 3408 3348
3 3348 3408 3409
3 3348 3409 3349
3 3349 3409 3410
3 3349 3410 3350
3 3350 3410 3411
3 3350 3411 3351
3 3351 3411 3412
3 3351 3412 3352
3 3352 3412 3413
3 3352 3413 3353
3 3353 3413 3414
3 3353 3414 3354
3 3354 3414 3415
3 3354 3415 3355
3 3355 3415 3416
3 3355 3416 3356
3 3356 3416 3417
3 3356 3417 3357
3 3357 3417 3418
3 3357 3418 3358
3 3358 3418 3419
3 3358 3419 3359
3 3360 3420 3421
3 3360 3421 3361
3 3361 3421 3422
3 3361 3422 3362
3 3362 3422 3423
3 3362 3423 3363
3 3363 3423 3424
3 3363 3424 3364
3 3364 3424 3425
3 3364 3425 3365
3 3365 3425 3426
3 3365 3426 3366
3 3366 3426 3427
3 3366 3427 3367
3 3367 3427 3428
3 3367 3428 3368
3 3368 3428 3429
3 3368 3429 3369
3 3369 3429 3430
3 3369 3430 3370
3 3370 3430 3431
3 3370 3431 3371
3 3371 3431 3432
3 3371 3432 3372
3 3372 3432 3433
3 3372 3433 3373
3 3373 3433 3434
3 3373 3434 3374
3 3374 3434 3435
3 3374 3435 3375
3 3375 3435 3436
3 3375 3436 3376
3 3376 3436 3437
3 3376 3437 3377
3 3377 3437 3438
3 3377 3438 3378
3 3378 3438 3439
3 3378 3439 3379
3 3379 3439 3440
3 3379 3440 3380
3 3380 3440 3441
3 3380 3441 3381
3 3381 3441 3442
3 3381 3442 3382
3 3382 3442 3443
3 3382 3443 3383
3 3383 3443 3444
3 3383 3444 3384
3 3384 3444 3445
3 3384 3445 3385
3 3385 3445 3446
3 3385 3446 3386
3 3386 3446 3447
3 3386 3447 3387
3 3387 3447 3448
3 3387 3448 3388
3 3388 3448 3449
3 3388 3449 3389
3 3389 3449 3450
3 3389 3450 3390
3 3390 3450 3451
3 3390 3451 3391
3 3391 3451 3452
3 3391 3452 3392
3 3392 3452 3453
3 3392 3453 3393
3 3393 3453 3454
3 3393 3454 3394
3 3394 3454 3455
3 3394 3455 3395
3 3395 3455 3456
3 3395 3456 3396
3 3396 3456 3457
3 3396 3457 3397
3 3397 3457 3458
3 3397 3458 3398
3 3398 3458 3459
3 3398 3459 3399
3 3399 3459 3460
3 3399 3460 3400
3 3400 3460 3461
3 3400 3461 3401
3 3401 3461 3462
3 3401 3462 3402
3 3402 3462 3463
3 3402 3463 3403
3 3403 3463 3464
3 3403 3464 3404
3 3404 3464 3465
3 3404 3465 3405
3 3405 3465 3466
3 3405 3466 3406
3 3406 3466 3467
3 3406 3467 3407
3 3407 3467 3468
3 3407 3468 3408
3 3408 3468 3469
3 3408 3469 3409
3 3409 3469 3470
3 3409 3470 3410
3 3410 3470 3471
3 3410 3471 3411
3 3411 3471 3472
3 3411 3472 3412
3 3412 3472 3473
3 3412 3473 3413
3 3413 3473 3474
3 3413 3474 3414
3 3414 3474 3475
3 3414 3475 3415
3 3415 3475 3476
3 3415 3476 3416
3 3416 3476 3477
3 3416 3477 3417
3 3417 3477 3478
3 3417 3478 3418
3 3418 3478 3479
3 3418 3479 3419
3 3420 3480 3481
3 3420 3481 3421
3 3421 3481 3482
3 3421 3482 3422
3 3422 3482 3483
3 3422 3483 3423
3 3423 3483 3484
3 3423 3484 3424
3 3424 3484 3485
3 3424 3485 3425
3 3425 3485 3486
3 3425 3486 3426
3 3426 3486 3487
3 3426 3487 3427
3 3427 3487 3488
3 3427 3488 3428
3 3428 3488 3489
3 3428 3489 3429
3 3429 3489 3490
3 3429 3490 3430
3 3430 3490 3491
3 3430 3491 3431
3 3431 3491 3492
3 3431 3492 3432
3 3432 3492 3493
3 3432 3493 3433
3 3433 3493 3494
3 3433 3494 3434
3 3434 3494 3495
3 3434 3495 3435
3 3435 3495 3496
3 3435 3496 3436
3 3436 3496 3497
3 3436 3497 3437
3 3437 3497 3498
3 3437 3498 3438
3 3438 3498 3499
3 3438 3499 3439
3 3439 3499 3500
3 3439 3500 3440
3 3440 3500 3501
3 3440 3501 3441
3 3441 3501 3502
3 3441 3502 3442
3 3442 3502 3503
3 3442 3503 3443
3 3443 3503 3504
3 3443 3504 3444
3 3444 3504 3505
3 3444 3505 3445
3 3445 3505 3506
3 3445 3506 3446
3 3446 3506 3507
3 3446 3507 3447
3 3447 3507 3508
3 3447 3508 3448
3 3448 3508 3509
3 3448 3509 3449
3 3449 3509 3510
3 3449 3510 3450
3 3450 3510 3511
3 3450 3511 3451
3 3451 3511 3512
3 3451 3512 3452
3 3452 3512 3513
3 3452 3513 3453
3 3453 3513 3514
3 3453 3514 3454
3 3454 3514 3515
3 3454 3515 3455
3 3455 3515 3516
3 3455 3516 3456
3 3456 3516 3517
3 3456 3517 3457
3 3457 3517 3518
3 3457 3518 3458
3 3458 3518 3519
3 3458 3519 3459
3 3459 3519 3520
3 3459 3520 3460
3 3460 3520 3521
3 3460 3521 3461
3 3461 3521 3522
3 3461 3522 3462
3 3462 3522 3523
3 3462 3523 3463
3 3463 3523 3524
3 3463 3524 3464
3 3464 3524 3525
3 3464 3525 3465
3 3465 3525 3526
3 3465 3526 3466
3 3466 3526 3527
3 3466 3527 3467
3 3467 3527 3528
3 3467 3528 3468
3 3468 3528 3529
3 3468 3529 3469
3 3469 3529 3530
3 3469 3530 3470
3 3470 3530 3531
3 3470 3531 3471
3 3471 3531 3532
3 3471 3532 3472
3 3472 3532 3533
3 3472 3533 3473
3 3473 3533 3534
3 3473 3534 3474
3 3474 3534 3535
3 3474 3535 3475
3 3475 3535 3536
3 3475 3536 3476
3 3476 3536 3537
3 3476 3537 3477
3 3477 3537 3538
3 3477 3538 3478
3 3478 3538 3539
3 3478 3539 3479
3 3480 3540 3541
3 3480 3541 3481
3 3481 3541 3542
3 3481 3542 3482
3 3482 3542 3543
3 3482 3543 3483
3 3483 3543 3544
3 3483 3544 3484
3 3484 3544 3545
3 3484 3545 3485
3 3485 3545 3546
3 3485 3546 3486
3 3486 3546 3547
3 3486 3547 3487
3 3487 3547 3548
3 3487 3548 3488
3 3488 3548 3549
3 3488 3549 3489
3 3489 3549 3550
3 3489 3550 3490
3 3490 3550 3551
3 3490 3551 3491
3 3491 3551 3552
3 3491 3552 3492
3 3492 3552 3553
3 3492 3553 3493
3 3493 3553 3554
3 3493 3554 3494
3 3494 3554 3555
3 3494 3555 3495
3 3495 3555 3556
3 3495 3556 3496
3 3496 3556 3557
3 3496 3557 3497
3 3497 3557 3558
3 3497 3558 3498
3 3498 3558 3559
3 3498 3559 3499
3 3499 3559 3560
3 3499 3560 3500
3 3500 3560 3561
3 3500 3561 3501
3 3501 3561 3562
3 3501 3562 3502
3 3502 3562 3563
3 3502 3563 3503
3 3503 3563 3564
3 3503 3564 3504
3 3504 3564 3565
3 3504 3565 3505
3 3505 3565 3566
3 3505 3566 3506
3 3506 3566 3567
3 3506 3567 3507
3 3507 3567 3568
3 3507 3568 3508
3 3508 3568 3569
3 3508 3569 3509
3 3509 3569 3570
3 3509 3570 3510
3 3510 3570 3571
3 3510 3571 3511
3 3511 3571 3572
3 3511 3572 3512
3 3512 3572 3573
3 3512 3573 3513
3 3513 3573 3574
3 3513 3574 3514
3 3514 3574 3575
3 3514 3575 3515
3 3515 3575 3576
3 3515 3576 3516
3 3516 3576 3577
3 3516 3577 3517
3 3517 3577 3578
3 3517 3578 3518
3 3518 3578 3579
3 3518 3579 3519
3 3519 3579 3580
3 3519 3580 3520
3 3520 3580 3581
3 3520 3581 3521
3 3521 3581 3582
3 3521 3582 3522
3 3522 3582 3583
3 3522 3583 3523
3 3523 3583 3584
3 3523 3584 3524
3 3524 3584 3585
3 3524 3585 3525
3 3525 3585 3586
3 3525 3586 3526
3 3526 3586 3587
3 3526 3587 3527
3 3527 3587 3588
3 3527 3588 3528
3 3528 3588 3589
3 3528 3589 3529
3 3529 3589 3590
3 3529 3590 3530
3 3530 3590 3591
3 3530 3591 3531
3 3531 3591 3592
3 3531 3592 3532
3 3532 3592 3593
3 3532 3593 3533
3 3533 3593 3594
3 3533 3594 3534
3 3534 3594 3595
3 3534 3595 3535
3 3535 3595 3596
3 3535 3596 3536
3 3536 3596 3597
3 3536 3597 3537
3 3537 3597 3598
3 3537 3598 3538
3 3538 3598 3599
3 3538 3599 3539
