ply
format ascii 1.0
element vertex 3600
property float x
property float y
property float z
end_header
0.0 0.0 1.0
0.0 0.016949152573943138 1.0
0.0 0.033898305147886276 1.0
0.0 0.050847455859184265 1.0
0.0 0.06779661029577255 1.0
0.0 0.08474576473236084 1.0
0.0 0.10169491171836853 1.0
0.0 0.11864406615495682 1.0
0.0 0.1355932205915451 1.0
0.0 0.1525423675775528 1.0
0.0 0.16949152946472168 1.0
0.0 0.18644067645072937 1.0
0.0 0.20338982343673706 1.0
0.0 0.22033898532390594 1.0
0.0 0.23728813230991364 1.0
0.0 0.2542372941970825 1.0
0.0 0.2711864411830902 1.0
0.0 0.2881355881690979 1.0
0.0 0.3050847351551056 1.0
0.0 0.32203391194343567 1.0
0.0 0.33898305892944336 1.0
0.0 0.35593220591545105 1.0
0.0 0.37288135290145874 1.0
0.0 0.38983049988746643 1.0
0.0 0.4067796468734741 1.0
0.0 0.4237288236618042 1.0
0.0 0.4406779706478119 1.0
0.0 0.4576271176338196 1.0
0.0 0.47457626461982727 1.0
0.0 0.49152541160583496 1.0
0.0 0.508474588394165 1.0
0.0 0.5254237055778503 1.0
0.0 0.5423728823661804 1.0
0.0 0.5593220591545105 1.0
0.0 0.5762711763381958 1.0
0.0 0.5932203531265259 1.0
0.0 0.6101694703102112 1.0
0.0 0.6271186470985413 1.0
0.0 0.6440678238868713 1.0
0.0 0.6610169410705566 1.0
0.0 0.6779661178588867 1.0
0.0 0.694915235042572 1.0
0.0 0.7118644118309021 1.0
0.0 0.7288135886192322 1.0
0.0 0.7457627058029175 1.0
0.0 0.7627118825912476 1.0
0.0 0.7796609997749329 1.0
0.0 0.7966101765632629 1.0
0.0 0.8135592937469482 1.0
0.0 0.8305084705352783 1.0
0.0 0.8474576473236084 1.0
0.0 0.8644067645072937 1.0
0.0 0.8813559412956238 1.0
0.0 0.8983050584793091 1.0
0.0 0.9152542352676392 1.0
0.0 0.9322034120559692 1.0
0.0 0.9491525292396545 1.0
0.0 0.9661017060279846 1.0
0.0 0.9830508232116699 1.0
0.0 1.0 1.0
0.016949152573943138 0.0 1.0
0.016949152573943138 0.016949152573943138 1.0
0.016949152573943138 0.033898305147886276 1.0
0.016949152573943138 0.050847455859184265 1.0
0.016949152573943138 0.06779661029577255 1.0
0.016949152573943138 0.08474576473236084 1.0
0.016949152573943138 0.10169491171836853 1.0
0.016949152573943138 0.11864406615495682 1.0
0.016949152573943138 0.1355932205915451 1.0
0.016949152573943138 0.1525423675775528 1.0
0.016949152573943138 0.16949152946472168 1.0
0.016949152573943138 0.18644067645072937 1.0
0.016949152573943138 0.20338982343673706 1.0
0.016949152573943138 0.22033898532390594 1.0
0.016949152573943138 0.23728813230991364 1.0
0.016949152573943138 0.2542372941970825 1.0
0.016949152573943138 0.2711864411830902 1.0
0.016949152573943138 0.2881355881690979 1.0
0.016949152573943138 0.3050847351551056 1.0
0.016949152573943138 0.32203391194343567 1.0
0.016949152573943138 0.33898305892944336 1.0
0.016949152573943138 0.35593220591545105 1.0
0.016949152573943138 0.37288135290145874 1.0
0.016949152573943138 0.38983049988746643 1.0
0.016949152573943138 0.4067796468734741 1.0
0.016949152573943138 0.4237288236618042 1.0
0.016949152573943138 0.4406779706478119 1.0
0.016949152573943138 0.4576271176338196 1.0
0.016949152573943138 0.47457626461982727 1.0
0.016949152573943138 0.49152541160583496 1.0
0.016949152573943138 0.508474588394165 1.0
0.016949152573943138 0.5254237055778503 1.0
0.016949152573943138 0.5423728823661804 1.0
0.016949152573943138 0.5593220591545105 1.0
0.016949152573943138 0.5762711763381958 1.0
0.016949152573943138 0.5932203531265259 1.0
0.016949152573943138 0.6101694703102112 1.0
0.016949152573943138 0.6271186470985413 1.0
0.016949152573943138 0.6440678238868713 1.0
0.016949152573943138 0.6610169410705566 1.0
0.016949152573943138 0.6779661178588867 1.0
0.016949152573943138 0.694915235042572 1.0
0.016949152573943138 0.7118644118309021 1.0
0.016949152573943138 0.7288135886192322 1.0
0.016949152573943138 0.7457627058029175 1.0
0.016949152573943138 0.7627118825912476 1.0
0.016949152573943138 0.7796609997749329 1.0
0.016949152573943138 0.7966101765632629 1.0
0.016949152573943138 0.8135592937469482 1.0
0.016949152573943138 0.8305084705352783 1.0
0.016949152573943138 0.8474576473236084 1.0
0.016949152573943138 0.8644067645072937 1.0
0.016949152573943138 0.8813559412956238 1.0
0.016949152573943138 0.8983050584793091 1.0
0.016949152573943138 0.9152542352676392 1.0
0.016949152573943138 0.9322034120559692 1.0
0.016949152573943138 0.9491525292396545 1.0
0.016949152573943138 0.9661017060279846 1.0
0.016949152573943138 0.9830508232116699 1.0
0.016949152573943138 1.0 1.0
0.033898305147886276 0.0 1.0
0.033898305147886276 0.016949152573943138 1.0
0.033898305147886276 0.033898305147886276 1.0
0.033898305147886276 0.050847455859184265 1.0
0.033898305147886276 0.06779661029577255 1.0
0.033898305147886276 0.08474576473236084 1.0
0.033898305147886276 0.10169491171836853 1.0
0.033898305147886276 0.11864406615495682 1.0
0.033898305147886276 0.1355932205915451 1.0
0.033898305147886276 0.1525423675775528 1.0
0.033898305147886276 0.16949152946472168 1.0
0.033898305147886276 0.18644067645072937 1.0
0.033898305147886276 0.20338982343673706 1.0
0.033898305147886276 0.22033898532390594 1.0
0.033898305147886276 0.23728813230991364 1.0
0.033898305147886276 0.2542372941970825 1.0
0.033898305147886276 0.2711864411830902 1.0
0.033898305147886276 0.2881355881690979 1.0
0.033898305147886276 0.3050847351551056 1.0
0.033898305147886276 0.32203391194343567 1.0
0.033898305147886276 0.33898305892944336 1.0
0.033898305147886276 0.35593220591545105 1.0
0.033898305147886276 0.37288135290145874 1.0
0.033898305147886276 0.38983049988746643 1.0
0.033898305147886276 0.4067796468734741 1.0
0.033898305147886276 0.4237288236618042 1.0
0.033898305147886276 0.4406779706478119 1.0
0.033898305147886276 0.4576271176338196 1.0
0.033898305147886276 0.47457626461982727 1.0
0.033898305147886276 0.49152541160583496 1.0
0.033898305147886276 0.508474588394165 1.0
0.033898305147886276 0.5254237055778503 1.0
0.033898305147886276 0.5423728823661804 1.0
0.033898305147886276 0.5593220591545105 1.0
0.033898305147886276 0.5762711763381958 1.0
0.033898305147886276 0.5932203531265259 1.0
0.033898305147886276 0.6101694703102112 1.0
0.033898305147886276 0.6271186470985413 1.0
0.033898305147886276 0.6440678238868713 1.0
0.033898305147886276 0.6610169410705566 1.0
0.033898305147886276 0.6779661178588867 1.0
0.033898305147886276 0.694915235042572 1.0
0.033898305147886276 0.7118644118309021 1.0
0.033898305147886276 0.7288135886192322 1.0
0.033898305147886276 0.7457627058029175 1.0
0.033898305147886276 0.7627118825912476 1.0
0.033898305147886276 0.7796609997749329 1.0
0.033898305147886276 0.7966101765632629 1.0
0.033898305147886276 0.8135592937469482 1.0
0.033898305147886276 0.8305084705352783 1.0
0.033898305147886276 0.8474576473236084 1.0
0.033898305147886276 0.8644067645072937 1.0
0.033898305147886276 0.8813559412956238 1.0
0.033898305147886276 0.8983050584793091 1.0
0.033898305147886276 0.9152542352676392 1.0
0.033898305147886276 0.9322034120559692 1.0
0.033898305147886276 0.9491525292396545 1.0
0.033898305147886276 0.9661017060279846 1.0
0.033898305147886276 0.9830508232116699 1.0
0.033898305147886276 1.0 1.0
0.050847455859184265 0.0 1.0
0.050847455859184265 0.016949152573943138 1.0
0.050847455859184265 0.033898305147886276 1.0
0.050847455859184265 0.050847455859184265 1.0
0.050847455859184265 0.06779661029577255 1.0
0.050847455859184265 0.08474576473236084 1.0
0.050847455859184265 0.10169491171836853 1.0
0.050847455859184265 0.11864406615495682 1.0
0.050847455859184265 0.1355932205915451 1.0
0.050847455859184265 0.1525423675775528 1.0
0.050847455859184265 0.16949152946472168 1.0
0.050847455859184265 0.18644067645072937 1.0
0.050847455859184265 0.20338982343673706 1.0
0.050847455859184265 0.22033898532390594 1.0
0.050847455859184265 0.23728813230991364 1.0
0.050847455859184265 0.2542372941970825 1.0
0.050847455859184265 0.2711864411830902 1.0
0.050847455859184265 0.2881355881690979 1.0
0.050847455859184265 0.3050847351551056 1.0
0.050847455859184265 0.32203391194343567 1.0
0.050847455859184265 0.33898305892944336 1.0
0.050847455859184265 0.35593220591545105 1.0
0.050847455859184265 0.37288135290145874 1.0
0.050847455859184265 0.38983049988746643 1.0
0.050847455859184265 0.4067796468734741 1.0
0.050847455859184265 0.4237288236618042 1.0
0.050847455859184265 0.4406779706478119 1.0
0.050847455859184265 0.4576271176338196 1.0
0.050847455859184265 0.47457626461982727 1.0
0.050847455859184265 0.49152541160583496 1.0
0.050847455859184265 0.508474588394165 1.0
0.050847455859184265 0.5254237055778503 1.0
0.050847455859184265 0.5423728823661804 1.0
0.050847455859184265 0.5593220591545105 1.0
0.050847455859184265 0.5762711763381958 1.0
0.050847455859184265 0.5932203531265259 1.0
0.050847455859184265 0.6101694703102112 1.0
0.050847455859184265 0.6271186470985413 1.0
0.050847455859184265 0.6440678238868713 1.0
0.050847455859184265 0.6610169410705566 1.0
0.050847455859184265 0.6779661178588867 1.0
0.050847455859184265 0.694915235042572 1.0
0.050847455859184265 0.7118644118309021 1.0
0.050847455859184265 0.7288135886192322 1.0
0.050847455859184265 0.7457627058029175 1.0
0.050847455859184265 0.7627118825912476 1.0
0.050847455859184265 0.7796609997749329 1.0
0.050847455859184265 0.7966101765632629 1.0
0.050847455859184265 0.8135592937469482 1.0
0.050847455859184265 0.8305084705352783 1.0
0.050847455859184265 0.8474576473236084 1.0
0.050847455859184265 0.8644067645072937 1.0
0.050847455859184265 0.8813559412956238 1.0
0.050847455859184265 0.8983050584793091 1.0
0.050847455859184265 0.9152542352676392 1.0
0.050847455859184265 0.9322034120559692 1.0
0.050847455859184265 0.9491525292396545 1.0
0.050847455859184265 0.9661017060279846 1.0
0.050847455859184265 0.9830508232116699 1.0
0.050847455859184265 1.0 1.0
0.06779661029577255 0.0 1.0
0.06779661029577255 0.016949152573943138 1.0
0.06779661029577255 0.033898305147886276 1.0
0.06779661029577255 0.050847455859184265 1.0
0.06779661029577255 0.06779661029577255 1.0
0.06779661029577255 0.08474576473236084 1.0
0.06779661029577255 0.10169491171836853 1.0
0.06779661029577255 0.11864406615495682 1.0
0.06779661029577255 0.1355932205915451 1.0
0.06779661029577255 0.1525423675775528 1.0
0.06779661029577255 0.16949152946472168 1.0
0.06779661029577255 0.18644067645072937 1.0
0.06779661029577255 0.20338982343673706 1.0
0.06779661029577255 0.22033898532390594 1.0
0.06779661029577255 0.23728813230991364 1.0
0.06779661029577255 0.2542372941970825 1.0
0.06779661029577255 0.2711864411830902 1.0
0.06779661029577255 0.2881355881690979 1.0
0.06779661029577255 0.3050847351551056 1.0
0.06779661029577255 0.32203391194343567 1.0
0.06779661029577255 0.33898305892944336 1.0
0.06779661029577255 0.35593220591545105 1.0
0.06779661029577255 0.37288135290145874 1.0
0.06779661029577255 0.38983049988746643 1.0
0.06779661029577255 0.4067796468734741 1.0
0.06779661029577255 0.4237288236618042 1.0
0.06779661029577255 0.4406779706478119 1.0
0.06779661029577255 0.4576271176338196 1.0
0.06779661029577255 0.47457626461982727 1.0
0.06779661029577255 0.49152541160583496 1.0
0.06779661029577255 0.508474588394165 1.0
0.06779661029577255 0.5254237055778503 1.0
0.06779661029577255 0.5423728823661804 1.0
0.06779661029577255 0.5593220591545105 1.0
0.06779661029577255 0.5762711763381958 1.0
0.06779661029577255 0.5932203531265259 1.0
0.06779661029577255 0.6101694703102112 1.0
0.06779661029577255 0.6271186470985413 1.0
0.06779661029577255 0.6440678238868713 1.0
0.06779661029577255 0.6610169410705566 1.0
0.06779661029577255 0.6779661178588867 1.0
0.06779661029577255 0.694915235042572 1.0
0.06779661029577255 0.7118644118309021 1.0
0.06779661029577255 0.7288135886192322 1.0
0.06779661029577255 0.7457627058029175 1.0
0.06779661029577255 0.7627118825912476 1.0
0.06779661029577255 0.7796609997749329 1.0
0.06779661029577255 0.7966101765632629 1.0
0.06779661029577255 0.8135592937469482 1.0
0.06779661029577255 0.8305084705352783 1.0
0.06779661029577255 0.8474576473236084 1.0
0.06779661029577255 0.8644067645072937 1.0
0.06779661029577255 0.8813559412956238 1.0
0.06779661029577255 0.8983050584793091 1.0
0.06779661029577255 0.9152542352676392 1.0
0.06779661029577255 0.9322034120559692 1.0
0.06779661029577255 0.9491525292396545 1.0
0.06779661029577255 0.9661017060279846 1.0
0.06779661029577255 0.9830508232116699 1.0
0.06779661029577255 1.0 1.0
0.08474576473236084 0.0 1.0
0.08474576473236084 0.016949152573943138 1.0
0.08474576473236084 0.033898305147886276 1.0
0.08474576473236084 0.050847455859184265 1.0
0.08474576473236084 0.06779661029577255 1.0
0.08474576473236084 0.08474576473236084 1.0
0.08474576473236084 0.10169491171836853 1.0
0.08474576473236084 0.11864406615495682 1.0
0.08474576473236084 0.1355932205915451 1.0
0.08474576473236084 0.1525423675775528 1.0
0.08474576473236084 0.16949152946472168 1.0
0.08474576473236084 0.18644067645072937 1.0
0.08474576473236084 0.20338982343673706 1.0
0.08474576473236084 0.22033898532390594 1.0
0.08474576473236084 0.23728813230991364 1.0
0.08474576473236084 0.2542372941970825 1.0
0.08474576473236084 0.2711864411830902 1.0
0.08474576473236084 0.2881355881690979 1.0
0.08474576473236084 0.3050847351551056 1.0
0.08474576473236084 0.32203391194343567 1.0
0.08474576473236084 0.33898305892944336 1.0
0.08474576473236084 0.35593220591545105 1.0
0.08474576473236084 0.37288135290145874 1.0
0.08474576473236084 0.38983049988746643 1.0
0.08474576473236084 0.4067796468734741 1.0
0.08474576473236084 0.4237288236618042 1.0
0.08474576473236084 0.4406779706478119 1.0
0.08474576473236084 0.4576271176338196 1.0
0.08474576473236084 0.47457626461982727 1.0
0.08474576473236084 0.49152541160583496 1.0
0.08474576473236084 0.508474588394165 1.0
0.08474576473236084 0.5254237055778503 1.0
0.08474576473236084 0.5423728823661804 1.0
0.08474576473236084 0.5593220591545105 1.0
0.08474576473236084 0.5762711763381958 1.0
0.08474576473236084 0.5932203531265259 1.0
0.08474576473236084 0.6101694703102112 1.0
0.08474576473236084 0.6271186470985413 1.0
0.08474576473236084 0.6440678238868713 1.0
0.08474576473236084 0.6610169410705566 1.0
0.08474576473236084 0.6779661178588867 1.0
0.08474576473236084 0.694915235042572 1.0
0.08474576473236084 0.7118644118309021 1.0
0.08474576473236084 0.7288135886192322 1.0
0.08474576473236084 0.7457627058029175 1.0
0.08474576473236084 0.7627118825912476 1.0
0.08474576473236084 0.7796609997749329 1.0
0.08474576473236084 0.7966101765632629 1.0
0.08474576473236084 0.8135592937469482 1.0
0.08474576473236084 0.8305084705352783 1.0
0.08474576473236084 0.8474576473236084 1.0
0.08474576473236084 0.8644067645072937 1.0
0.08474576473236084 0.8813559412956238 1.0
0.08474576473236084 0.8983050584793091 1.0
0.08474576473236084 0.9152542352676392 1.0
0.08474576473236084 0.9322034120559692 1.0
0.08474576473236084 0.9491525292396545 1.0
0.08474576473236084 0.9661017060279846 1.0
0.08474576473236084 0.9830508232116699 1.0
0.08474576473236084 1.0 1.0
0.10169491171836853 0.0 1.0
0.10169491171836853 0.016949152573943138 1.0
0.10169491171836853 0.033898305147886276 1.0
0.10169491171836853 0.050847455859184265 1.0
0.10169491171836853 0.06779661029577255 1.0
0.10169491171836853 0.08474576473236084 1.0
0.10169491171836853 0.10169491171836853 1.0
0.10169491171836853 0.11864406615495682 1.0
0.10169491171836853 0.1355932205915451 1.0
0.10169491171836853 0.1525423675775528 1.0
0.10169491171836853 0.16949152946472168 1.0
0.10169491171836853 0.18644067645072937 1.0
0.10169491171836853 0.20338982343673706 1.0
0.10169491171836853 0.22033898532390594 1.0
0.10169491171836853 0.23728813230991364 1.0
0.10169491171836853 0.2542372941970825 1.0
0.10169491171836853 0.2711864411830902 1.0
0.10169491171836853 0.2881355881690979 1.0
0.10169491171836853 0.3050847351551056 1.0
0.10169491171836853 0.32203391194343567 1.0
0.10169491171836853 0.33898305892944336 1.0
0.10169491171836853 0.35593220591545105 1.0
0.10169491171836853 0.37288135290145874 1.0
0.10169491171836853 0.38983049988746643 1.0
0.10169491171836853 0.4067796468734741 1.0
0.10169491171836853 0.4237288236618042 1.0
0.10169491171836853 0.4406779706478119 1.0
0.10169491171836853 0.4576271176338196 1.0
0.10169491171836853 0.47457626461982727 1.0
0.10169491171836853 0.49152541160583496 1.0
0.10169491171836853 0.508474588394165 1.0
0.10169491171836853 0.5254237055778503 1.0
0.10169491171836853 0.5423728823661804 1.0
0.10169491171836853 0.5593220591545105 1.0
0.10169491171836853 0.5762711763381958 1.0
0.10169491171836853 0.5932203531265259 1.0
0.10169491171836853 0.6101694703102112 1.0
0.10169491171836853 0.6271186470985413 1.0
0.10169491171836853 0.6440678238868713 1.0
0.10169491171836853 0.6610169410705566 1.0
0.10169491171836853 0.6779661178588867 1.0
0.10169491171836853 0.694915235042572 1.0
0.10169491171836853 0.7118644118309021 1.0
0.10169491171836853 0.7288135886192322 1.0
0.10169491171836853 0.7457627058029175 1.0
0.10169491171836853 0.7627118825912476 1.0
0.10169491171836853 0.7796609997749329 1.0
0.10169491171836853 0.7966101765632629 1.0
0.10169491171836853 0.8135592937469482 1.0
0.10169491171836853 0.8305084705352783 1.0
0.10169491171836853 0.8474576473236084 1.0
0.10169491171836853 0.8644067645072937 1.0
0.10169491171836853 0.8813559412956238 1.0
0.10169491171836853 0.8983050584793091 1.0
0.10169491171836853 0.9152542352676392 1.0
0.10169491171836853 0.9322034120559692 1.0
0.10169491171836853 0.9491525292396545 1.0
0.10169491171836853 0.9661017060279846 1.0
0.10169491171836853 0.9830508232116699 1.0
0.10169491171836853 1.0 1.0
0.11864406615495682 0.0 1.0
0.11864406615495682 0.016949152573943138 1.0
0.11864406615495682 0.033898305147886276 1.0
0.11864406615495682 0.050847455859184265 1.0
0.11864406615495682 0.06779661029577255 1.0
0.11864406615495682 0.08474576473236084 1.0
0.11864406615495682 0.10169491171836853 1.0
0.11864406615495682 0.11864406615495682 1.0
0.11864406615495682 0.1355932205915451 1.0
0.11864406615495682 0.1525423675775528 1.0
0.11864406615495682 0.16949152946472168 1.0
0.11864406615495682 0.18644067645072937 1.0
0.11864406615495682 0.20338982343673706 1.0
0.11864406615495682 0.22033898532390594 1.0
0.11864406615495682 0.23728813230991364 1.0
0.11864406615495682 0.2542372941970825 1.0
0.11864406615495682 0.2711864411830902 1.0
0.11864406615495682 0.2881355881690979 1.0
0.11864406615495682 0.3050847351551056 1.0
0.11864406615495682 0.32203391194343567 1.0
0.11864406615495682 0.33898305892944336 1.0
0.11864406615495682 0.35593220591545105 1.0
0.11864406615495682 0.37288135290145874 1.0
0.11864406615495682 0.38983049988746643 1.0
0.11864406615495682 0.4067796468734741 1.0
0.11864406615495682 0.4237288236618042 1.0
0.11864406615495682 0.4406779706478119 1.0
0.11864406615495682 0.4576271176338196 1.0
0.11864406615495682 0.47457626461982727 1.0
0.11864406615495682 0.49152541160583496 1.0
0.11864406615495682 0.508474588394165 1.0
0.11864406615495682 0.5254237055778503 1.0
0.11864406615495682 0.5423728823661804 1.0
0.11864406615495682 0.5593220591545105 1.0
0.11864406615495682 0.5762711763381958 1.0
0.11864406615495682 0.5932203531265259 1.0
0.11864406615495682 0.6101694703102112 1.0
0.11864406615495682 0.6271186470985413 1.0
0.11864406615495682 0.6440678238868713 1.0
0.11864406615495682 0.6610169410705566 1.0
0.11864406615495682 0.6779661178588867 1.0
0.11864406615495682 0.694915235042572 1.0
0.11864406615495682 0.7118644118309021 1.0
0.11864406615495682 0.7288135886192322 1.0
0.11864406615495682 0.7457627058029175 1.0
0.11864406615495682 0.7627118825912476 1.0
0.11864406615495682 0.7796609997749329 1.0
0.11864406615495682 0.7966101765632629 1.0
0.11864406615495682 0.8135592937469482 1.0
0.11864406615495682 0.8305084705352783 1.0
0.11864406615495682 0.8474576473236084 1.0
0.11864406615495682 0.8644067645072937 1.0
0.11864406615495682 0.8813559412956238 1.0
0.11864406615495682 0.8983050584793091 1.0
0.11864406615495682 0.9152542352676392 1.0
0.11864406615495682 0.9322034120559692 1.0
0.11864406615495682 0.9491525292396545 1.0
0.11864406615495682 0.9661017060279846 1.0
0.11864406615495682 0.9830508232116699 1.0
0.11864406615495682 1.0 1.0
0.1355932205915451 0.0 1.0
0.1355932205915451 0.016949152573943138 1.0
0.1355932205915451 0.033898305147886276 1.0
0.1355932205915451 0.050847455859184265 1.0
0.1355932205915451 0.06779661029577255 1.0
0.1355932205915451 0.08474576473236084 1.0
0.1355932205915451 0.10169491171836853 1.0
0.1355932205915451 0.11864406615495682 1.0
0.1355932205915451 0.1355932205915451 1.0
0.1355932205915451 0.1525423675775528 1.0
0.1355932205915451 0.16949152946472168 1.0
0.1355932205915451 0.18644067645072937 1.0
0.1355932205915451 0.20338982343673706 1.0
0.1355932205915451 0.22033898532390594 1.0
0.1355932205915451 0.23728813230991364 1.0
0.1355932205915451 0.2542372941970825 1.0
0.1355932205915451 0.2711864411830902 1.0
0.1355932205915451 0.2881355881690979 1.0
0.1355932205915451 0.3050847351551056 1.0
0.1355932205915451 0.32203391194343567 1.0
0.1355932205915451 0.33898305892944336 1.0
0.1355932205915451 0.35593220591545105 1.0
0.1355932205915451 0.37288135290145874 1.0
0.1355932205915451 0.38983049988746643 1.0
0.1355932205915451 0.4067796468734741 1.0
0.1355932205915451 0.4237288236618042 1.0
0.1355932205915451 0.4406779706478119 1.0
0.1355932205915451 0.4576271176338196 1.0
0.1355932205915451 0.47457626461982727 1.0
0.1355932205915451 0.49152541160583496 1.0
0.1355932205915451 0.508474588394165 1.0
0.1355932205915451 0.5254237055778503 1.0
0.1355932205915451 0.5423728823661804 1.0
0.1355932205915451 0.5593220591545105 1.0
0.1355932205915451 0.5762711763381958 1.0
0.1355932205915451 0.5932203531265259 1.0
0.1355932205915451 0.6101694703102112 1.0
0.1355932205915451 0.6271186470985413 1.0
0.1355932205915451 0.6440678238868713 1.0
0.1355932205915451 0.6610169410705566 1.0
0.1355932205915451 0.6779661178588867 1.0
0.1355932205915451 0.694915235042572 1.0
0.1355932205915451 0.7118644118309021 1.0
0.1355932205915451 0.7288135886192322 1.0
0.1355932205915451 0.7457627058029175 1.0
0.1355932205915451 0.7627118825912476 1.0
0.1355932205915451 0.7796609997749329 1.0
0.1355932205915451 0.7966101765632629 1.0
0.1355932205915451 0.8135592937469482 1.0
0.1355932205915451 0.8305084705352783 1.0
0.1355932205915451 0.8474576473236084 1.0
0.1355932205915451 0.8644067645072937 1.0
0.1355932205915451 0.8813559412956238 1.0
0.1355932205915451 0.8983050584793091 1.0
0.1355932205915451 0.9152542352676392 1.0
0.1355932205915451 0.9322034120559692 1.0
0.1355932205915451 0.9491525292396545 1.0
0.1355932205915451 0.9661017060279846 1.0
0.1355932205915451 0.9830508232116699 1.0
0.1355932205915451 1.0 1.0
0.1525423675775528 0.0 1.0
0.1525423675775528 0.016949152573943138 1.0
0.1525423675775528 0.033898305147886276 1.0
0.1525423675775528 0.050847455859184265 1.0
0.1525423675775528 0.06779661029577255 1.0
0.1525423675775528 0.08474576473236084 1.0
0.1525423675775528 0.10169491171836853 1.0
0.1525423675775528 0.11864406615495682 1.0
0.1525423675775528 0.1355932205915451 1.0
0.1525423675775528 0.1525423675775528 1.0
0.1525423675775528 0.16949152946472168 1.0
0.1525423675775528 0.18644067645072937 1.0
0.1525423675775528 0.20338982343673706 1.0
0.1525423675775528 0.22033898532390594 1.0
0.1525423675775528 0.23728813230991364 1.0
0.1525423675775528 0.2542372941970825 1.0
0.1525423675775528 0.2711864411830902 1.0
0.1525423675775528 0.2881355881690979 1.0
0.1525423675775528 0.3050847351551056 1.0
0.1525423675775528 0.32203391194343567 1.0
0.1525423675775528 0.33898305892944336 1.0
0.1525423675775528 0.35593220591545105 1.0
0.1525423675775528 0.37288135290145874 1.0
0.1525423675775528 0.38983049988746643 1.0
0.1525423675775528 0.4067796468734741 1.0
0.1525423675775528 0.4237288236618042 1.0
0.1525423675775528 0.4406779706478119 1.0
0.1525423675775528 0.4576271176338196 1.0
0.1525423675775528 0.47457626461982727 1.0
0.1525423675775528 0.49152541160583496 1.0
0.1525423675775528 0.508474588394165 1.0
0.1525423675775528 0.5254237055778503 1.0
0.1525423675775528 0.5423728823661804 1.0
0.1525423675775528 0.5593220591545105 1.0
0.1525423675775528 0.5762711763381958 1.0
0.1525423675775528 0.5932203531265259 1.0
0.1525423675775528 0.6101694703102112 1.0
0.1525423675775528 0.6271186470985413 1.0
0.1525423675775528 0.6440678238868713 1.0
0.1525423675775528 0.6610169410705566 1.0
0.1525423675775528 0.6779661178588867 1.0
0.1525423675775528 0.694915235042572 1.0
0.1525423675775528 0.7118644118309021 1.0
0.1525423675775528 0.7288135886192322 1.0
0.1525423675775528 0.7457627058029175 1.0
0.1525423675775528 0.7627118825912476 1.0
0.1525423675775528 0.7796609997749329 1.0
0.1525423675775528 0.7966101765632629 1.0
0.1525423675775528 0.8135592937469482 1.0
0.1525423675775528 0.8305084705352783 1.0
0.1525423675775528 0.8474576473236084 1.0
0.1525423675775528 0.8644067645072937 1.0
0.1525423675775528 0.8813559412956238 1.0
0.1525423675775528 0.8983050584793091 1.0
0.1525423675775528 0.9152542352676392 1.0
0.1525423675775528 0.9322034120559692 1.0
0.1525423675775528 0.9491525292396545 1.0
0.1525423675775528 0.9661017060279846 1.0
0.1525423675775528 0.9830508232116699 1.0
0.1525423675775528 1.0 1.0
0.16949152946472168 0.0 1.0
0.16949152946472168 0.016949152573943138 1.0
0.16949152946472168 0.033898305147886276 1.0
0.16949152946472168 0.050847455859184265 1.0
0.16949152946472168 0.06779661029577255 1.0
0.16949152946472168 0.08474576473236084 1.0
0.16949152946472168 0.10169491171836853 1.0
0.16949152946472168 0.11864406615495682 1.0
0.16949152946472168 0.1355932205915451 1.0
0.16949152946472168 0.1525423675775528 1.0
0.16949152946472168 0.16949152946472168 1.0
0.16949152946472168 0.18644067645072937 1.0
0.16949152946472168 0.20338982343673706 1.0
0.16949152946472168 0.22033898532390594 1.0
0.16949152946472168 0.23728813230991364 1.0
0.16949152946472168 0.2542372941970825 1.0
0.16949152946472168 0.2711864411830902 1.0
0.16949152946472168 0.2881355881690979 1.0
0.16949152946472168 0.3050847351551056 1.0
0.16949152946472168 0.32203391194343567 1.0
0.16949152946472168 0.33898305892944336 1.0
0.16949152946472168 0.35593220591545105 1.0
0.16949152946472168 0.37288135290145874 1.0
0.16949152946472168 0.38983049988746643 1.0
0.16949152946472168 0.4067796468734741 1.0
0.16949152946472168 0.4237288236618042 1.0
0.16949152946472168 0.4406779706478119 1.0
0.16949152946472168 0.4576271176338196 1.0
0.16949152946472168 0.47457626461982727 1.0
0.16949152946472168 0.49152541160583496 1.0
0.16949152946472168 0.508474588394165 1.0
0.16949152946472168 0.5254237055778503 1.0
0.16949152946472168 0.5423728823661804 1.0
0.16949152946472168 0.5593220591545105 1.0
0.16949152946472168 0.5762711763381958 1.0
0.16949152946472168 0.5932203531265259 1.0
0.16949152946472168 0.6101694703102112 1.0
0.16949152946472168 0.6271186470985413 1.0
0.16949152946472168 0.6440678238868713 1.0
0.16949152946472168 0.6610169410705566 1.0
0.16949152946472168 0.6779661178588867 1.0
0.16949152946472168 0.694915235042572 1.0
0.16949152946472168 0.7118644118309021 1.0
0.16949152946472168 0.7288135886192322 1.0
0.16949152946472168 0.7457627058029175 1.0
0.16949152946472168 0.7627118825912476 1.0
0.16949152946472168 0.7796609997749329 1.0
0.16949152946472168 0.7966101765632629 1.0
0.16949152946472168 0.8135592937469482 1.0
0.16949152946472168 0.8305084705352783 1.0
0.16949152946472168 0.8474576473236084 1.0
0.16949152946472168 0.8644067645072937 1.0
0.16949152946472168 0.8813559412956238 1.0
0.16949152946472168 0.8983050584793091 1.0
0.16949152946472168 0.9152542352676392 1.0
0.16949152946472168 0.9322034120559692 1.0
0.16949152946472168 0.9491525292396545 1.0
0.16949152946472168 0.9661017060279846 1.0
0.16949152946472168 0.9830508232116699 1.0
0.16949152946472168 1.0 1.0
0.18644067645072937 0.0 1.0
0.18644067645072937 0.016949152573943138 1.0
0.18644067645072937 0.033898305147886276 1.0
0.18644067645072937 0.050847455859184265 1.0
0.18644067645072937 0.06779661029577255 1.0
0.18644067645072937 0.08474576473236084 1.0
0.18644067645072937 0.10169491171836853 1.0
0.18644067645072937 0.11864406615495682 1.0
0.18644067645072937 0.1355932205915451 1.0
0.18644067645072937 0.1525423675775528 1.0
0.18644067645072937 0.16949152946472168 1.0
0.18644067645072937 0.18644067645072937 1.0
0.18644067645072937 0.20338982343673706 1.0
0.18644067645072937 0.22033898532390594 1.0
0.18644067645072937 0.23728813230991364 1.0
0.18644067645072937 0.2542372941970825 1.0
0.18644067645072937 0.2711864411830902 1.0
0.18644067645072937 0.2881355881690979 1.0
0.18644067645072937 0.3050847351551056 1.0
0.18644067645072937 0.32203391194343567 1.0
0.18644067645072937 0.33898305892944336 1.0
0.18644067645072937 0.35593220591545105 1.0
0.18644067645072937 0.37288135290145874 1.0
0.18644067645072937 0.38983049988746643 1.0
0.18644067645072937 0.4067796468734741 1.0
0.18644067645072937 0.4237288236618042 1.0
0.18644067645072937 0.4406779706478119 1.0
0.18644067645072937 0.4576271176338196 1.0
0.18644067645072937 0.47457626461982727 1.0
0.18644067645072937 0.49152541160583496 1.0
0.18644067645072937 0.508474588394165 1.0
0.18644067645072937 0.5254237055778503 1.0
0.18644067645072937 0.5423728823661804 1.0
0.18644067645072937 0.5593220591545105 1.0
0.18644067645072937 0.5762711763381958 1.0
0.18644067645072937 0.5932203531265259 1.0
0.18644067645072937 0.6101694703102112 1.0
0.18644067645072937 0.6271186470985413 1.0
0.18644067645072937 0.6440678238868713 1.0
0.18644067645072937 0.6610169410705566 1.0
0.18644067645072937 0.6779661178588867 1.0
0.18644067645072937 0.694915235042572 1.0
0.18644067645072937 0.7118644118309021 1.0
0.18644067645072937 0.7288135886192322 1.0
0.18644067645072937 0.7457627058029175 1.0
0.18644067645072937 0.7627118825912476 1.0
0.18644067645072937 0.7796609997749329 1.0
0.18644067645072937 0.7966101765632629 1.0
0.18644067645072937 0.8135592937469482 1.0
0.18644067645072937 0.8305084705352783 1.0
0.18644067645072937 0.8474576473236084 1.0
0.18644067645072937 0.8644067645072937 1.0
0.18644067645072937 0.8813559412956238 1.0
0.18644067645072937 0.8983050584793091 1.0
0.18644067645072937 0.9152542352676392 1.0
0.18644067645072937 0.9322034120559692 1.0
0.18644067645072937 0.9491525292396545 1.0
0.18644067645072937 0.9661017060279846 1.0
0.18644067645072937 0.9830508232116699 1.0
0.18644067645072937 1.0 1.0
0.20338982343673706 0.0 1.0
0.20338982343673706 0.016949152573943138 1.0
0.20338982343673706 0.033898305147886276 1.0
0.20338982343673706 0.050847455859184265 1.0
0.20338982343673706 0.06779661029577255 1.0
0.20338982343673706 0.08474576473236084 1.0
0.20338982343673706 0.10169491171836853 1.0
0.20338982343673706 0.11864406615495682 1.0
0.20338982343673706 0.1355932205915451 1.0
0.20338982343673706 0.1525423675775528 1.0
0.20338982343673706 0.16949152946472168 1.0
0.20338982343673706 0.18644067645072937 1.0
0.20338982343673706 0.20338982343673706 1.0
0.20338982343673706 0.22033898532390594 1.0
0.20338982343673706 0.23728813230991364 1.0
0.20338982343673706 0.2542372941970825 1.0
0.20338982343673706 0.2711864411830902 1.0
0.20338982343673706 0.2881355881690979 1.0
0.20338982343673706 0.3050847351551056 1.0
0.20338982343673706 0.32203391194343567 1.0
0.20338982343673706 0.33898305892944336 1.0
0.20338982343673706 0.35593220591545105 1.0
0.20338982343673706 0.37288135290145874 1.0
0.20338982343673706 0.38983049988746643 1.0
0.20338982343673706 0.4067796468734741 1.0
0.20338982343673706 0.4237288236618042 1.0
0.20338982343673706 0.4406779706478119 1.0
0.20338982343673706 0.4576271176338196 1.0
0.20338982343673706 0.47457626461982727 1.0
0.20338982343673706 0.49152541160583496 1.0
0.20338982343673706 0.508474588394165 1.0
0.20338982343673706 0.5254237055778503 1.0
0.20338982343673706 0.5423728823661804 1.0
0.20338982343673706 0.5593220591545105 1.0
0.20338982343673706 0.5762711763381958 1.0
0.20338982343673706 0.5932203531265259 1.0
0.20338982343673706 0.6101694703102112 1.0
0.20338982343673706 0.6271186470985413 1.0
0.20338982343673706 0.6440678238868713 1.0
0.20338982343673706 0.6610169410705566 1.0
0.20338982343673706 0.6779661178588867 1.0
0.20338982343673706 0.694915235042572 1.0
0.20338982343673706 0.7118644118309021 1.0
0.20338982343673706 0.7288135886192322 1.0
0.20338982343673706 0.7457627058029175 1.0
0.20338982343673706 0.7627118825912476 1.0
0.20338982343673706 0.7796609997749329 1.0
0.20338982343673706 0.7966101765632629 1.0
0.20338982343673706 0.8135592937469482 1.0
0.20338982343673706 0.8305084705352783 1.0
0.20338982343673706 0.8474576473236084 1.0
0.20338982343673706 0.8644067645072937 1.0
0.20338982343673706 0.8813559412956238 1.0
0.20338982343673706 0.8983050584793091 1.0
0.20338982343673706 0.9152542352676392 1.0
0.20338982343673706 0.9322034120559692 1.0
0.20338982343673706 0.9491525292396545 1.0
0.20338982343673706 0.9661017060279846 1.0
0.20338982343673706 0.9830508232116699 1.0
0.20338982343673706 1.0 1.0
0.22033898532390594 0.0 1.0
0.22033898532390594 0.016949152573943138 1.0
0.22033898532390594 0.033898305147886276 1.0
0.22033898532390594 0.050847455859184265 1.0
0.22033898532390594 0.06779661029577255 1.0
0.22033898532390594 0.08474576473236084 1.0
0.22033898532390594 0.10169491171836853 1.0
0.22033898532390594 0.11864406615495682 1.0
0.22033898532390594 0.1355932205915451 1.0
0.22033898532390594 0.1525423675775528 1.0
0.22033898532390594 0.16949152946472168 1.0
0.22033898532390594 0.18644067645072937 1.0
0.22033898532390594 0.20338982343673706 1.0
0.22033898532390594 0.22033898532390594 1.0
0.22033898532390594 0.23728813230991364 1.0
0.22033898532390594 0.2542372941970825 1.0
0.22033898532390594 0.2711864411830902 1.0
0.22033898532390594 0.2881355881690979 1.0
0.22033898532390594 0.3050847351551056 1.0
0.22033898532390594 0.32203391194343567 1.0
0.22033898532390594 0.33898305892944336 1.0
0.22033898532390594 0.35593220591545105 1.0
0.22033898532390594 0.37288135290145874 1.0
0.22033898532390594 0.38983049988746643 1.0
0.22033898532390594 0.4067796468734741 1.0
0.22033898532390594 0.4237288236618042 1.0
0.22033898532390594 0.4406779706478119 1.0
0.22033898532390594 0.4576271176338196 1.0
0.22033898532390594 0.47457626461982727 1.0
0.22033898532390594 0.49152541160583496 1.0
0.22033898532390594 0.508474588394165 1.0
0.22033898532390594 0.5254237055778503 1.0
0.22033898532390594 0.5423728823661804 1.0
0.22033898532390594 0.5593220591545105 1.0
0.22033898532390594 0.5762711763381958 1.0
0.22033898532390594 0.5932203531265259 1.0
0.22033898532390594 0.6101694703102112 1.0
0.22033898532390594 0.6271186470985413 1.0
0.22033898532390594 0.6440678238868713 1.0
0.22033898532390594 0.6610169410705566 1.0
0.22033898532390594 0.6779661178588867 1.0
0.22033898532390594 0.694915235042572 1.0
0.22033898532390594 0.7118644118309021 1.0
0.22033898532390594 0.7288135886192322 1.0
0.22033898532390594 0.7457627058029175 1.0
0.22033898532390594 0.7627118825912476 1.0
0.22033898532390594 0.7796609997749329 1.0
0.22033898532390594 0.7966101765632629 1.0
0.22033898532390594 0.8135592937469482 1.0
0.22033898532390594 0.8305084705352783 1.0
0.22033898532390594 0.8474576473236084 1.0
0.22033898532390594 0.8644067645072937 1.0
0.22033898532390594 0.8813559412956238 1.0
0.22033898532390594 0.8983050584793091 1.0
0.22033898532390594 0.9152542352676392 1.0
0.22033898532390594 0.9322034120559692 1.0
0.22033898532390594 0.9491525292396545 1.0
0.22033898532390594 0.9661017060279846 1.0
0.22033898532390594 0.9830508232116699 1.0
0.22033898532390594 1.0 1.0
0.23728813230991364 0.0 1.0
0.23728813230991364 0.016949152573943138 1.0
0.23728813230991364 0.033898305147886276 1.0
0.23728813230991364 0.050847455859184265 1.0
0.23728813230991364 0.06779661029577255 1.0
0.23728813230991364 0.08474576473236084 1.0
0.23728813230991364 0.10169491171836853 1.0
0.23728813230991364 0.11864406615495682 1.0
0.23728813230991364 0.1355932205915451 1.0
0.23728813230991364 0.1525423675775528 1.0
0.23728813230991364 0.16949152946472168 1.0
0.23728813230991364 0.18644067645072937 1.0
0.23728813230991364 0.20338982343673706 1.0
0.23728813230991364 0.22033898532390594 1.0
0.23728813230991364 0.23728813230991364 1.0
0.23728813230991364 0.2542372941970825 1.0
0.23728813230991364 0.2711864411830902 1.0
0.23728813230991364 0.2881355881690979 1.0
0.23728813230991364 0.3050847351551056 1.0
0.23728813230991364 0.32203391194343567 1.0
0.23728813230991364 0.33898305892944336 1.0
0.23728813230991364 0.35593220591545105 1.0
0.23728813230991364 0.37288135290145874 1.0
0.23728813230991364 0.38983049988746643 1.0
0.23728813230991364 0.4067796468734741 1.0
0.23728813230991364 0.4237288236618042 1.0
0.23728813230991364 0.4406779706478119 1.0
0.23728813230991364 0.4576271176338196 1.0
0.23728813230991364 0.47457626461982727 1.0
0.23728813230991364 0.49152541160583496 1.0
0.23728813230991364 0.508474588394165 1.0
0.23728813230991364 0.5254237055778503 1.0
0.23728813230991364 0.5423728823661804 1.0
0.23728813230991364 0.5593220591545105 1.0
0.23728813230991364 0.5762711763381958 1.0
0.23728813230991364 0.5932203531265259 1.0
0.23728813230991364 0.6101694703102112 1.0
0.23728813230991364 0.6271186470985413 1.0
0.23728813230991364 0.6440678238868713 1.0
0.23728813230991364 0.6610169410705566 1.0
0.23728813230991364 0.6779661178588867 1.0
0.23728813230991364 0.694915235042572 1.0
0.23728813230991364 0.7118644118309021 1.0
0.23728813230991364 0.7288135886192322 1.0
0.23728813230991364 0.7457627058029175 1.0
0.23728813230991364 0.7627118825912476 1.0
0.23728813230991364 0.7796609997749329 1.0
0.23728813230991364 0.7966101765632629 1.0
0.23728813230991364 0.8135592937469482 1.0
0.23728813230991364 0.8305084705352783 1.0
0.23728813230991364 0.8474576473236084 1.0
0.23728813230991364 0.8644067645072937 1.0
0.23728813230991364 0.8813559412956238 1.0
0.23728813230991364 0.8983050584793091 1.0
0.23728813230991364 0.9152542352676392 1.0
0.23728813230991364 0.9322034120559692 1.0
0.23728813230991364 0.9491525292396545 1.0
0.23728813230991364 0.9661017060279846 1.0
0.23728813230991364 0.9830508232116699 1.0
0.23728813230991364 1.0 1.0
0.2542372941970825 0.0 1.0
0.2542372941970825 0.016949152573943138 1.0
0.2542372941970825 0.033898305147886276 1.0
0.2542372941970825 0.050847455859184265 1.0
0.2542372941970825 0.06779661029577255 1.0
0.2542372941970825 0.08474576473236084 1.0
0.2542372941970825 0.10169491171836853 1.0
0.2542372941970825 0.11864406615495682 1.0
0.2542372941970825 0.1355932205915451 1.0
0.2542372941970825 0.1525423675775528 1.0
0.2542372941970825 0.16949152946472168 1.0
0.2542372941970825 0.18644067645072937 1.0
0.2542372941970825 0.20338982343673706 1.0
0.2542372941970825 0.22033898532390594 1.0
0.2542372941970825 0.23728813230991364 1.0
0.2542372941970825 0.2542372941970825 1.0
0.2542372941970825 0.2711864411830902 1.0
0.2542372941970825 0.2881355881690979 1.0
0.2542372941970825 0.3050847351551056 1.0
0.2542372941970825 0.32203391194343567 1.0
0.2542372941970825 0.33898305892944336 1.0
0.2542372941970825 0.35593220591545105 1.0
0.2542372941970825 0.37288135290145874 1.0
0.2542372941970825 0.38983049988746643 1.0
0.2542372941970825 0.4067796468734741 1.0
0.2542372941970825 0.4237288236618042 1.0
0.2542372941970825 0.4406779706478119 1.0
0.2542372941970825 0.4576271176338196 1.0
0.2542372941970825 0.47457626461982727 1.0
0.2542372941970825 0.49152541160583496 1.0
0.2542372941970825 0.508474588394165 1.0
0.2542372941970825 0.5254237055778503 1.0
0.2542372941970825 0.5423728823661804 1.0
0.2542372941970825 0.5593220591545105 1.0
0.2542372941970825 0.5762711763381958 1.0
0.2542372941970825 0.5932203531265259 1.0
0.2542372941970825 0.6101694703102112 1.0
0.2542372941970825 0.6271186470985413 1.0
0.2542372941970825 0.6440678238868713 1.0
0.2542372941970825 0.6610169410705566 1.0
0.2542372941970825 0.6779661178588867 1.0
0.2542372941970825 0.694915235042572 1.0
0.2542372941970825 0.7118644118309021 1.0
0.2542372941970825 0.7288135886192322 1.0
0.2542372941970825 0.7457627058029175 1.0
0.2542372941970825 0.7627118825912476 1.0
0.2542372941970825 0.7796609997749329 1.0
0.2542372941970825 0.7966101765632629 1.0
0.2542372941970825 0.8135592937469482 1.0
0.2542372941970825 0.8305084705352783 1.0
0.2542372941970825 0.8474576473236084 1.0
0.2542372941970825 0.8644067645072937 1.0
0.2542372941970825 0.8813559412956238 1.0
0.2542372941970825 0.8983050584793091 1.0
0.2542372941970825 0.9152542352676392 1.0
0.2542372941970825 0.9322034120559692 1.0
0.2542372941970825 0.9491525292396545 1.0
0.2542372941970825 0.9661017060279846 1.0
0.2542372941970825 0.9830508232116699 1.0
0.2542372941970825 1.0 1.0
0.2711864411830902 0.0 1.0
0.2711864411830902 0.016949152573943138 1.0
0.2711864411830902 0.033898305147886276 1.0
0.2711864411830902 0.050847455859184265 1.0
0.2711864411830902 0.06779661029577255 1.0
0.2711864411830902 0.08474576473236084 1.0
0.2711864411830902 0.10169491171836853 1.0
0.2711864411830902 0.11864406615495682 1.0
0.2711864411830902 0.1355932205915451 1.0
0.2711864411830902 0.1525423675775528 1.0
0.2711864411830902 0.16949152946472168 1.0
0.2711864411830902 0.18644067645072937 1.0
0.2711864411830902 0.20338982343673706 1.0
0.2711864411830902 0.22033898532390594 1.0
0.2711864411830902 0.23728813230991364 1.0
0.2711864411830902 0.2542372941970825 1.0
0.2711864411830902 0.2711864411830902 1.0
0.2711864411830902 0.2881355881690979 1.0
0.2711864411830902 0.3050847351551056 1.0
0.2711864411830902 0.32203391194343567 1.0
0.2711864411830902 0.33898305892944336 1.0
0.2711864411830902 0.35593220591545105 1.0
0.2711864411830902 0.37288135290145874 1.0
0.2711864411830902 0.38983049988746643 1.0
0.2711864411830902 0.4067796468734741 1.0
0.2711864411830902 0.4237288236618042 1.0
0.2711864411830902 0.4406779706478119 1.0
0.2711864411830902 0.4576271176338196 1.0
0.2711864411830902 0.47457626461982727 1.0
0.2711864411830902 0.49152541160583496 1.0
0.2711864411830902 0.508474588394165 1.0
0.2711864411830902 0.5254237055778503 1.0
0.2711864411830902 0.5423728823661804 1.0
0.2711864411830902 0.5593220591545105 1.0
0.2711864411830902 0.5762711763381958 1.0
0.2711864411830902 0.5932203531265259 1.0
0.2711864411830902 0.6101694703102112 1.0
0.2711864411830902 0.6271186470985413 1.0
0.2711864411830902 0.6440678238868713 1.0
0.2711864411830902 0.6610169410705566 1.0
0.2711864411830902 0.6779661178588867 1.0
0.2711864411830902 0.694915235042572 1.0
0.2711864411830902 0.7118644118309021 1.0
0.2711864411830902 0.7288135886192322 1.0
0.2711864411830902 0.7457627058029175 1.0
0.2711864411830902 0.7627118825912476 1.0
0.2711864411830902 0.7796609997749329 1.0
0.2711864411830902 0.7966101765632629 1.0
0.2711864411830902 0.8135592937469482 1.0
0.2711864411830902 0.8305084705352783 1.0
0.2711864411830902 0.8474576473236084 1.0
0.2711864411830902 0.8644067645072937 1.0
0.2711864411830902 0.8813559412956238 1.0
0.2711864411830902 0.8983050584793091 1.0
0.2711864411830902 0.9152542352676392 1.0
0.2711864411830902 0.9322034120559692 1.0
0.2711864411830902 0.9491525292396545 1.0
0.2711864411830902 0.9661017060279846 1.0
0.2711864411830902 0.9830508232116699 1.0
0.2711864411830902 1.0 1.0
0.2881355881690979 0.0 1.0
0.2881355881690979 0.016949152573943138 1.0
0.2881355881690979 0.033898305147886276 1.0
0.2881355881690979 0.050847455859184265 1.0
0.2881355881690979 0.06779661029577255 1.0
0.2881355881690979 0.08474576473236084 1.0
0.2881355881690979 0.10169491171836853 1.0
0.2881355881690979 0.11864406615495682 1.0
0.2881355881690979 0.1355932205915451 1.0
0.2881355881690979 0.1525423675775528 1.0
0.2881355881690979 0.16949152946472168 1.0
0.2881355881690979 0.18644067645072937 1.0
0.2881355881690979 0.20338982343673706 1.0
0.2881355881690979 0.22033898532390594 1.0
0.2881355881690979 0.23728813230991364 1.0
0.2881355881690979 0.2542372941970825 1.0
0.2881355881690979 0.2711864411830902 1.0
0.2881355881690979 0.2881355881690979 1.0
0.2881355881690979 0.3050847351551056 1.0
0.2881355881690979 0.32203391194343567 1.0
0.2881355881690979 0.33898305892944336 1.0
0.2881355881690979 0.35593220591545105 1.0
0.2881355881690979 0.37288135290145874 1.0
0.2881355881690979 0.38983049988746643 1.0
0.2881355881690979 0.4067796468734741 1.0
0.2881355881690979 0.4237288236618042 1.0
0.2881355881690979 0.4406779706478119 1.0
0.2881355881690979 0.4576271176338196 1.0
0.2881355881690979 0.47457626461982727 1.0
0.2881355881690979 0.49152541160583496 1.0
0.2881355881690979 0.508474588394165 1.0
0.2881355881690979 0.5254237055778503 1.0
0.2881355881690979 0.5423728823661804 1.0
0.2881355881690979 0.5593220591545105 1.0
0.2881355881690979 0.5762711763381958 1.0
0.2881355881690979 0.5932203531265259 1.0
0.2881355881690979 0.6101694703102112 1.0
0.2881355881690979 0.6271186470985413 1.0
0.2881355881690979 0.6440678238868713 1.0
0.2881355881690979 0.6610169410705566 1.0
0.2881355881690979 0.6779661178588867 1.0
0.2881355881690979 0.694915235042572 1.0
0.2881355881690979 0.7118644118309021 1.0
0.2881355881690979 0.7288135886192322 1.0
0.2881355881690979 0.7457627058029175 1.0
0.2881355881690979 0.7627118825912476 1.0
0.2881355881690979 0.7796609997749329 1.0
0.2881355881690979 0.7966101765632629 1.0
0.2881355881690979 0.8135592937469482 1.0
0.2881355881690979 0.8305084705352783 1.0
0.2881355881690979 0.8474576473236084 1.0
0.2881355881690979 0.8644067645072937 1.0
0.2881355881690979 0.8813559412956238 1.0
0.2881355881690979 0.8983050584793091 1.0
0.2881355881690979 0.9152542352676392 1.0
0.2881355881690979 0.9322034120559692 1.0
0.2881355881690979 0.9491525292396545 1.0
0.2881355881690979 0.9661017060279846 1.0
0.2881355881690979 0.9830508232116699 1.0
0.2881355881690979 1.0 1.0
0.3050847351551056 0.0 1.0
0.3050847351551056 0.016949152573943138 1.0
0.3050847351551056 0.033898305147886276 1.0
0.3050847351551056 0.050847455859184265 1.0
0.3050847351551056 0.06779661029577255 1.0
0.3050847351551056 0.08474576473236084 1.0
0.3050847351551056 0.10169491171836853 1.0
0.3050847351551056 0.11864406615495682 1.0
0.3050847351551056 0.1355932205915451 1.0
0.3050847351551056 0.1525423675775528 1.0
0.3050847351551056 0.16949152946472168 1.0
0.3050847351551056 0.18644067645072937 1.0
0.3050847351551056 0.20338982343673706 1.0
0.3050847351551056 0.22033898532390594 1.0
0.3050847351551056 0.23728813230991364 1.0
0.3050847351551056 0.2542372941970825 1.0
0.3050847351551056 0.2711864411830902 1.0
0.3050847351551056 0.2881355881690979 1.0
0.3050847351551056 0.3050847351551056 1.0
0.3050847351551056 0.32203391194343567 1.0
0.3050847351551056 0.33898305892944336 1.0
0.3050847351551056 0.35593220591545105 1.0
0.3050847351551056 0.37288135290145874 1.0
0.3050847351551056 0.38983049988746643 1.0
0.3050847351551056 0.4067796468734741 1.0
0.3050847351551056 0.4237288236618042 1.0
0.3050847351551056 0.4406779706478119 1.0
0.3050847351551056 0.4576271176338196 1.0
0.3050847351551056 0.47457626461982727 1.0
0.3050847351551056 0.49152541160583496 1.0
0.3050847351551056 0.508474588394165 1.0
0.3050847351551056 0.5254237055778503 1.0
0.3050847351551056 0.5423728823661804 1.0
0.3050847351551056 0.5593220591545105 1.0
0.3050847351551056 0.5762711763381958 1.0
0.3050847351551056 0.5932203531265259 1.0
0.3050847351551056 0.6101694703102112 1.0
0.3050847351551056 0.6271186470985413 1.0
0.3050847351551056 0.6440678238868713 1.0
0.3050847351551056 0.6610169410705566 1.0
0.3050847351551056 0.6779661178588867 1.0
0.3050847351551056 0.694915235042572 1.0
0.3050847351551056 0.7118644118309021 1.0
0.3050847351551056 0.7288135886192322 1.0
0.3050847351551056 0.7457627058029175 1.0
0.3050847351551056 0.7627118825912476 1.0
0.3050847351551056 0.7796609997749329 1.0
0.3050847351551056 0.7966101765632629 1.0
0.3050847351551056 0.8135592937469482 1.0
0.3050847351551056 0.8305084705352783 1.0
0.3050847351551056 0.8474576473236084 1.0
0.3050847351551056 0.8644067645072937 1.0
0.3050847351551056 0.8813559412956238 1.0
0.3050847351551056 0.8983050584793091 1.0
0.3050847351551056 0.9152542352676392 1.0
0.3050847351551056 0.9322034120559692 1.0
0.3050847351551056 0.9491525292396545 1.0
0.3050847351551056 0.9661017060279846 1.0
0.3050847351551056 0.9830508232116699 1.0
0.3050847351551056 1.0 1.0
0.32203391194343567 0.0 1.0
0.32203391194343567 0.016949152573943138 1.0
0.32203391194343567 0.033898305147886276 1.0
0.32203391194343567 0.050847455859184265 1.0
0.32203391194343567 0.06779661029577255 1.0
0.32203391194343567 0.08474576473236084 1.0
0.32203391194343567 0.10169491171836853 1.0
0.32203391194343567 0.11864406615495682 1.0
0.32203391194343567 0.1355932205915451 1.0
0.32203391194343567 0.1525423675775528 1.0
0.32203391194343567 0.16949152946472168 1.0
0.32203391194343567 0.18644067645072937 1.0
0.32203391194343567 0.20338982343673706 1.0
0.32203391194343567 0.22033898532390594 1.0
0.32203391194343567 0.23728813230991364 1.0
0.32203391194343567 0.2542372941970825 1.0
0.32203391194343567 0.2711864411830902 1.0
0.32203391194343567 0.2881355881690979 1.0
0.32203391194343567 0.3050847351551056 1.0
0.32203391194343567 0.32203391194343567 1.0
0.32203391194343567 0.33898305892944336 1.0
0.32203391194343567 0.35593220591545105 1.0
0.32203391194343567 0.37288135290145874 1.0
0.32203391194343567 0.38983049988746643 1.0
0.32203391194343567 0.4067796468734741 1.0
0.32203391194343567 0.4237288236618042 1.0
0.32203391194343567 0.4406779706478119 1.0
0.32203391194343567 0.4576271176338196 1.0
0.32203391194343567 0.47457626461982727 1.0
0.32203391194343567 0.49152541160583496 1.0
0.32203391194343567 0.508474588394165 1.0
0.32203391194343567 0.5254237055778503 1.0
0.32203391194343567 0.5423728823661804 1.0
0.32203391194343567 0.5593220591545105 1.0
0.32203391194343567 0.5762711763381958 1.0
0.32203391194343567 0.5932203531265259 1.0
0.32203391194343567 0.6101694703102112 1.0
0.32203391194343567 0.6271186470985413 1.0
0.32203391194343567 0.6440678238868713 1.0
0.32203391194343567 0.6610169410705566 1.0
0.32203391194343567 0.6779661178588867 1.0
0.32203391194343567 0.694915235042572 1.0
0.32203391194343567 0.7118644118309021 1.0
0.32203391194343567 0.7288135886192322 1.0
0.32203391194343567 0.7457627058029175 1.0
0.32203391194343567 0.7627118825912476 1.0
0.32203391194343567 0.7796609997749329 1.0
0.32203391194343567 0.7966101765632629 1.0
0.32203391194343567 0.8135592937469482 1.0
0.32203391194343567 0.8305084705352783 1.0
0.32203391194343567 0.8474576473236084 1.0
0.32203391194343567 0.8644067645072937 1.0
0.32203391194343567 0.8813559412956238 1.0
0.32203391194343567 0.8983050584793091 1.0
0.32203391194343567 0.9152542352676392 1.0
0.32203391194343567 0.9322034120559692 1.0
0.32203391194343567 0.9491525292396545 1.0
0.32203391194343567 0.9661017060279846 1.0
0.32203391194343567 0.9830508232116699 1.0
0.32203391194343567 1.0 1.0
0.33898305892944336 0.0 1.0
0.33898305892944336 0.016949152573943138 1.0
0.33898305892944336 0.033898305147886276 1.0
0.33898305892944336 0.050847455859184265 1.0
0.33898305892944336 0.06779661029577255 1.0
0.33898305892944336 0.08474576473236084 1.0
0.33898305892944336 0.10169491171836853 1.0
0.33898305892944336 0.11864406615495682 1.0
0.33898305892944336 0.1355932205915451 1.0
0.33898305892944336 0.1525423675775528 1.0
0.33898305892944336 0.16949152946472168 1.0
0.33898305892944336 0.18644067645072937 1.0
0.33898305892944336 0.20338982343673706 1.0
0.33898305892944336 0.22033898532390594 1.0
0.33898305892944336 0.23728813230991364 1.0
0.33898305892944336 0.2542372941970825 1.0
0.33898305892944336 0.2711864411830902 1.0
0.33898305892944336 0.2881355881690979 1.0
0.33898305892944336 0.3050847351551056 1.0
0.33898305892944336 0.32203391194343567 1.0
0.33898305892944336 0.33898305892944336 1.0
0.33898305892944336 0.35593220591545105 1.0
0.33898305892944336 0.37288135290145874 1.0
0.33898305892944336 0.38983049988746643 1.0
0.33898305892944336 0.4067796468734741 1.0
0.33898305892944336 0.4237288236618042 1.0
0.33898305892944336 0.4406779706478119 1.0
0.33898305892944336 0.4576271176338196 1.0
0.33898305892944336 0.47457626461982727 1.0
0.33898305892944336 0.49152541160583496 1.0
0.33898305892944336 0.508474588394165 1.0
0.33898305892944336 0.5254237055778503 1.0
0.33898305892944336 0.5423728823661804 1.0
0.33898305892944336 0.5593220591545105 1.0
0.33898305892944336 0.5762711763381958 1.0
0.33898305892944336 0.5932203531265259 1.0
0.33898305892944336 0.6101694703102112 1.0
0.33898305892944336 0.6271186470985413 1.0
0.33898305892944336 0.6440678238868713 1.0
0.33898305892944336 0.6610169410705566 1.0
0.33898305892944336 0.6779661178588867 1.0
0.33898305892944336 0.694915235042572 1.0
0.33898305892944336 0.7118644118309021 1.0
0.33898305892944336 0.7288135886192322 1.0
0.33898305892944336 0.7457627058029175 1.0
0.33898305892944336 0.7627118825912476 1.0
0.33898305892944336 0.7796609997749329 1.0
0.33898305892944336 0.7966101765632629 1.0
0.33898305892944336 0.8135592937469482 1.0
0.33898305892944336 0.8305084705352783 1.0
0.33898305892944336 0.8474576473236084 1.0
0.33898305892944336 0.8644067645072937 1.0
0.33898305892944336 0.8813559412956238 1.0
0.33898305892944336 0.8983050584793091 1.0
0.33898305892944336 0.9152542352676392 1.0
0.33898305892944336 0.9322034120559692 1.0
0.33898305892944336 0.9491525292396545 1.0
0.33898305892944336 0.9661017060279846 1.0
0.33898305892944336 0.9830508232116699 1.0
0.33898305892944336 1.0 1.0
0.35593220591545105 0.0 1.0
0.35593220591545105 0.016949152573943138 1.0
0.35593220591545105 0.033898305147886276 1.0
0.35593220591545105 0.050847455859184265 1.0
0.35593220591545105 0.06779661029577255 1.0
0.35593220591545105 0.08474576473236084 1.0
0.35593220591545105 0.10169491171836853 1.0
0.35593220591545105 0.11864406615495682 1.0
0.35593220591545105 0.1355932205915451 1.0
0.35593220591545105 0.1525423675775528 1.0
0.35593220591545105 0.16949152946472168 1.0
0.35593220591545105 0.18644067645072937 1.0
0.35593220591545105 0.20338982343673706 1.0
0.35593220591545105 0.22033898532390594 1.0
0.35593220591545105 0.23728813230991364 1.0
0.35593220591545105 0.2542372941970825 1.0
0.35593220591545105 0.2711864411830902 1.0
0.35593220591545105 0.2881355881690979 1.0
0.35593220591545105 0.3050847351551056 1.0
0.35593220591545105 0.32203391194343567 1.0
0.35593220591545105 0.33898305892944336 1.0
0.35593220591545105 0.35593220591545105 1.0
0.35593220591545105 0.37288135290145874 1.0
0.35593220591545105 0.38983049988746643 1.0
0.35593220591545105 0.4067796468734741 1.0
0.35593220591545105 0.4237288236618042 1.0
0.35593220591545105 0.4406779706478119 1.0
0.35593220591545105 0.4576271176338196 1.0
0.35593220591545105 0.47457626461982727 1.0
0.35593220591545105 0.49152541160583496 1.0
0.35593220591545105 0.508474588394165 1.0
0.35593220591545105 0.5254237055778503 1.0
0.35593220591545105 0.5423728823661804 1.0
0.35593220591545105 0.5593220591545105 1.0
0.35593220591545105 0.5762711763381958 1.0
0.35593220591545105 0.5932203531265259 1.0
0.35593220591545105 0.6101694703102112 1.0
0.35593220591545105 0.6271186470985413 1.0
0.35593220591545105 0.6440678238868713 1.0
0.35593220591545105 0.6610169410705566 1.0
0.35593220591545105 0.6779661178588867 1.0
0.35593220591545105 0.694915235042572 1.0
0.35593220591545105 0.7118644118309021 1.0
0.35593220591545105 0.7288135886192322 1.0
0.35593220591545105 0.7457627058029175 1.0
0.35593220591545105 0.7627118825912476 1.0
0.35593220591545105 0.7796609997749329 1.0
0.35593220591545105 0.7966101765632629 1.0
0.35593220591545105 0.8135592937469482 1.0
0.35593220591545105 0.8305084705352783 1.0
0.35593220591545105 0.8474576473236084 1.0
0.35593220591545105 0.8644067645072937 1.0
0.35593220591545105 0.8813559412956238 1.0
0.35593220591545105 0.8983050584793091 1.0
0.35593220591545105 0.9152542352676392 1.0
0.35593220591545105 0.9322034120559692 1.0
0.35593220591545105 0.9491525292396545 1.0
0.35593220591545105 0.9661017060279846 1.0
0.35593220591545105 0.9830508232116699 1.0
0.35593220591545105 1.0 1.0
0.37288135290145874 0.0 1.0
0.37288135290145874 0.016949152573943138 1.0
0.37288135290145874 0.033898305147886276 1.0
0.37288135290145874 0.050847455859184265 1.0
0.37288135290145874 0.06779661029577255 1.0
0.37288135290145874 0.08474576473236084 1.0
0.37288135290145874 0.10169491171836853 1.0
0.37288135290145874 0.11864406615495682 1.0
0.37288135290145874 0.1355932205915451 1.0
0.37288135290145874 0.1525423675775528 1.0
0.37288135290145874 0.16949152946472168 1.0
0.37288135290145874 0.18644067645072937 1.0
0.37288135290145874 0.20338982343673706 1.0
0.37288135290145874 0.22033898532390594 1.0
0.37288135290145874 0.23728813230991364 1.0
0.37288135290145874 0.2542372941970825 1.0
0.37288135290145874 0.2711864411830902 1.0
0.37288135290145874 0.2881355881690979 1.0
0.37288135290145874 0.3050847351551056 1.0
0.37288135290145874 0.32203391194343567 1.0
0.37288135290145874 0.33898305892944336 1.0
0.37288135290145874 0.35593220591545105 1.0
0.37288135290145874 0.37288135290145874 1.0
0.37288135290145874 0.38983049988746643 1.0
0.37288135290145874 0.4067796468734741 1.0
0.37288135290145874 0.4237288236618042 1.0
0.37288135290145874 0.4406779706478119 1.0
0.37288135290145874 0.4576271176338196 1.0
0.37288135290145874 0.47457626461982727 1.0
0.37288135290145874 0.49152541160583496 1.0
0.37288135290145874 0.508474588394165 1.0
0.37288135290145874 0.5254237055778503 1.0
0.37288135290145874 0.5423728823661804 1.0
0.37288135290145874 0.5593220591545105 1.0
0.37288135290145874 0.5762711763381958 1.0
0.37288135290145874 0.5932203531265259 1.0
0.37288135290145874 0.6101694703102112 1.0
0.37288135290145874 0.6271186470985413 1.0
0.37288135290145874 0.6440678238868713 1.0
0.37288135290145874 0.6610169410705566 1.0
0.37288135290145874 0.6779661178588867 1.0
0.37288135290145874 0.694915235042572 1.0
0.37288135290145874 0.7118644118309021 1.0
0.37288135290145874 0.7288135886192322 1.0
0.37288135290145874 0.7457627058029175 1.0
0.37288135290145874 0.7627118825912476 1.0
0.37288135290145874 0.7796609997749329 1.0
0.37288135290145874 0.7966101765632629 1.0
0.37288135290145874 0.8135592937469482 1.0
0.37288135290145874 0.8305084705352783 1.0
0.37288135290145874 0.8474576473236084 1.0
0.37288135290145874 0.8644067645072937 1.0
0.37288135290145874 0.8813559412956238 1.0
0.37288135290145874 0.8983050584793091 1.0
0.37288135290145874 0.9152542352676392 1.0
0.37288135290145874 0.9322034120559692 1.0
0.37288135290145874 0.9491525292396545 1.0
0.37288135290145874 0.9661017060279846 1.0
0.37288135290145874 0.9830508232116699 1.0
0.37288135290145874 1.0 1.0
0.38983049988746643 0.0 1.0
0.38983049988746643 0.016949152573943138 1.0
0.38983049988746643 0.033898305147886276 1.0
0.38983049988746643 0.050847455859184265 1.0
0.38983049988746643 0.06779661029577255 1.0
0.38983049988746643 0.08474576473236084 1.0
0.38983049988746643 0.10169491171836853 1.0
0.38983049988746643 0.11864406615495682 1.0
0.38983049988746643 0.1355932205915451 1.0
0.38983049988746643 0.1525423675775528 1.0
0.38983049988746643 0.16949152946472168 1.0
0.38983049988746643 0.18644067645072937 1.0
0.38983049988746643 0.20338982343673706 1.0
0.38983049988746643 0.22033898532390594 1.0
0.38983049988746643 0.23728813230991364 1.0
0.38983049988746643 0.2542372941970825 1.0
0.38983049988746643 0.2711864411830902 1.0
0.38983049988746643 0.2881355881690979 1.0
0.38983049988746643 0.3050847351551056 1.0
0.38983049988746643 0.32203391194343567 1.0
0.38983049988746643 0.33898305892944336 1.0
0.38983049988746643 0.35593220591545105 1.0
0.38983049988746643 0.37288135290145874 1.0
0.38983049988746643 0.38983049988746643 1.0
0.38983049988746643 0.4067796468734741 1.0
0.38983049988746643 0.4237288236618042 1.0
0.38983049988746643 0.4406779706478119 1.0
0.38983049988746643 0.4576271176338196 1.0
0.38983049988746643 0.47457626461982727 1.0
0.38983049988746643 0.49152541160583496 1.0
0.38983049988746643 0.508474588394165 1.0
0.38983049988746643 0.5254237055778503 1.0
0.38983049988746643 0.5423728823661804 1.0
0.38983049988746643 0.5593220591545105 1.0
0.38983049988746643 0.5762711763381958 1.0
0.38983049988746643 0.5932203531265259 1.0
0.38983049988746643 0.6101694703102112 1.0
0.38983049988746643 0.6271186470985413 1.0
0.38983049988746643 0.6440678238868713 1.0
0.38983049988746643 0.6610169410705566 1.0
0.38983049988746643 0.6779661178588867 1.0
0.38983049988746643 0.694915235042572 1.0
0.38983049988746643 0.7118644118309021 1.0
0.38983049988746643 0.7288135886192322 1.0
0.38983049988746643 0.7457627058029175 1.0
0.38983049988746643 0.7627118825912476 1.0
0.38983049988746643 0.7796609997749329 1.0
0.38983049988746643 0.7966101765632629 1.0
0.38983049988746643 0.8135592937469482 1.0
0.38983049988746643 0.8305084705352783 1.0
0.38983049988746643 0.8474576473236084 1.0
0.38983049988746643 0.8644067645072937 1.0
0.38983049988746643 0.8813559412956238 1.0
0.38983049988746643 0.8983050584793091 1.0
0.38983049988746643 0.9152542352676392 1.0
0.38983049988746643 0.9322034120559692 1.0
0.38983049988746643 0.9491525292396545 1.0
0.38983049988746643 0.9661017060279846 1.0
0.38983049988746643 0.9830508232116699 1.0
0.38983049988746643 1.0 1.0
0.4067796468734741 0.0 1.0
0.4067796468734741 0.016949152573943138 1.0
0.4067796468734741 0.033898305147886276 1.0
0.4067796468734741 0.050847455859184265 1.0
0.4067796468734741 0.06779661029577255 1.0
0.4067796468734741 0.08474576473236084 1.0
0.4067796468734741 0.10169491171836853 1.0
0.4067796468734741 0.11864406615495682 1.0
0.4067796468734741 0.1355932205915451 1.0
0.4067796468734741 0.1525423675775528 1.0
0.4067796468734741 0.16949152946472168 1.0
0.4067796468734741 0.18644067645072937 1.0
0.4067796468734741 0.20338982343673706 1.0
0.4067796468734741 0.22033898532390594 1.0
0.4067796468734741 0.23728813230991364 1.0
0.4067796468734741 0.2542372941970825 1.0
0.4067796468734741 0.2711864411830902 1.0
0.4067796468734741 0.2881355881690979 1.0
0.4067796468734741 0.3050847351551056 1.0
0.4067796468734741 0.32203391194343567 1.0
0.4067796468734741 0.33898305892944336 1.0
0.4067796468734741 0.35593220591545105 1.0
0.4067796468734741 0.37288135290145874 1.0
0.4067796468734741 0.38983049988746643 1.0
0.4067796468734741 0.4067796468734741 1.0
0.4067796468734741 0.4237288236618042 1.0
0.4067796468734741 0.4406779706478119 1.0
0.4067796468734741 0.4576271176338196 1.0
0.4067796468734741 0.47457626461982727 1.0
0.4067796468734741 0.49152541160583496 1.0
0.4067796468734741 0.508474588394165 1.0
0.4067796468734741 0.5254237055778503 1.0
0.4067796468734741 0.5423728823661804 1.0
0.4067796468734741 0.5593220591545105 1.0
0.4067796468734741 0.5762711763381958 1.0
0.4067796468734741 0.5932203531265259 1.0
0.4067796468734741 0.6101694703102112 1.0
0.4067796468734741 0.6271186470985413 1.0
0.4067796468734741 0.6440678238868713 1.0
0.4067796468734741 0.6610169410705566 1.0
0.4067796468734741 0.6779661178588867 1.0
0.4067796468734741 0.694915235042572 1.0
0.4067796468734741 0.7118644118309021 1.0
0.4067796468734741 0.7288135886192322 1.0
0.4067796468734741 0.7457627058029175 1.0
0.4067796468734741 0.7627118825912476 1.0
0.4067796468734741 0.7796609997749329 1.0
0.4067796468734741 0.7966101765632629 1.0
0.4067796468734741 0.8135592937469482 1.0
0.4067796468734741 0.8305084705352783 1.0
0.4067796468734741 0.8474576473236084 1.0
0.4067796468734741 0.8644067645072937 1.0
0.4067796468734741 0.8813559412956238 1.0
0.4067796468734741 0.8983050584793091 1.0
0.4067796468734741 0.9152542352676392 1.0
0.4067796468734741 0.9322034120559692 1.0
0.4067796468734741 0.9491525292396545 1.0
0.4067796468734741 0.9661017060279846 1.0
0.4067796468734741 0.9830508232116699 1.0
0.4067796468734741 1.0 1.0
0.4237288236618042 0.0 1.0
0.4237288236618042 0.016949152573943138 1.0
0.4237288236618042 0.033898305147886276 1.0
0.4237288236618042 0.050847455859184265 1.0
0.4237288236618042 0.06779661029577255 1.0
0.4237288236618042 0.08474576473236084 1.0
0.4237288236618042 0.10169491171836853 1.0
0.4237288236618042 0.11864406615495682 1.0
0.4237288236618042 0.1355932205915451 1.0
0.4237288236618042 0.1525423675775528 1.0
0.4237288236618042 0.16949152946472168 1.0
0.4237288236618042 0.18644067645072937 1.0
0.4237288236618042 0.20338982343673706 1.0
0.4237288236618042 0.22033898532390594 1.0
0.4237288236618042 0.23728813230991364 1.0
0.4237288236618042 0.2542372941970825 1.0
0.4237288236618042 0.2711864411830902 1.0
0.4237288236618042 0.2881355881690979 1.0
0.4237288236618042 0.3050847351551056 1.0
0.4237288236618042 0.32203391194343567 1.0
0.4237288236618042 0.33898305892944336 1.0
0.4237288236618042 0.35593220591545105 1.0
0.4237288236618042 0.37288135290145874 1.0
0.4237288236618042 0.38983049988746643 1.0
0.4237288236618042 0.4067796468734741 1.0
0.4237288236618042 0.4237288236618042 1.0
0.4237288236618042 0.4406779706478119 1.0
0.4237288236618042 0.4576271176338196 1.0
0.4237288236618042 0.47457626461982727 1.0
0.4237288236618042 0.49152541160583496 1.0
0.4237288236618042 0.508474588394165 1.0
0.4237288236618042 0.5254237055778503 1.0
0.4237288236618042 0.5423728823661804 1.0
0.4237288236618042 0.5593220591545105 1.0
0.4237288236618042 0.5762711763381958 1.0
0.4237288236618042 0.5932203531265259 1.0
0.4237288236618042 0.6101694703102112 1.0
0.4237288236618042 0.6271186470985413 1.0
0.4237288236618042 0.6440678238868713 1.0
0.4237288236618042 0.6610169410705566 1.0
0.4237288236618042 0.6779661178588867 1.0
0.4237288236618042 0.694915235042572 1.0
0.4237288236618042 0.7118644118309021 1.0
0.4237288236618042 0.7288135886192322 1.0
0.4237288236618042 0.7457627058029175 1.0
0.4237288236618042 0.7627118825912476 1.0
0.4237288236618042 0.7796609997749329 1.0
0.4237288236618042 0.7966101765632629 1.0
0.4237288236618042 0.8135592937469482 1.0
0.4237288236618042 0.8305084705352783 1.0
0.4237288236618042 0.8474576473236084 1.0
0.4237288236618042 0.8644067645072937 1.0
0.4237288236618042 0.8813559412956238 1.0
0.4237288236618042 0.8983050584793091 1.0
0.4237288236618042 0.9152542352676392 1.0
0.4237288236618042 0.9322034120559692 1.0
0.4237288236618042 0.9491525292396545 1.0
0.4237288236618042 0.9661017060279846 1.0
0.4237288236618042 0.9830508232116699 1.0
0.4237288236618042 1.0 1.0
0.4406779706478119 0.0 1.0
0.4406779706478119 0.016949152573943138 1.0
0.4406779706478119 0.033898305147886276 1.0
0.4406779706478119 0.050847455859184265 1.0
0.4406779706478119 0.06779661029577255 1.0
0.4406779706478119 0.08474576473236084 1.0
0.4406779706478119 0.10169491171836853 1.0
0.4406779706478119 0.11864406615495682 1.0
0.4406779706478119 0.1355932205915451 1.0
0.4406779706478119 0.1525423675775528 1.0
0.4406779706478119 0.16949152946472168 1.0
0.4406779706478119 0.18644067645072937 1.0
0.4406779706478119 0.20338982343673706 1.0
0.4406779706478119 0.22033898532390594 1.0
0.4406779706478119 0.23728813230991364 1.0
0.4406779706478119 0.2542372941970825 1.0
0.4406779706478119 0.2711864411830902 1.0
0.4406779706478119 0.2881355881690979 1.0
0.4406779706478119 0.3050847351551056 1.0
0.4406779706478119 0.32203391194343567 1.0
0.4406779706478119 0.33898305892944336 1.0
0.4406779706478119 0.35593220591545105 1.0
0.4406779706478119 0.37288135290145874 1.0
0.4406779706478119 0.38983049988746643 1.0
0.4406779706478119 0.4067796468734741 1.0
0.4406779706478119 0.4237288236618042 1.0
0.4406779706478119 0.4406779706478119 1.0
0.4406779706478119 0.4576271176338196 1.0
0.4406779706478119 0.47457626461982727 1.0
0.4406779706478119 0.49152541160583496 1.0
0.4406779706478119 0.508474588394165 1.0
0.4406779706478119 0.5254237055778503 1.0
0.4406779706478119 0.5423728823661804 1.0
0.4406779706478119 0.5593220591545105 1.0
0.4406779706478119 0.5762711763381958 1.0
0.4406779706478119 0.5932203531265259 1.0
0.4406779706478119 0.6101694703102112 1.0
0.4406779706478119 0.6271186470985413 1.0
0.4406779706478119 0.6440678238868713 1.0
0.4406779706478119 0.6610169410705566 1.0
0.4406779706478119 0.6779661178588867 1.0
0.4406779706478119 0.694915235042572 1.0
0.4406779706478119 0.7118644118309021 1.0
0.4406779706478119 0.7288135886192322 1.0
0.4406779706478119 0.7457627058029175 1.0
0.4406779706478119 0.7627118825912476 1.0
0.4406779706478119 0.7796609997749329 1.0
0.4406779706478119 0.7966101765632629 1.0
0.4406779706478119 0.8135592937469482 1.0
0.4406779706478119 0.8305084705352783 1.0
0.4406779706478119 0.8474576473236084 1.0
0.4406779706478119 0.8644067645072937 1.0
0.4406779706478119 0.8813559412956238 1.0
0.4406779706478119 0.8983050584793091 1.0
0.4406779706478119 0.9152542352676392 1.0
0.4406779706478119 0.9322034120559692 1.0
0.4406779706478119 0.9491525292396545 1.0
0.4406779706478119 0.9661017060279846 1.0
0.4406779706478119 0.9830508232116699 1.0
0.4406779706478119 1.0 1.0
0.4576271176338196 0.0 1.0
0.4576271176338196 0.016949152573943138 1.0
0.4576271176338196 0.033898305147886276 1.0
0.4576271176338196 0.050847455859184265 1.0
0.4576271176338196 0.06779661029577255 1.0
0.4576271176338196 0.08474576473236084 1.0
0.4576271176338196 0.10169491171836853 1.0
0.4576271176338196 0.11864406615495682 1.0
0.4576271176338196 0.1355932205915451 1.0
0.4576271176338196 0.1525423675775528 1.0
0.4576271176338196 0.16949152946472168 1.0
0.4576271176338196 0.18644067645072937 1.0
0.4576271176338196 0.20338982343673706 1.0
0.4576271176338196 0.22033898532390594 1.0
0.4576271176338196 0.23728813230991364 1.0
0.4576271176338196 0.2542372941970825 1.0
0.4576271176338196 0.2711864411830902 1.0
0.4576271176338196 0.2881355881690979 1.0
0.4576271176338196 0.3050847351551056 1.0
0.4576271176338196 0.32203391194343567 1.0
0.4576271176338196 0.33898305892944336 1.0
0.4576271176338196 0.35593220591545105 1.0
0.4576271176338196 0.37288135290145874 1.0
0.4576271176338196 0.38983049988746643 1.0
0.4576271176338196 0.4067796468734741 1.0
0.4576271176338196 0.4237288236618042 1.0
0.4576271176338196 0.4406779706478119 1.0
0.4576271176338196 0.4576271176338196 1.0
0.4576271176338196 0.47457626461982727 1.0
0.4576271176338196 0.49152541160583496 1.0
0.4576271176338196 0.508474588394165 1.0
0.4576271176338196 0.5254237055778503 1.0
0.4576271176338196 0.5423728823661804 1.0
0.4576271176338196 0.5593220591545105 1.0
0.4576271176338196 0.5762711763381958 1.0
0.4576271176338196 0.5932203531265259 1.0
0.4576271176338196 0.6101694703102112 1.0
0.4576271176338196 0.6271186470985413 1.0
0.4576271176338196 0.6440678238868713 1.0
0.4576271176338196 0.6610169410705566 1.0
0.4576271176338196 0.6779661178588867 1.0
0.4576271176338196 0.694915235042572 1.0
0.4576271176338196 0.7118644118309021 1.0
0.4576271176338196 0.7288135886192322 1.0
0.4576271176338196 0.7457627058029175 1.0
0.4576271176338196 0.7627118825912476 1.0
0.4576271176338196 0.7796609997749329 1.0
0.4576271176338196 0.7966101765632629 1.0
0.4576271176338196 0.8135592937469482 1.0
0.4576271176338196 0.8305084705352783 1.0
0.4576271176338196 0.8474576473236084 1.0
0.4576271176338196 0.8644067645072937 1.0
0.4576271176338196 0.8813559412956238 1.0
0.4576271176338196 0.8983050584793091 1.0
0.4576271176338196 0.9152542352676392 1.0
0.4576271176338196 0.9322034120559692 1.0
0.4576271176338196 0.9491525292396545 1.0
0.4576271176338196 0.9661017060279846 1.0
0.4576271176338196 0.9830508232116699 1.0
0.4576271176338196 1.0 1.0
0.47457626461982727 0.0 1.0
0.47457626461982727 0.016949152573943138 1.0
0.47457626461982727 0.033898305147886276 1.0
0.47457626461982727 0.050847455859184265 1.0
0.47457626461982727 0.06779661029577255 1.0
0.47457626461982727 0.08474576473236084 1.0
0.47457626461982727 0.10169491171836853 1.0
0.47457626461982727 0.11864406615495682 1.0
0.47457626461982727 0.1355932205915451 1.0
0.47457626461982727 0.1525423675775528 1.0
0.47457626461982727 0.16949152946472168 1.0
0.47457626461982727 0.18644067645072937 1.0
0.47457626461982727 0.20338982343673706 1.0
0.47457626461982727 0.22033898532390594 1.0
0.47457626461982727 0.23728813230991364 1.0
0.47457626461982727 0.2542372941970825 1.0
0.47457626461982727 0.2711864411830902 1.0
0.47457626461982727 0.2881355881690979 1.0
0.47457626461982727 0.3050847351551056 1.0
0.47457626461982727 0.32203391194343567 1.0
0.47457626461982727 0.33898305892944336 1.0
0.47457626461982727 0.35593220591545105 1.0
0.47457626461982727 0.37288135290145874 1.0
0.47457626461982727 0.38983049988746643 1.0
0.47457626461982727 0.4067796468734741 1.0
0.47457626461982727 0.4237288236618042 1.0
0.47457626461982727 0.4406779706478119 1.0
0.47457626461982727 0.4576271176338196 1.0
0.47457626461982727 0.47457626461982727 1.0
0.47457626461982727 0.49152541160583496 1.0
0.47457626461982727 0.508474588394165 1.0
0.47457626461982727 0.5254237055778503 1.0
0.47457626461982727 0.5423728823661804 1.0
0.47457626461982727 0.5593220591545105 1.0
0.47457626461982727 0.5762711763381958 1.0
0.47457626461982727 0.5932203531265259 1.0
0.47457626461982727 0.6101694703102112 1.0
0.47457626461982727 0.6271186470985413 1.0
0.47457626461982727 0.6440678238868713 1.0
0.47457626461982727 0.6610169410705566 1.0
0.47457626461982727 0.6779661178588867 1.0
0.47457626461982727 0.694915235042572 1.0
0.47457626461982727 0.7118644118309021 1.0
0.47457626461982727 0.7288135886192322 1.0
0.47457626461982727 0.7457627058029175 1.0
0.47457626461982727 0.7627118825912476 1.0
0.47457626461982727 0.7796609997749329 1.0
0.47457626461982727 0.7966101765632629 1.0
0.47457626461982727 0.8135592937469482 1.0
0.47457626461982727 0.8305084705352783 1.0
0.47457626461982727 0.8474576473236084 1.0
0.47457626461982727 0.8644067645072937 1.0
0.47457626461982727 0.8813559412956238 1.0
0.47457626461982727 0.8983050584793091 1.0
0.47457626461982727 0.9152542352676392 1.0
0.47457626461982727 0.9322034120559692 1.0
0.47457626461982727 0.9491525292396545 1.0
0.47457626461982727 0.9661017060279846 1.0
0.47457626461982727 0.9830508232116699 1.0
0.47457626461982727 1.0 1.0
0.49152541160583496 0.0 1.0
0.49152541160583496 0.016949152573943138 1.0
0.49152541160583496 0.033898305147886276 1.0
0.49152541160583496 0.050847455859184265 1.0
0.49152541160583496 0.06779661029577255 1.0
0.49152541160583496 0.08474576473236084 1.0
0.49152541160583496 0.10169491171836853 1.0
0.49152541160583496 0.11864406615495682 1.0
0.49152541160583496 0.1355932205915451 1.0
0.49152541160583496 0.1525423675775528 1.0
0.49152541160583496 0.16949152946472168 1.0
0.49152541160583496 0.18644067645072937 1.0
0.49152541160583496 0.20338982343673706 1.0
0.49152541160583496 0.22033898532390594 1.0
0.49152541160583496 0.23728813230991364 1.0
0.49152541160583496 0.2542372941970825 1.0
0.49152541160583496 0.2711864411830902 1.0
0.49152541160583496 0.2881355881690979 1.0
0.49152541160583496 0.3050847351551056 1.0
0.49152541160583496 0.32203391194343567 1.0
0.49152541160583496 0.33898305892944336 1.0
0.49152541160583496 0.35593220591545105 1.0
0.49152541160583496 0.37288135290145874 1.0
0.49152541160583496 0.38983049988746643 1.0
0.49152541160583496 0.4067796468734741 1.0
0.49152541160583496 0.4237288236618042 1.0
0.49152541160583496 0.4406779706478119 1.0
0.49152541160583496 0.4576271176338196 1.0
0.49152541160583496 0.47457626461982727 1.0
0.49152541160583496 0.49152541160583496 1.0
0.49152541160583496 0.508474588394165 1.0
0.49152541160583496 0.5254237055778503 1.0
0.49152541160583496 0.5423728823661804 1.0
0.49152541160583496 0.5593220591545105 1.0
0.49152541160583496 0.5762711763381958 1.0
0.49152541160583496 0.5932203531265259 1.0
0.49152541160583496 0.6101694703102112 1.0
0.49152541160583496 0.6271186470985413 1.0
0.49152541160583496 0.6440678238868713 1.0
0.49152541160583496 0.6610169410705566 1.0
0.49152541160583496 0.6779661178588867 1.0
0.49152541160583496 0.694915235042572 1.0
0.49152541160583496 0.7118644118309021 1.0
0.49152541160583496 0.7288135886192322 1.0
0.49152541160583496 0.7457627058029175 1.0
0.49152541160583496 0.7627118825912476 1.0
0.49152541160583496 0.7796609997749329 1.0
0.49152541160583496 0.7966101765632629 1.0
0.49152541160583496 0.8135592937469482 1.0
0.49152541160583496 0.8305084705352783 1.0
0.49152541160583496 0.8474576473236084 1.0
0.49152541160583496 0.8644067645072937 1.0
0.49152541160583496 0.8813559412956238 1.0
0.49152541160583496 0.8983050584793091 1.0
0.49152541160583496 0.9152542352676392 1.0
0.49152541160583496 0.9322034120559692 1.0
0.49152541160583496 0.9491525292396545 1.0
0.49152541160583496 0.9661017060279846 1.0
0.49152541160583496 0.9830508232116699 1.0
0.49152541160583496 1.0 1.0
0.508474588394165 0.0 1.0
0.508474588394165 0.016949152573943138 1.0
0.508474588394165 0.033898305147886276 1.0
0.508474588394165 0.050847455859184265 1.0
0.508474588394165 0.06779661029577255 1.0
0.508474588394165 0.08474576473236084 1.0
0.508474588394165 0.10169491171836853 1.0
0.508474588394165 0.11864406615495682 1.0
0.508474588394165 0.1355932205915451 1.0
0.508474588394165 0.1525423675775528 1.0
0.508474588394165 0.16949152946472168 1.0
0.508474588394165 0.18644067645072937 1.0
0.508474588394165 0.20338982343673706 1.0
0.508474588394165 0.22033898532390594 1.0
0.508474588394165 0.23728813230991364 1.0
0.508474588394165 0.2542372941970825 1.0
0.508474588394165 0.2711864411830902 1.0
0.508474588394165 0.2881355881690979 1.0
0.508474588394165 0.3050847351551056 1.0
0.508474588394165 0.32203391194343567 1.0
0.508474588394165 0.33898305892944336 1.0
0.508474588394165 0.35593220591545105 1.0
0.508474588394165 0.37288135290145874 1.0
0.508474588394165 0.38983049988746643 1.0
0.508474588394165 0.4067796468734741 1.0
0.508474588394165 0.4237288236618042 1.0
0.508474588394165 0.4406779706478119 1.0
0.508474588394165 0.4576271176338196 1.0
0.508474588394165 0.47457626461982727 1.0
0.508474588394165 0.49152541160583496 1.0
0.508474588394165 0.508474588394165 1.0
0.508474588394165 0.5254237055778503 1.0
0.508474588394165 0.5423728823661804 1.0
0.508474588394165 0.5593220591545105 1.0
0.508474588394165 0.5762711763381958 1.0
0.508474588394165 0.5932203531265259 1.0
0.508474588394165 0.6101694703102112 1.0
0.508474588394165 0.6271186470985413 1.0
0.508474588394165 0.6440678238868713 1.0
0.508474588394165 0.6610169410705566 1.0
0.508474588394165 0.6779661178588867 1.0
0.508474588394165 0.694915235042572 1.0
0.508474588394165 0.7118644118309021 1.0
0.508474588394165 0.7288135886192322 1.0
0.508474588394165 0.7457627058029175 1.0
0.508474588394165 0.7627118825912476 1.0
0.508474588394165 0.7796609997749329 1.0
0.508474588394165 0.7966101765632629 1.0
0.508474588394165 0.8135592937469482 1.0
0.508474588394165 0.8305084705352783 1.0
0.508474588394165 0.8474576473236084 1.0
0.508474588394165 0.8644067645072937 1.0
0.508474588394165 0.8813559412956238 1.0
0.508474588394165 0.8983050584793091 1.0
0.508474588394165 0.9152542352676392 1.0
0.508474588394165 0.9322034120559692 1.0
0.508474588394165 0.9491525292396545 1.0
0.508474588394165 0.9661017060279846 1.0
0.508474588394165 0.9830508232116699 1.0
0.508474588394165 1.0 1.0
0.5254237055778503 0.0 1.0
0.5254237055778503 0.016949152573943138 1.0
0.5254237055778503 0.033898305147886276 1.0
0.5254237055778503 0.050847455859184265 1.0
0.5254237055778503 0.06779661029577255 1.0
0.5254237055778503 0.08474576473236084 1.0
0.5254237055778503 0.10169491171836853 1.0
0.5254237055778503 0.11864406615495682 1.0
0.5254237055778503 0.1355932205915451 1.0
0.5254237055778503 0.1525423675775528 1.0
0.5254237055778503 0.16949152946472168 1.0
0.5254237055778503 0.18644067645072937 1.0
0.5254237055778503 0.20338982343673706 1.0
0.5254237055778503 0.22033898532390594 1.0
0.5254237055778503 0.23728813230991364 1.0
0.5254237055778503 0.2542372941970825 1.0
0.5254237055778503 0.2711864411830902 1.0
0.5254237055778503 0.2881355881690979 1.0
0.5254237055778503 0.3050847351551056 1.0
0.5254237055778503 0.32203391194343567 1.0
0.5254237055778503 0.33898305892944336 1.0
0.5254237055778503 0.35593220591545105 1.0
0.5254237055778503 0.37288135290145874 1.0
0.5254237055778503 0.38983049988746643 1.0
0.5254237055778503 0.4067796468734741 1.0
0.5254237055778503 0.4237288236618042 1.0
0.5254237055778503 0.4406779706478119 1.0
0.5254237055778503 0.4576271176338196 1.0
0.5254237055778503 0.47457626461982727 1.0
0.5254237055778503 0.49152541160583496 1.0
0.5254237055778503 0.508474588394165 1.0
0.5254237055778503 0.5254237055778503 1.0
0.5254237055778503 0.5423728823661804 1.0
0.5254237055778503 0.5593220591545105 1.0
0.5254237055778503 0.5762711763381958 1.0
0.5254237055778503 0.5932203531265259 1.0
0.5254237055778503 0.6101694703102112 1.0
0.5254237055778503 0.6271186470985413 1.0
0.5254237055778503 0.6440678238868713 1.0
0.5254237055778503 0.6610169410705566 1.0
0.5254237055778503 0.6779661178588867 1.0
0.5254237055778503 0.694915235042572 1.0
0.5254237055778503 0.7118644118309021 1.0
0.5254237055778503 0.7288135886192322 1.0
0.5254237055778503 0.7457627058029175 1.0
0.5254237055778503 0.7627118825912476 1.0
0.5254237055778503 0.7796609997749329 1.0
0.5254237055778503 0.7966101765632629 1.0
0.5254237055778503 0.8135592937469482 1.0
0.5254237055778503 0.8305084705352783 1.0
0.5254237055778503 0.8474576473236084 1.0
0.5254237055778503 0.8644067645072937 1.0
0.5254237055778503 0.8813559412956238 1.0
0.5254237055778503 0.8983050584793091 1.0
0.5254237055778503 0.9152542352676392 1.0
0.5254237055778503 0.9322034120559692 1.0
0.5254237055778503 0.9491525292396545 1.0
0.5254237055778503 0.9661017060279846 1.0
0.5254237055778503 0.9830508232116699 1.0
0.5254237055778503 1.0 1.0
0.5423728823661804 0.0 1.0
0.5423728823661804 0.016949152573943138 1.0
0.5423728823661804 0.033898305147886276 1.0
0.5423728823661804 0.050847455859184265 1.0
0.5423728823661804 0.06779661029577255 1.0
0.5423728823661804 0.08474576473236084 1.0
0.5423728823661804 0.10169491171836853 1.0
0.5423728823661804 0.11864406615495682 1.0
0.5423728823661804 0.1355932205915451 1.0
0.5423728823661804 0.1525423675775528 1.0
0.5423728823661804 0.16949152946472168 1.0
0.5423728823661804 0.18644067645072937 1.0
0.5423728823661804 0.20338982343673706 1.0
0.5423728823661804 0.22033898532390594 1.0
0.5423728823661804 0.23728813230991364 1.0
0.5423728823661804 0.2542372941970825 1.0
0.5423728823661804 0.2711864411830902 1.0
0.5423728823661804 0.2881355881690979 1.0
0.5423728823661804 0.3050847351551056 1.0
0.5423728823661804 0.32203391194343567 1.0
0.5423728823661804 0.33898305892944336 1.0
0.5423728823661804 0.35593220591545105 1.0
0.5423728823661804 0.37288135290145874 1.0
0.5423728823661804 0.38983049988746643 1.0
0.5423728823661804 0.4067796468734741 1.0
0.5423728823661804 0.4237288236618042 1.0
0.5423728823661804 0.4406779706478119 1.0
0.5423728823661804 0.4576271176338196 1.0
0.5423728823661804 0.47457626461982727 1.0
0.5423728823661804 0.49152541160583496 1.0
0.5423728823661804 0.508474588394165 1.0
0.5423728823661804 0.5254237055778503 1.0
0.5423728823661804 0.5423728823661804 1.0
0.5423728823661804 0.5593220591545105 1.0
0.5423728823661804 0.5762711763381958 1.0
0.5423728823661804 0.5932203531265259 1.0
0.5423728823661804 0.6101694703102112 1.0
0.5423728823661804 0.6271186470985413 1.0
0.5423728823661804 0.6440678238868713 1.0
0.5423728823661804 0.6610169410705566 1.0
0.5423728823661804 0.6779661178588867 1.0
0.5423728823661804 0.694915235042572 1.0
0.5423728823661804 0.7118644118309021 1.0
0.5423728823661804 0.7288135886192322 1.0
0.5423728823661804 0.7457627058029175 1.0
0.5423728823661804 0.7627118825912476 1.0
0.5423728823661804 0.7796609997749329 1.0
0.5423728823661804 0.7966101765632629 1.0
0.5423728823661804 0.8135592937469482 1.0
0.5423728823661804 0.8305084705352783 1.0
0.5423728823661804 0.8474576473236084 1.0
0.5423728823661804 0.8644067645072937 1.0
0.5423728823661804 0.8813559412956238 1.0
0.5423728823661804 0.8983050584793091 1.0
0.5423728823661804 0.9152542352676392 1.0
0.5423728823661804 0.9322034120559692 1.0
0.5423728823661804 0.9491525292396545 1.0
0.5423728823661804 0.9661017060279846 1.0
0.5423728823661804 0.9830508232116699 1.0
0.5423728823661804 1.0 1.0
0.5593220591545105 0.0 1.0
0.5593220591545105 0.016949152573943138 1.0
0.5593220591545105 0.033898305147886276 1.0
0.5593220591545105 0.050847455859184265 1.0
0.5593220591545105 0.06779661029577255 1.0
0.5593220591545105 0.08474576473236084 1.0
0.5593220591545105 0.10169491171836853 1.0
0.5593220591545105 0.11864406615495682 1.0
0.5593220591545105 0.1355932205915451 1.0
0.5593220591545105 0.1525423675775528 1.0
0.5593220591545105 0.16949152946472168 1.0
0.5593220591545105 0.18644067645072937 1.0
0.5593220591545105 0.20338982343673706 1.0
0.5593220591545105 0.22033898532390594 1.0
0.5593220591545105 0.23728813230991364 1.0
0.5593220591545105 0.2542372941970825 1.0
0.5593220591545105 0.2711864411830902 1.0
0.5593220591545105 0.2881355881690979 1.0
0.5593220591545105 0.3050847351551056 1.0
0.5593220591545105 0.32203391194343567 1.0
0.5593220591545105 0.33898305892944336 1.0
0.5593220591545105 0.35593220591545105 1.0
0.5593220591545105 0.37288135290145874 1.0
0.5593220591545105 0.38983049988746643 1.0
0.5593220591545105 0.4067796468734741 1.0
0.5593220591545105 0.4237288236618042 1.0
0.5593220591545105 0.4406779706478119 1.0
0.5593220591545105 0.4576271176338196 1.0
0.5593220591545105 0.47457626461982727 1.0
0.5593220591545105 0.49152541160583496 1.0
0.5593220591545105 0.508474588394165 1.0
0.5593220591545105 0.5254237055778503 1.0
0.5593220591545105 0.5423728823661804 1.0
0.5593220591545105 0.5593220591545105 1.0
0.5593220591545105 0.5762711763381958 1.0
0.5593220591545105 0.5932203531265259 1.0
0.5593220591545105 0.6101694703102112 1.0
0.5593220591545105 0.6271186470985413 1.0
0.5593220591545105 0.6440678238868713 1.0
0.5593220591545105 0.6610169410705566 1.0
0.5593220591545105 0.6779661178588867 1.0
0.5593220591545105 0.694915235042572 1.0
0.5593220591545105 0.7118644118309021 1.0
0.5593220591545105 0.7288135886192322 1.0
0.5593220591545105 0.7457627058029175 1.0
0.5593220591545105 0.7627118825912476 1.0
0.5593220591545105 0.7796609997749329 1.0
0.5593220591545105 0.7966101765632629 1.0
0.5593220591545105 0.8135592937469482 1.0
0.5593220591545105 0.8305084705352783 1.0
0.5593220591545105 0.8474576473236084 1.0
0.5593220591545105 0.8644067645072937 1.0
0.5593220591545105 0.8813559412956238 1.0
0.5593220591545105 0.8983050584793091 1.0
0.5593220591545105 0.9152542352676392 1.0
0.5593220591545105 0.9322034120559692 1.0
0.5593220591545105 0.9491525292396545 1.0
0.5593220591545105 0.9661017060279846 1.0
0.5593220591545105 0.9830508232116699 1.0
0.5593220591545105 1.0 1.0
0.5762711763381958 0.0 1.0
0.5762711763381958 0.016949152573943138 1.0
0.5762711763381958 0.033898305147886276 1.0
0.5762711763381958 0.050847455859184265 1.0
0.5762711763381958 0.06779661029577255 1.0
0.5762711763381958 0.08474576473236084 1.0
0.5762711763381958 0.10169491171836853 1.0
0.5762711763381958 0.11864406615495682 1.0
0.5762711763381958 0.1355932205915451 1.0
0.5762711763381958 0.1525423675775528 1.0
0.5762711763381958 0.16949152946472168 1.0
0.5762711763381958 0.18644067645072937 1.0
0.5762711763381958 0.20338982343673706 1.0
0.5762711763381958 0.22033898532390594 1.0
0.5762711763381958 0.23728813230991364 1.0
0.5762711763381958 0.2542372941970825 1.0
0.5762711763381958 0.2711864411830902 1.0
0.5762711763381958 0.2881355881690979 1.0
0.5762711763381958 0.3050847351551056 1.0
0.5762711763381958 0.32203391194343567 1.0
0.5762711763381958 0.33898305892944336 1.0
0.5762711763381958 0.35593220591545105 1.0
0.5762711763381958 0.37288135290145874 1.0
0.5762711763381958 0.38983049988746643 1.0
0.5762711763381958 0.4067796468734741 1.0
0.5762711763381958 0.4237288236618042 1.0
0.5762711763381958 0.4406779706478119 1.0
0.5762711763381958 0.4576271176338196 1.0
0.5762711763381958 0.47457626461982727 1.0
0.5762711763381958 0.49152541160583496 1.0
0.5762711763381958 0.508474588394165 1.0
0.5762711763381958 0.5254237055778503 1.0
0.5762711763381958 0.5423728823661804 1.0
0.5762711763381958 0.5593220591545105 1.0
0.5762711763381958 0.5762711763381958 1.0
0.5762711763381958 0.5932203531265259 1.0
0.5762711763381958 0.6101694703102112 1.0
0.5762711763381958 0.6271186470985413 1.0
0.5762711763381958 0.6440678238868713 1.0
0.5762711763381958 0.6610169410705566 1.0
0.5762711763381958 0.6779661178588867 1.0
0.5762711763381958 0.694915235042572 1.0
0.5762711763381958 0.7118644118309021 1.0
0.5762711763381958 0.7288135886192322 1.0
0.5762711763381958 0.7457627058029175 1.0
0.5762711763381958 0.7627118825912476 1.0
0.5762711763381958 0.7796609997749329 1.0
0.5762711763381958 0.7966101765632629 1.0
0.5762711763381958 0.8135592937469482 1.0
0.5762711763381958 0.8305084705352783 1.0
0.5762711763381958 0.8474576473236084 1.0
0.5762711763381958 0.8644067645072937 1.0
0.5762711763381958 0.8813559412956238 1.0
0.5762711763381958 0.8983050584793091 1.0
0.5762711763381958 0.9152542352676392 1.0
0.5762711763381958 0.9322034120559692 1.0
0.5762711763381958 0.9491525292396545 1.0
0.5762711763381958 0.9661017060279846 1.0
0.5762711763381958 0.9830508232116699 1.0
0.5762711763381958 1.0 1.0
0.5932203531265259 0.0 1.0
0.5932203531265259 0.016949152573943138 1.0
0.5932203531265259 0.033898305147886276 1.0
0.5932203531265259 0.050847455859184265 1.0
0.5932203531265259 0.06779661029577255 1.0
0.5932203531265259 0.08474576473236084 1.0
0.5932203531265259 0.10169491171836853 1.0
0.5932203531265259 0.11864406615495682 1.0
0.5932203531265259 0.1355932205915451 1.0
0.5932203531265259 0.1525423675775528 1.0
0.5932203531265259 0.16949152946472168 1.0
0.5932203531265259 0.18644067645072937 1.0
0.5932203531265259 0.20338982343673706 1.0
0.5932203531265259 0.22033898532390594 1.0
0.5932203531265259 0.23728813230991364 1.0
0.5932203531265259 0.2542372941970825 1.0
0.5932203531265259 0.2711864411830902 1.0
0.5932203531265259 0.2881355881690979 1.0
0.5932203531265259 0.3050847351551056 1.0
0.5932203531265259 0.32203391194343567 1.0
0.5932203531265259 0.33898305892944336 1.0
0.5932203531265259 0.35593220591545105 1.0
0.5932203531265259 0.37288135290145874 1.0
0.5932203531265259 0.38983049988746643 1.0
0.5932203531265259 0.4067796468734741 1.0
0.5932203531265259 0.4237288236618042 1.0
0.5932203531265259 0.4406779706478119 1.0
0.5932203531265259 0.4576271176338196 1.0
0.5932203531265259 0.47457626461982727 1.0
0.5932203531265259 0.49152541160583496 1.0
0.5932203531265259 0.508474588394165 1.0
0.5932203531265259 0.5254237055778503 1.0
0.5932203531265259 0.5423728823661804 1.0
0.5932203531265259 0.5593220591545105 1.0
0.5932203531265259 0.5762711763381958 1.0
0.5932203531265259 0.5932203531265259 1.0
0.5932203531265259 0.6101694703102112 1.0
0.5932203531265259 0.6271186470985413 1.0
0.5932203531265259 0.6440678238868713 1.0
0.5932203531265259 0.6610169410705566 1.0
0.5932203531265259 0.6779661178588867 1.0
0.5932203531265259 0.694915235042572 1.0
0.5932203531265259 0.7118644118309021 1.0
0.5932203531265259 0.7288135886192322 1.0
0.5932203531265259 0.7457627058029175 1.0
0.5932203531265259 0.7627118825912476 1.0
0.5932203531265259 0.7796609997749329 1.0
0.5932203531265259 0.7966101765632629 1.0
0.5932203531265259 0.8135592937469482 1.0
0.5932203531265259 0.8305084705352783 1.0
0.5932203531265259 0.8474576473236084 1.0
0.5932203531265259 0.8644067645072937 1.0
0.5932203531265259 0.8813559412956238 1.0
0.5932203531265259 0.8983050584793091 1.0
0.5932203531265259 0.9152542352676392 1.0
0.5932203531265259 0.9322034120559692 1.0
0.5932203531265259 0.9491525292396545 1.0
0.5932203531265259 0.9661017060279846 1.0
0.5932203531265259 0.9830508232116699 1.0
0.5932203531265259 1.0 1.0
0.6101694703102112 0.0 1.0
0.6101694703102112 0.016949152573943138 1.0
0.6101694703102112 0.033898305147886276 1.0
0.6101694703102112 0.050847455859184265 1.0
0.6101694703102112 0.06779661029577255 1.0
0.6101694703102112 0.08474576473236084 1.0
0.6101694703102112 0.10169491171836853 1.0
0.6101694703102112 0.11864406615495682 1.0
0.6101694703102112 0.1355932205915451 1.0
0.6101694703102112 0.1525423675775528 1.0
0.6101694703102112 0.16949152946472168 1.0
0.6101694703102112 0.18644067645072937 1.0
0.6101694703102112 0.20338982343673706 1.0
0.6101694703102112 0.22033898532390594 1.0
0.6101694703102112 0.23728813230991364 1.0
0.6101694703102112 0.2542372941970825 1.0
0.6101694703102112 0.2711864411830902 1.0
0.6101694703102112 0.2881355881690979 1.0
0.6101694703102112 0.3050847351551056 1.0
0.6101694703102112 0.32203391194343567 1.0
0.6101694703102112 0.33898305892944336 1.0
0.6101694703102112 0.35593220591545105 1.0
0.6101694703102112 0.37288135290145874 1.0
0.6101694703102112 0.38983049988746643 1.0
0.6101694703102112 0.4067796468734741 1.0
0.6101694703102112 0.4237288236618042 1.0
0.6101694703102112 0.4406779706478119 1.0
0.6101694703102112 0.4576271176338196 1.0
0.6101694703102112 0.47457626461982727 1.0
0.6101694703102112 0.49152541160583496 1.0
0.6101694703102112 0.508474588394165 1.0
0.6101694703102112 0.5254237055778503 1.0
0.6101694703102112 0.5423728823661804 1.0
0.6101694703102112 0.5593220591545105 1.0
0.6101694703102112 0.5762711763381958 1.0
0.6101694703102112 0.5932203531265259 1.0
0.6101694703102112 0.6101694703102112 1.0
0.6101694703102112 0.6271186470985413 1.0
0.6101694703102112 0.6440678238868713 1.0
0.6101694703102112 0.6610169410705566 1.0
0.6101694703102112 0.6779661178588867 1.0
0.6101694703102112 0.694915235042572 1.0
0.6101694703102112 0.7118644118309021 1.0
0.6101694703102112 0.7288135886192322 1.0
0.6101694703102112 0.7457627058029175 1.0
0.6101694703102112 0.7627118825912476 1.0
0.6101694703102112 0.7796609997749329 1.0
0.6101694703102112 0.7966101765632629 1.0
0.6101694703102112 0.8135592937469482 1.0
0.6101694703102112 0.8305084705352783 1.0
0.6101694703102112 0.8474576473236084 1.0
0.6101694703102112 0.8644067645072937 1.0
0.6101694703102112 0.8813559412956238 1.0
0.6101694703102112 0.8983050584793091 1.0
0.6101694703102112 0.9152542352676392 1.0
0.6101694703102112 0.9322034120559692 1.0
0.6101694703102112 0.9491525292396545 1.0
0.6101694703102112 0.9661017060279846 1.0
0.6101694703102112 0.9830508232116699 1.0
0.6101694703102112 1.0 1.0
0.6271186470985413 0.0 1.0
0.6271186470985413 0.016949152573943138 1.0
0.6271186470985413 0.033898305147886276 1.0
0.6271186470985413 0.050847455859184265 1.0
0.6271186470985413 0.06779661029577255 1.0
0.6271186470985413 0.08474576473236084 1.0
0.6271186470985413 0.10169491171836853 1.0
0.6271186470985413 0.11864406615495682 1.0
0.6271186470985413 0.1355932205915451 1.0
0.6271186470985413 0.1525423675775528 1.0
0.6271186470985413 0.16949152946472168 1.0
0.6271186470985413 0.18644067645072937 1.0
0.6271186470985413 0.20338982343673706 1.0
0.6271186470985413 0.22033898532390594 1.0
0.6271186470985413 0.23728813230991364 1.0
0.6271186470985413 0.2542372941970825 1.0
0.6271186470985413 0.2711864411830902 1.0
0.6271186470985413 0.2881355881690979 1.0
0.6271186470985413 0.3050847351551056 1.0
0.6271186470985413 0.32203391194343567 1.0
0.6271186470985413 0.33898305892944336 1.0
0.6271186470985413 0.35593220591545105 1.0
0.6271186470985413 0.37288135290145874 1.0
0.6271186470985413 0.38983049988746643 1.0
0.6271186470985413 0.4067796468734741 1.0
0.6271186470985413 0.4237288236618042 1.0
0.6271186470985413 0.4406779706478119 1.0
0.6271186470985413 0.4576271176338196 1.0
0.6271186470985413 0.47457626461982727 1.0
0.6271186470985413 0.49152541160583496 1.0
0.6271186470985413 0.508474588394165 1.0
0.6271186470985413 0.5254237055778503 1.0
0.6271186470985413 0.5423728823661804 1.0
0.6271186470985413 0.5593220591545105 1.0
0.6271186470985413 0.5762711763381958 1.0
0.6271186470985413 0.5932203531265259 1.0
0.6271186470985413 0.6101694703102112 1.0
0.6271186470985413 0.6271186470985413 1.0
0.6271186470985413 0.6440678238868713 1.0
0.6271186470985413 0.6610169410705566 1.0
0.6271186470985413 0.6779661178588867 1.0
0.6271186470985413 0.694915235042572 1.0
0.6271186470985413 0.7118644118309021 1.0
0.6271186470985413 0.7288135886192322 1.0
0.6271186470985413 0.7457627058029175 1.0
0.6271186470985413 0.7627118825912476 1.0
0.6271186470985413 0.7796609997749329 1.0
0.6271186470985413 0.7966101765632629 1.0
0.6271186470985413 0.8135592937469482 1.0
0.6271186470985413 0.8305084705352783 1.0
0.6271186470985413 0.8474576473236084 1.0
0.6271186470985413 0.8644067645072937 1.0
0.6271186470985413 0.8813559412956238 1.0
0.6271186470985413 0.8983050584793091 1.0
0.6271186470985413 0.9152542352676392 1.0
0.6271186470985413 0.9322034120559692 1.0
0.6271186470985413 0.9491525292396545 1.0
0.6271186470985413 0.9661017060279846 1.0
0.6271186470985413 0.9830508232116699 1.0
0.6271186470985413 1.0 1.0
0.6440678238868713 0.0 1.0
0.6440678238868713 0.016949152573943138 1.0
0.6440678238868713 0.033898305147886276 1.0
0.6440678238868713 0.050847455859184265 1.0
0.6440678238868713 0.06779661029577255 1.0
0.6440678238868713 0.08474576473236084 1.0
0.6440678238868713 0.10169491171836853 1.0
0.6440678238868713 0.11864406615495682 1.0
0.6440678238868713 0.1355932205915451 1.0
0.6440678238868713 0.1525423675775528 1.0
0.6440678238868713 0.16949152946472168 1.0
0.6440678238868713 0.18644067645072937 1.0
0.6440678238868713 0.20338982343673706 1.0
0.6440678238868713 0.22033898532390594 1.0
0.6440678238868713 0.23728813230991364 1.0
0.6440678238868713 0.2542372941970825 1.0
0.6440678238868713 0.2711864411830902 1.0
0.6440678238868713 0.2881355881690979 1.0
0.6440678238868713 0.3050847351551056 1.0
0.6440678238868713 0.32203391194343567 1.0
0.6440678238868713 0.33898305892944336 1.0
0.6440678238868713 0.35593220591545105 1.0
0.6440678238868713 0.37288135290145874 1.0
0.6440678238868713 0.38983049988746643 1.0
0.6440678238868713 0.4067796468734741 1.0
0.6440678238868713 0.4237288236618042 1.0
0.6440678238868713 0.4406779706478119 1.0
0.6440678238868713 0.4576271176338196 1.0
0.6440678238868713 0.47457626461982727 1.0
0.6440678238868713 0.49152541160583496 1.0
0.6440678238868713 0.508474588394165 1.0
0.6440678238868713 0.5254237055778503 1.0
0.6440678238868713 0.5423728823661804 1.0
0.6440678238868713 0.5593220591545105 1.0
0.6440678238868713 0.5762711763381958 1.0
0.6440678238868713 0.5932203531265259 1.0
0.6440678238868713 0.6101694703102112 1.0
0.6440678238868713 0.6271186470985413 1.0
0.6440678238868713 0.6440678238868713 1.0
0.6440678238868713 0.6610169410705566 1.0
0.6440678238868713 0.6779661178588867 1.0
0.6440678238868713 0.694915235042572 1.0
0.6440678238868713 0.7118644118309021 1.0
0.6440678238868713 0.7288135886192322 1.0
0.6440678238868713 0.7457627058029175 1.0
0.6440678238868713 0.7627118825912476 1.0
0.6440678238868713 0.7796609997749329 1.0
0.6440678238868713 0.7966101765632629 1.0
0.6440678238868713 0.8135592937469482 1.0
0.6440678238868713 0.8305084705352783 1.0
0.6440678238868713 0.8474576473236084 1.0
0.6440678238868713 0.8644067645072937 1.0
0.6440678238868713 0.8813559412956238 1.0
0.6440678238868713 0.8983050584793091 1.0
0.6440678238868713 0.9152542352676392 1.0
0.6440678238868713 0.9322034120559692 1.0
0.6440678238868713 0.9491525292396545 1.0
0.6440678238868713 0.9661017060279846 1.0
0.6440678238868713 0.9830508232116699 1.0
0.6440678238868713 1.0 1.0
0.6610169410705566 0.0 1.0
0.6610169410705566 0.016949152573943138 1.0
0.6610169410705566 0.033898305147886276 1.0
0.6610169410705566 0.050847455859184265 1.0
0.6610169410705566 0.06779661029577255 1.0
0.6610169410705566 0.08474576473236084 1.0
0.6610169410705566 0.10169491171836853 1.0
0.6610169410705566 0.11864406615495682 1.0
0.6610169410705566 0.1355932205915451 1.0
0.6610169410705566 0.1525423675775528 1.0
0.6610169410705566 0.16949152946472168 1.0
0.6610169410705566 0.18644067645072937 1.0
0.6610169410705566 0.20338982343673706 1.0
0.6610169410705566 0.22033898532390594 1.0
0.6610169410705566 0.23728813230991364 1.0
0.6610169410705566 0.2542372941970825 1.0
0.6610169410705566 0.2711864411830902 1.0
0.6610169410705566 0.2881355881690979 1.0
0.6610169410705566 0.3050847351551056 1.0
0.6610169410705566 0.32203391194343567 1.0
0.6610169410705566 0.33898305892944336 1.0
0.6610169410705566 0.35593220591545105 1.0
0.6610169410705566 0.37288135290145874 1.0
0.6610169410705566 0.38983049988746643 1.0
0.6610169410705566 0.4067796468734741 1.0
0.6610169410705566 0.4237288236618042 1.0
0.6610169410705566 0.4406779706478119 1.0
0.6610169410705566 0.4576271176338196 1.0
0.6610169410705566 0.47457626461982727 1.0
0.6610169410705566 0.49152541160583496 1.0
0.6610169410705566 0.508474588394165 1.0
0.6610169410705566 0.5254237055778503 1.0
0.6610169410705566 0.5423728823661804 1.0
0.6610169410705566 0.5593220591545105 1.0
0.6610169410705566 0.5762711763381958 1.0
0.6610169410705566 0.5932203531265259 1.0
0.6610169410705566 0.6101694703102112 1.0
0.6610169410705566 0.6271186470985413 1.0
0.6610169410705566 0.6440678238868713 1.0
0.6610169410705566 0.6610169410705566 1.0
0.6610169410705566 0.6779661178588867 1.0
0.6610169410705566 0.694915235042572 1.0
0.6610169410705566 0.7118644118309021 1.0
0.6610169410705566 0.7288135886192322 1.0
0.6610169410705566 0.7457627058029175 1.0
0.6610169410705566 0.7627118825912476 1.0
0.6610169410705566 0.7796609997749329 1.0
0.6610169410705566 0.7966101765632629 1.0
0.6610169410705566 0.8135592937469482 1.0
0.6610169410705566 0.8305084705352783 1.0
0.6610169410705566 0.8474576473236084 1.0
0.6610169410705566 0.8644067645072937 1.0
0.6610169410705566 0.8813559412956238 1.0
0.6610169410705566 0.8983050584793091 1.0
0.6610169410705566 0.9152542352676392 1.0
0.6610169410705566 0.9322034120559692 1.0
0.6610169410705566 0.9491525292396545 1.0
0.6610169410705566 0.9661017060279846 1.0
0.6610169410705566 0.9830508232116699 1.0
0.6610169410705566 1.0 1.0
0.6779661178588867 0.0 1.0
0.6779661178588867 0.016949152573943138 1.0
0.6779661178588867 0.033898305147886276 1.0
0.6779661178588867 0.050847455859184265 1.0
0.6779661178588867 0.06779661029577255 1.0
0.6779661178588867 0.08474576473236084 1.0
0.6779661178588867 0.10169491171836853 1.0
0.6779661178588867 0.11864406615495682 1.0
0.6779661178588867 0.1355932205915451 1.0
0.6779661178588867 0.1525423675775528 1.0
0.6779661178588867 0.16949152946472168 1.0
0.6779661178588867 0.18644067645072937 1.0
0.6779661178588867 0.20338982343673706 1.0
0.6779661178588867 0.22033898532390594 1.0
0.6779661178588867 0.23728813230991364 1.0
0.6779661178588867 0.2542372941970825 1.0
0.6779661178588867 0.2711864411830902 1.0
0.6779661178588867 0.2881355881690979 1.0
0.6779661178588867 0.3050847351551056 1.0
0.6779661178588867 0.32203391194343567 1.0
0.6779661178588867 0.33898305892944336 1.0
0.6779661178588867 0.35593220591545105 1.0
0.6779661178588867 0.37288135290145874 1.0
0.6779661178588867 0.38983049988746643 1.0
0.6779661178588867 0.4067796468734741 1.0
0.6779661178588867 0.4237288236618042 1.0
0.6779661178588867 0.4406779706478119 1.0
0.6779661178588867 0.4576271176338196 1.0
0.6779661178588867 0.47457626461982727 1.0
0.6779661178588867 0.49152541160583496 1.0
0.6779661178588867 0.508474588394165 1.0
0.6779661178588867 0.5254237055778503 1.0
0.6779661178588867 0.5423728823661804 1.0
0.6779661178588867 0.5593220591545105 1.0
0.6779661178588867 0.5762711763381958 1.0
0.6779661178588867 0.5932203531265259 1.0
0.6779661178588867 0.6101694703102112 1.0
0.6779661178588867 0.6271186470985413 1.0
0.6779661178588867 0.6440678238868713 1.0
0.6779661178588867 0.6610169410705566 1.0
0.6779661178588867 0.6779661178588867 1.0
0.6779661178588867 0.694915235042572 1.0
0.6779661178588867 0.7118644118309021 1.0
0.6779661178588867 0.7288135886192322 1.0
0.6779661178588867 0.7457627058029175 1.0
0.6779661178588867 0.7627118825912476 1.0
0.6779661178588867 0.7796609997749329 1.0
0.6779661178588867 0.7966101765632629 1.0
0.6779661178588867 0.8135592937469482 1.0
0.6779661178588867 0.8305084705352783 1.0
0.6779661178588867 0.8474576473236084 1.0
0.6779661178588867 0.8644067645072937 1.0
0.6779661178588867 0.8813559412956238 1.0
0.6779661178588867 0.8983050584793091 1.0
0.6779661178588867 0.9152542352676392 1.0
0.6779661178588867 0.9322034120559692 1.0
0.6779661178588867 0.9491525292396545 1.0
0.6779661178588867 0.9661017060279846 1.0
0.6779661178588867 0.9830508232116699 1.0
0.6779661178588867 1.0 1.0
0.694915235042572 0.0 1.0
0.694915235042572 0.016949152573943138 1.0
0.694915235042572 0.033898305147886276 1.0
0.694915235042572 0.050847455859184265 1.0
0.694915235042572 0.06779661029577255 1.0
0.694915235042572 0.08474576473236084 1.0
0.694915235042572 0.10169491171836853 1.0
0.694915235042572 0.11864406615495682 1.0
0.694915235042572 0.1355932205915451 1.0
0.694915235042572 0.1525423675775528 1.0
0.694915235042572 0.16949152946472168 1.0
0.694915235042572 0.18644067645072937 1.0
0.694915235042572 0.20338982343673706 1.0
0.694915235042572 0.22033898532390594 1.0
0.694915235042572 0.23728813230991364 1.0
0.694915235042572 0.2542372941970825 1.0
0.694915235042572 0.2711864411830902 1.0
0.694915235042572 0.2881355881690979 1.0
0.694915235042572 0.3050847351551056 1.0
0.694915235042572 0.32203391194343567 1.0
0.694915235042572 0.33898305892944336 1.0
0.694915235042572 0.35593220591545105 1.0
0.694915235042572 0.37288135290145874 1.0
0.694915235042572 0.38983049988746643 1.0
0.694915235042572 0.4067796468734741 1.0
0.694915235042572 0.4237288236618042 1.0
0.694915235042572 0.4406779706478119 1.0
0.694915235042572 0.4576271176338196 1.0
0.694915235042572 0.47457626461982727 1.0
0.694915235042572 0.49152541160583496 1.0
0.694915235042572 0.508474588394165 1.0
0.694915235042572 0.5254237055778503 1.0
0.694915235042572 0.5423728823661804 1.0
0.694915235042572 0.5593220591545105 1.0
0.694915235042572 0.5762711763381958 1.0
0.694915235042572 0.5932203531265259 1.0
0.694915235042572 0.6101694703102112 1.0
0.694915235042572 0.6271186470985413 1.0
0.694915235042572 0.6440678238868713 1.0
0.694915235042572 0.6610169410705566 1.0
0.694915235042572 0.6779661178588867 1.0
0.694915235042572 0.694915235042572 1.0
0.694915235042572 0.7118644118309021 1.0
0.694915235042572 0.7288135886192322 1.0
0.694915235042572 0.7457627058029175 1.0
0.694915235042572 0.7627118825912476 1.0
0.694915235042572 0.7796609997749329 1.0
0.694915235042572 0.7966101765632629 1.0
0.694915235042572 0.8135592937469482 1.0
0.694915235042572 0.8305084705352783 1.0
0.694915235042572 0.8474576473236084 1.0
0.694915235042572 0.8644067645072937 1.0
0.694915235042572 0.8813559412956238 1.0
0.694915235042572 0.8983050584793091 1.0
0.694915235042572 0.9152542352676392 1.0
0.694915235042572 0.9322034120559692 1.0
0.694915235042572 0.9491525292396545 1.0
0.694915235042572 0.9661017060279846 1.0
0.694915235042572 0.9830508232116699 1.0
0.694915235042572 1.0 1.0
0.7118644118309021 0.0 1.0
0.7118644118309021 0.016949152573943138 1.0
0.7118644118309021 0.033898305147886276 1.0
0.7118644118309021 0.050847455859184265 1.0
0.7118644118309021 0.06779661029577255 1.0
0.7118644118309021 0.08474576473236084 1.0
0.7118644118309021 0.10169491171836853 1.0
0.7118644118309021 0.11864406615495682 1.0
0.7118644118309021 0.1355932205915451 1.0
0.7118644118309021 0.1525423675775528 1.0
0.7118644118309021 0.16949152946472168 1.0
0.7118644118309021 0.18644067645072937 1.0
0.7118644118309021 0.20338982343673706 1.0
0.7118644118309021 0.22033898532390594 1.0
0.7118644118309021 0.23728813230991364 1.0
0.7118644118309021 0.2542372941970825 1.0
0.7118644118309021 0.2711864411830902 1.0
0.7118644118309021 0.2881355881690979 1.0
0.7118644118309021 0.3050847351551056 1.0
0.7118644118309021 0.32203391194343567 1.0
0.7118644118309021 0.33898305892944336 1.0
0.7118644118309021 0.35593220591545105 1.0
0.7118644118309021 0.37288135290145874 1.0
0.7118644118309021 0.38983049988746643 1.0
0.7118644118309021 0.4067796468734741 1.0
0.7118644118309021 0.4237288236618042 1.0
0.7118644118309021 0.4406779706478119 1.0
0.7118644118309021 0.4576271176338196 1.0
0.7118644118309021 0.47457626461982727 1.0
0.7118644118309021 0.49152541160583496 1.0
0.7118644118309021 0.508474588394165 1.0
0.7118644118309021 0.5254237055778503 1.0
0.7118644118309021 0.5423728823661804 1.0
0.7118644118309021 0.5593220591545105 1.0
0.7118644118309021 0.5762711763381958 1.0
0.7118644118309021 0.5932203531265259 1.0
0.7118644118309021 0.6101694703102112 1.0
0.7118644118309021 0.6271186470985413 1.0
0.7118644118309021 0.6440678238868713 1.0
0.7118644118309021 0.6610169410705566 1.0
0.7118644118309021 0.6779661178588867 1.0
0.7118644118309021 0.694915235042572 1.0
0.7118644118309021 0.7118644118309021 1.0
0.7118644118309021 0.7288135886192322 1.0
0.7118644118309021 0.7457627058029175 1.0
0.7118644118309021 0.7627118825912476 1.0
0.7118644118309021 0.7796609997749329 1.0
0.7118644118309021 0.7966101765632629 1.0
0.7118644118309021 0.8135592937469482 1.0
0.7118644118309021 0.8305084705352783 1.0
0.7118644118309021 0.8474576473236084 1.0
0.7118644118309021 0.8644067645072937 1.0
0.7118644118309021 0.8813559412956238 1.0
0.7118644118309021 0.8983050584793091 1.0
0.7118644118309021 0.9152542352676392 1.0
0.7118644118309021 0.9322034120559692 1.0
0.7118644118309021 0.9491525292396545 1.0
0.7118644118309021 0.9661017060279846 1.0
0.7118644118309021 0.9830508232116699 1.0
0.7118644118309021 1.0 1.0
0.7288135886192322 0.0 1.0
0.7288135886192322 0.016949152573943138 1.0
0.7288135886192322 0.033898305147886276 1.0
0.7288135886192322 0.050847455859184265 1.0
0.7288135886192322 0.06779661029577255 1.0
0.7288135886192322 0.08474576473236084 1.0
0.7288135886192322 0.10169491171836853 1.0
0.7288135886192322 0.11864406615495682 1.0
0.7288135886192322 0.1355932205915451 1.0
0.7288135886192322 0.1525423675775528 1.0
0.7288135886192322 0.16949152946472168 1.0
0.7288135886192322 0.18644067645072937 1.0
0.7288135886192322 0.20338982343673706 1.0
0.7288135886192322 0.22033898532390594 1.0
0.7288135886192322 0.23728813230991364 1.0
0.7288135886192322 0.2542372941970825 1.0
0.7288135886192322 0.2711864411830902 1.0
0.7288135886192322 0.2881355881690979 1.0
0.7288135886192322 0.3050847351551056 1.0
0.7288135886192322 0.32203391194343567 1.0
0.7288135886192322 0.33898305892944336 1.0
0.7288135886192322 0.35593220591545105 1.0
0.7288135886192322 0.37288135290145874 1.0
0.7288135886192322 0.38983049988746643 1.0
0.7288135886192322 0.4067796468734741 1.0
0.7288135886192322 0.4237288236618042 1.0
0.7288135886192322 0.4406779706478119 1.0
0.7288135886192322 0.4576271176338196 1.0
0.7288135886192322 0.47457626461982727 1.0
0.7288135886192322 0.49152541160583496 1.0
0.7288135886192322 0.508474588394165 1.0
0.7288135886192322 0.5254237055778503 1.0
0.7288135886192322 0.5423728823661804 1.0
0.7288135886192322 0.5593220591545105 1.0
0.7288135886192322 0.5762711763381958 1.0
0.7288135886192322 0.5932203531265259 1.0
0.7288135886192322 0.6101694703102112 1.0
0.7288135886192322 0.6271186470985413 1.0
0.7288135886192322 0.6440678238868713 1.0
0.7288135886192322 0.6610169410705566 1.0
0.7288135886192322 0.6779661178588867 1.0
0.7288135886192322 0.694915235042572 1.0
0.7288135886192322 0.7118644118309021 1.0
0.7288135886192322 0.7288135886192322 1.0
0.7288135886192322 0.7457627058029175 1.0
0.7288135886192322 0.7627118825912476 1.0
0.7288135886192322 0.7796609997749329 1.0
0.7288135886192322 0.7966101765632629 1.0
0.7288135886192322 0.8135592937469482 1.0
0.7288135886192322 0.8305084705352783 1.0
0.7288135886192322 0.8474576473236084 1.0
0.7288135886192322 0.8644067645072937 1.0
0.7288135886192322 0.8813559412956238 1.0
0.7288135886192322 0.8983050584793091 1.0
0.7288135886192322 0.9152542352676392 1.0
0.7288135886192322 0.9322034120559692 1.0
0.7288135886192322 0.9491525292396545 1.0
0.7288135886192322 0.9661017060279846 1.0
0.7288135886192322 0.9830508232116699 1.0
0.7288135886192322 1.0 1.0
0.7457627058029175 0.0 1.0
0.7457627058029175 0.016949152573943138 1.0
0.7457627058029175 0.033898305147886276 1.0
0.7457627058029175 0.050847455859184265 1.0
0.7457627058029175 0.06779661029577255 1.0
0.7457627058029175 0.08474576473236084 1.0
0.7457627058029175 0.10169491171836853 1.0
0.7457627058029175 0.11864406615495682 1.0
0.7457627058029175 0.1355932205915451 1.0
0.7457627058029175 0.1525423675775528 1.0
0.7457627058029175 0.16949152946472168 1.0
0.7457627058029175 0.18644067645072937 1.0
0.7457627058029175 0.20338982343673706 1.0
0.7457627058029175 0.22033898532390594 1.0
0.7457627058029175 0.23728813230991364 1.0
0.7457627058029175 0.2542372941970825 1.0
0.7457627058029175 0.2711864411830902 1.0
0.7457627058029175 0.2881355881690979 1.0
0.7457627058029175 0.3050847351551056 1.0
0.7457627058029175 0.32203391194343567 1.0
0.7457627058029175 0.33898305892944336 1.0
0.7457627058029175 0.35593220591545105 1.0
0.7457627058029175 0.37288135290145874 1.0
0.7457627058029175 0.38983049988746643 1.0
0.7457627058029175 0.4067796468734741 1.0
0.7457627058029175 0.4237288236618042 1.0
0.7457627058029175 0.4406779706478119 1.0
0.7457627058029175 0.4576271176338196 1.0
0.7457627058029175 0.47457626461982727 1.0
0.7457627058029175 0.49152541160583496 1.0
0.7457627058029175 0.508474588394165 1.0
0.7457627058029175 0.5254237055778503 1.0
0.7457627058029175 0.5423728823661804 1.0
0.7457627058029175 0.5593220591545105 1.0
0.7457627058029175 0.5762711763381958 1.0
0.7457627058029175 0.5932203531265259 1.0
0.7457627058029175 0.6101694703102112 1.0
0.7457627058029175 0.6271186470985413 1.0
0.7457627058029175 0.6440678238868713 1.0
0.7457627058029175 0.6610169410705566 1.0
0.7457627058029175 0.6779661178588867 1.0
0.7457627058029175 0.694915235042572 1.0
0.7457627058029175 0.7118644118309021 1.0
0.7457627058029175 0.7288135886192322 1.0
0.7457627058029175 0.7457627058029175 1.0
0.7457627058029175 0.7627118825912476 1.0
0.7457627058029175 0.7796609997749329 1.0
0.7457627058029175 0.7966101765632629 1.0
0.7457627058029175 0.8135592937469482 1.0
0.7457627058029175 0.8305084705352783 1.0
0.7457627058029175 0.8474576473236084 1.0
0.7457627058029175 0.8644067645072937 1.0
0.7457627058029175 0.8813559412956238 1.0
0.7457627058029175 0.8983050584793091 1.0
0.7457627058029175 0.9152542352676392 1.0
0.7457627058029175 0.9322034120559692 1.0
0.7457627058029175 0.9491525292396545 1.0
0.7457627058029175 0.9661017060279846 1.0
0.7457627058029175 0.9830508232116699 1.0
0.7457627058029175 1.0 1.0
0.7627118825912476 0.0 1.0
0.7627118825912476 0.016949152573943138 1.0
0.7627118825912476 0.033898305147886276 1.0
0.7627118825912476 0.050847455859184265 1.0
0.7627118825912476 0.06779661029577255 1.0
0.7627118825912476 0.08474576473236084 1.0
0.7627118825912476 0.10169491171836853 1.0
0.7627118825912476 0.11864406615495682 1.0
0.7627118825912476 0.1355932205915451 1.0
0.7627118825912476 0.1525423675775528 1.0
0.7627118825912476 0.16949152946472168 1.0
0.7627118825912476 0.18644067645072937 1.0
0.7627118825912476 0.20338982343673706 1.0
0.7627118825912476 0.22033898532390594 1.0
0.7627118825912476 0.23728813230991364 1.0
0.7627118825912476 0.2542372941970825 1.0
0.7627118825912476 0.2711864411830902 1.0
0.7627118825912476 0.2881355881690979 1.0
0.7627118825912476 0.3050847351551056 1.0
0.7627118825912476 0.32203391194343567 1.0
0.7627118825912476 0.33898305892944336 1.0
0.7627118825912476 0.35593220591545105 1.0
0.7627118825912476 0.37288135290145874 1.0
0.7627118825912476 0.38983049988746643 1.0
0.7627118825912476 0.4067796468734741 1.0
0.7627118825912476 0.4237288236618042 1.0
0.7627118825912476 0.4406779706478119 1.0
0.7627118825912476 0.4576271176338196 1.0
0.7627118825912476 0.47457626461982727 1.0
0.7627118825912476 0.49152541160583496 1.0
0.7627118825912476 0.508474588394165 1.0
0.7627118825912476 0.5254237055778503 1.0
0.7627118825912476 0.5423728823661804 1.0
0.7627118825912476 0.5593220591545105 1.0
0.7627118825912476 0.5762711763381958 1.0
0.7627118825912476 0.5932203531265259 1.0
0.7627118825912476 0.6101694703102112 1.0
0.7627118825912476 0.6271186470985413 1.0
0.7627118825912476 0.6440678238868713 1.0
0.7627118825912476 0.6610169410705566 1.0
0.7627118825912476 0.6779661178588867 1.0
0.7627118825912476 0.694915235042572 1.0
0.7627118825912476 0.7118644118309021 1.0
0.7627118825912476 0.7288135886192322 1.0
0.7627118825912476 0.7457627058029175 1.0
0.7627118825912476 0.7627118825912476 1.0
0.7627118825912476 0.7796609997749329 1.0
0.7627118825912476 0.7966101765632629 1.0
0.7627118825912476 0.8135592937469482 1.0
0.7627118825912476 0.8305084705352783 1.0
0.7627118825912476 0.8474576473236084 1.0
0.7627118825912476 0.8644067645072937 1.0
0.7627118825912476 0.8813559412956238 1.0
0.7627118825912476 0.8983050584793091 1.0
0.7627118825912476 0.9152542352676392 1.0
0.7627118825912476 0.9322034120559692 1.0
0.7627118825912476 0.9491525292396545 1.0
0.7627118825912476 0.9661017060279846 1.0
0.7627118825912476 0.9830508232116699 1.0
0.7627118825912476 1.0 1.0
0.7796609997749329 0.0 1.0
0.7796609997749329 0.016949152573943138 1.0
0.7796609997749329 0.033898305147886276 1.0
0.7796609997749329 0.050847455859184265 1.0
0.7796609997749329 0.06779661029577255 1.0
0.7796609997749329 0.08474576473236084 1.0
0.7796609997749329 0.10169491171836853 1.0
0.7796609997749329 0.11864406615495682 1.0
0.7796609997749329 0.1355932205915451 1.0
0.7796609997749329 0.1525423675775528 1.0
0.7796609997749329 0.16949152946472168 1.0
0.7796609997749329 0.18644067645072937 1.0
0.7796609997749329 0.20338982343673706 1.0
0.7796609997749329 0.22033898532390594 1.0
0.7796609997749329 0.23728813230991364 1.0
0.7796609997749329 0.2542372941970825 1.0
0.7796609997749329 0.2711864411830902 1.0
0.7796609997749329 0.2881355881690979 1.0
0.7796609997749329 0.3050847351551056 1.0
0.7796609997749329 0.32203391194343567 1.0
0.7796609997749329 0.33898305892944336 1.0
0.7796609997749329 0.35593220591545105 1.0
0.7796609997749329 0.37288135290145874 1.0
0.7796609997749329 0.38983049988746643 1.0
0.7796609997749329 0.4067796468734741 1.0
0.7796609997749329 0.4237288236618042 1.0
0.7796609997749329 0.4406779706478119 1.0
0.7796609997749329 0.4576271176338196 1.0
0.7796609997749329 0.47457626461982727 1.0
0.7796609997749329 0.49152541160583496 1.0
0.7796609997749329 0.508474588394165 1.0
0.7796609997749329 0.5254237055778503 1.0
0.7796609997749329 0.5423728823661804 1.0
0.7796609997749329 0.5593220591545105 1.0
0.7796609997749329 0.5762711763381958 1.0
0.7796609997749329 0.5932203531265259 1.0
0.7796609997749329 0.6101694703102112 1.0
0.7796609997749329 0.6271186470985413 1.0
0.7796609997749329 0.6440678238868713 1.0
0.7796609997749329 0.6610169410705566 1.0
0.7796609997749329 0.6779661178588867 1.0
0.7796609997749329 0.694915235042572 1.0
0.7796609997749329 0.7118644118309021 1.0
0.7796609997749329 0.7288135886192322 1.0
0.7796609997749329 0.7457627058029175 1.0
0.7796609997749329 0.7627118825912476 1.0
0.7796609997749329 0.7796609997749329 1.0
0.7796609997749329 0.7966101765632629 1.0
0.7796609997749329 0.8135592937469482 1.0
0.7796609997749329 0.8305084705352783 1.0
0.7796609997749329 0.8474576473236084 1.0
0.7796609997749329 0.8644067645072937 1.0
0.7796609997749329 0.8813559412956238 1.0
0.7796609997749329 0.8983050584793091 1.0
0.7796609997749329 0.9152542352676392 1.0
0.7796609997749329 0.9322034120559692 1.0
0.7796609997749329 0.9491525292396545 1.0
0.7796609997749329 0.9661017060279846 1.0
0.7796609997749329 0.9830508232116699 1.0
0.7796609997749329 1.0 1.0
0.7966101765632629 0.0 1.0
0.7966101765632629 0.016949152573943138 1.0
0.7966101765632629 0.033898305147886276 1.0
0.7966101765632629 0.050847455859184265 1.0
0.7966101765632629 0.06779661029577255 1.0
0.7966101765632629 0.08474576473236084 1.0
0.7966101765632629 0.10169491171836853 1.0
0.7966101765632629 0.11864406615495682 1.0
0.7966101765632629 0.1355932205915451 1.0
0.7966101765632629 0.1525423675775528 1.0
0.7966101765632629 0.16949152946472168 1.0
0.7966101765632629 0.18644067645072937 1.0
0.7966101765632629 0.20338982343673706 1.0
0.7966101765632629 0.22033898532390594 1.0
0.7966101765632629 0.23728813230991364 1.0
0.7966101765632629 0.2542372941970825 1.0
0.7966101765632629 0.2711864411830902 1.0
0.7966101765632629 0.2881355881690979 1.0
0.7966101765632629 0.3050847351551056 1.0
0.7966101765632629 0.32203391194343567 1.0
0.7966101765632629 0.33898305892944336 1.0
0.7966101765632629 0.35593220591545105 1.0
0.7966101765632629 0.37288135290145874 1.0
0.7966101765632629 0.38983049988746643 1.0
0.7966101765632629 0.4067796468734741 1.0
0.7966101765632629 0.4237288236618042 1.0
0.7966101765632629 0.4406779706478119 1.0
0.7966101765632629 0.4576271176338196 1.0
0.7966101765632629 0.47457626461982727 1.0
0.7966101765632629 0.49152541160583496 1.0
0.7966101765632629 0.508474588394165 1.0
0.7966101765632629 0.5254237055778503 1.0
0.7966101765632629 0.5423728823661804 1.0
0.7966101765632629 0.5593220591545105 1.0
0.7966101765632629 0.5762711763381958 1.0
0.7966101765632629 0.5932203531265259 1.0
0.7966101765632629 0.6101694703102112 1.0
0.7966101765632629 0.6271186470985413 1.0
0.7966101765632629 0.6440678238868713 1.0
0.7966101765632629 0.6610169410705566 1.0
0.7966101765632629 0.6779661178588867 1.0
0.7966101765632629 0.694915235042572 1.0
0.7966101765632629 0.7118644118309021 1.0
0.7966101765632629 0.7288135886192322 1.0
0.7966101765632629 0.7457627058029175 1.0
0.7966101765632629 0.7627118825912476 1.0
0.7966101765632629 0.7796609997749329 1.0
0.7966101765632629 0.7966101765632629 1.0
0.7966101765632629 0.8135592937469482 1.0
0.7966101765632629 0.8305084705352783 1.0
0.7966101765632629 0.8474576473236084 1.0
0.7966101765632629 0.8644067645072937 1.0
0.7966101765632629 0.8813559412956238 1.0
0.7966101765632629 0.8983050584793091 1.0
0.7966101765632629 0.9152542352676392 1.0
0.7966101765632629 0.9322034120559692 1.0
0.7966101765632629 0.9491525292396545 1.0
0.7966101765632629 0.9661017060279846 1.0
0.7966101765632629 0.9830508232116699 1.0
0.7966101765632629 1.0 1.0
0.8135592937469482 0.0 1.0
0.8135592937469482 0.016949152573943138 1.0
0.8135592937469482 0.033898305147886276 1.0
0.8135592937469482 0.050847455859184265 1.0
0.8135592937469482 0.06779661029577255 1.0
0.8135592937469482 0.08474576473236084 1.0
0.8135592937469482 0.10169491171836853 1.0
0.8135592937469482 0.11864406615495682 1.0
0.8135592937469482 0.1355932205915451 1.0
0.8135592937469482 0.1525423675775528 1.0
0.8135592937469482 0.16949152946472168 1.0
0.8135592937469482 0.18644067645072937 1.0
0.8135592937469482 0.20338982343673706 1.0
0.8135592937469482 0.22033898532390594 1.0
0.8135592937469482 0.23728813230991364 1.0
0.8135592937469482 0.2542372941970825 1.0
0.8135592937469482 0.2711864411830902 1.0
0.8135592937469482 0.2881355881690979 1.0
0.8135592937469482 0.3050847351551056 1.0
0.8135592937469482 0.32203391194343567 1.0
0.8135592937469482 0.33898305892944336 1.0
0.8135592937469482 0.35593220591545105 1.0
0.8135592937469482 0.37288135290145874 1.0
0.8135592937469482 0.38983049988746643 1.0
0.8135592937469482 0.4067796468734741 1.0
0.8135592937469482 0.4237288236618042 1.0
0.8135592937469482 0.4406779706478119 1.0
0.8135592937469482 0.4576271176338196 1.0
0.8135592937469482 0.47457626461982727 1.0
0.8135592937469482 0.49152541160583496 1.0
0.8135592937469482 0.508474588394165 1.0
0.8135592937469482 0.5254237055778503 1.0
0.8135592937469482 0.5423728823661804 1.0
0.8135592937469482 0.5593220591545105 1.0
0.8135592937469482 0.5762711763381958 1.0
0.8135592937469482 0.5932203531265259 1.0
0.8135592937469482 0.6101694703102112 1.0
0.8135592937469482 0.6271186470985413 1.0
0.8135592937469482 0.6440678238868713 1.0
0.8135592937469482 0.6610169410705566 1.0
0.8135592937469482 0.6779661178588867 1.0
0.8135592937469482 0.694915235042572 1.0
0.8135592937469482 0.7118644118309021 1.0
0.8135592937469482 0.7288135886192322 1.0
0.8135592937469482 0.7457627058029175 1.0
0.8135592937469482 0.7627118825912476 1.0
0.8135592937469482 0.7796609997749329 1.0
0.8135592937469482 0.7966101765632629 1.0
0.8135592937469482 0.8135592937469482 1.0
0.8135592937469482 0.8305084705352783 1.0
0.8135592937469482 0.8474576473236084 1.0
0.8135592937469482 0.8644067645072937 1.0
0.8135592937469482 0.8813559412956238 1.0
0.8135592937469482 0.8983050584793091 1.0
0.8135592937469482 0.9152542352676392 1.0
0.8135592937469482 0.9322034120559692 1.0
0.8135592937469482 0.9491525292396545 1.0
0.8135592937469482 0.9661017060279846 1.0
0.8135592937469482 0.9830508232116699 1.0
0.8135592937469482 1.0 1.0
0.8305084705352783 0.0 1.0
0.8305084705352783 0.016949152573943138 1.0
0.8305084705352783 0.033898305147886276 1.0
0.8305084705352783 0.050847455859184265 1.0
0.8305084705352783 0.06779661029577255 1.0
0.8305084705352783 0.08474576473236084 1.0
0.8305084705352783 0.10169491171836853 1.0
0.8305084705352783 0.11864406615495682 1.0
0.8305084705352783 0.1355932205915451 1.0
0.8305084705352783 0.1525423675775528 1.0
0.8305084705352783 0.16949152946472168 1.0
0.8305084705352783 0.18644067645072937 1.0
0.8305084705352783 0.20338982343673706 1.0
0.8305084705352783 0.22033898532390594 1.0
0.8305084705352783 0.23728813230991364 1.0
0.8305084705352783 0.2542372941970825 1.0
0.8305084705352783 0.2711864411830902 1.0
0.8305084705352783 0.2881355881690979 1.0
0.8305084705352783 0.3050847351551056 1.0
0.8305084705352783 0.32203391194343567 1.0
0.8305084705352783 0.33898305892944336 1.0
0.8305084705352783 0.35593220591545105 1.0
0.8305084705352783 0.37288135290145874 1.0
0.8305084705352783 0.38983049988746643 1.0
0.8305084705352783 0.4067796468734741 1.0
0.8305084705352783 0.4237288236618042 1.0
0.8305084705352783 0.4406779706478119 1.0
0.8305084705352783 0.4576271176338196 1.0
0.8305084705352783 0.47457626461982727 1.0
0.8305084705352783 0.49152541160583496 1.0
0.8305084705352783 0.508474588394165 1.0
0.8305084705352783 0.5254237055778503 1.0
0.8305084705352783 0.5423728823661804 1.0
0.8305084705352783 0.5593220591545105 1.0
0.8305084705352783 0.5762711763381958 1.0
0.8305084705352783 0.5932203531265259 1.0
0.8305084705352783 0.6101694703102112 1.0
0.8305084705352783 0.6271186470985413 1.0
0.8305084705352783 0.6440678238868713 1.0
0.8305084705352783 0.6610169410705566 1.0
0.8305084705352783 0.6779661178588867 1.0
0.8305084705352783 0.694915235042572 1.0
0.8305084705352783 0.7118644118309021 1.0
0.8305084705352783 0.7288135886192322 1.0
0.8305084705352783 0.7457627058029175 1.0
0.8305084705352783 0.7627118825912476 1.0
0.8305084705352783 0.7796609997749329 1.0
0.8305084705352783 0.7966101765632629 1.0
0.8305084705352783 0.8135592937469482 1.0
0.8305084705352783 0.8305084705352783 1.0
0.8305084705352783 0.8474576473236084 1.0
0.8305084705352783 0.8644067645072937 1.0
0.8305084705352783 0.8813559412956238 1.0
0.8305084705352783 0.8983050584793091 1.0
0.8305084705352783 0.9152542352676392 1.0
0.8305084705352783 0.9322034120559692 1.0
0.8305084705352783 0.9491525292396545 1.0
0.8305084705352783 0.9661017060279846 1.0
0.8305084705352783 0.9830508232116699 1.0
0.8305084705352783 1.0 1.0
0.8474576473236084 0.0 1.0
0.8474576473236084 0.016949152573943138 1.0
0.8474576473236084 0.033898305147886276 1.0
0.8474576473236084 0.050847455859184265 1.0
0.8474576473236084 0.06779661029577255 1.0
0.8474576473236084 0.08474576473236084 1.0
0.8474576473236084 0.10169491171836853 1.0
0.8474576473236084 0.11864406615495682 1.0
0.8474576473236084 0.1355932205915451 1.0
0.8474576473236084 0.1525423675775528 1.0
0.8474576473236084 0.16949152946472168 1.0
0.8474576473236084 0.18644067645072937 1.0
0.8474576473236084 0.20338982343673706 1.0
0.8474576473236084 0.22033898532390594 1.0
0.8474576473236084 0.23728813230991364 1.0
0.8474576473236084 0.2542372941970825 1.0
0.8474576473236084 0.2711864411830902 1.0
0.8474576473236084 0.2881355881690979 1.0
0.8474576473236084 0.3050847351551056 1.0
0.8474576473236084 0.32203391194343567 1.0
0.8474576473236084 0.33898305892944336 1.0
0.8474576473236084 0.35593220591545105 1.0
0.8474576473236084 0.37288135290145874 1.0
0.8474576473236084 0.38983049988746643 1.0
0.8474576473236084 0.4067796468734741 1.0
0.8474576473236084 0.4237288236618042 1.0
0.8474576473236084 0.4406779706478119 1.0
0.8474576473236084 0.4576271176338196 1.0
0.8474576473236084 0.47457626461982727 1.0
0.8474576473236084 0.49152541160583496 1.0
0.8474576473236084 0.508474588394165 1.0
0.8474576473236084 0.5254237055778503 1.0
0.8474576473236084 0.5423728823661804 1.0
0.8474576473236084 0.5593220591545105 1.0
0.8474576473236084 0.5762711763381958 1.0
0.8474576473236084 0.5932203531265259 1.0
0.8474576473236084 0.6101694703102112 1.0
0.8474576473236084 0.6271186470985413 1.0
0.8474576473236084 0.6440678238868713 1.0
0.8474576473236084 0.6610169410705566 1.0
0.8474576473236084 0.6779661178588867 1.0
0.8474576473236084 0.694915235042572 1.0
0.8474576473236084 0.7118644118309021 1.0
0.8474576473236084 0.7288135886192322 1.0
0.8474576473236084 0.7457627058029175 1.0
0.8474576473236084 0.7627118825912476 1.0
0.8474576473236084 0.7796609997749329 1.0
0.8474576473236084 0.7966101765632629 1.0
0.8474576473236084 0.8135592937469482 1.0
0.8474576473236084 0.8305084705352783 1.0
0.8474576473236084 0.8474576473236084 1.0
0.8474576473236084 0.8644067645072937 1.0
0.8474576473236084 0.8813559412956238 1.0
0.8474576473236084 0.8983050584793091 1.0
0.8474576473236084 0.9152542352676392 1.0
0.8474576473236084 0.9322034120559692 1.0
0.8474576473236084 0.9491525292396545 1.0
0.8474576473236084 0.9661017060279846 1.0
0.8474576473236084 0.9830508232116699 1.0
0.8474576473236084 1.0 1.0
0.8644067645072937 0.0 1.0
0.8644067645072937 0.016949152573943138 1.0
0.8644067645072937 0.033898305147886276 1.0
0.8644067645072937 0.050847455859184265 1.0
0.8644067645072937 0.06779661029577255 1.0
0.8644067645072937 0.08474576473236084 1.0
0.8644067645072937 0.10169491171836853 1.0
0.8644067645072937 0.11864406615495682 1.0
0.8644067645072937 0.1355932205915451 1.0
0.8644067645072937 0.1525423675775528 1.0
0.8644067645072937 0.16949152946472168 1.0
0.8644067645072937 0.18644067645072937 1.0
0.8644067645072937 0.20338982343673706 1.0
0.8644067645072937 0.22033898532390594 1.0
0.8644067645072937 0.23728813230991364 1.0
0.8644067645072937 0.2542372941970825 1.0
0.8644067645072937 0.2711864411830902 1.0
0.8644067645072937 0.2881355881690979 1.0
0.8644067645072937 0.3050847351551056 1.0
0.8644067645072937 0.32203391194343567 1.0
0.8644067645072937 0.33898305892944336 1.0
0.8644067645072937 0.35593220591545105 1.0
0.8644067645072937 0.37288135290145874 1.0
0.8644067645072937 0.38983049988746643 1.0
0.8644067645072937 0.4067796468734741 1.0
0.8644067645072937 0.4237288236618042 1.0
0.8644067645072937 0.4406779706478119 1.0
0.8644067645072937 0.4576271176338196 1.0
0.8644067645072937 0.47457626461982727 1.0
0.8644067645072937 0.49152541160583496 1.0
0.8644067645072937 0.508474588394165 1.0
0.8644067645072937 0.5254237055778503 1.0
0.8644067645072937 0.5423728823661804 1.0
0.8644067645072937 0.5593220591545105 1.0
0.8644067645072937 0.5762711763381958 1.0
0.8644067645072937 0.5932203531265259 1.0
0.8644067645072937 0.6101694703102112 1.0
0.8644067645072937 0.6271186470985413 1.0
0.8644067645072937 0.6440678238868713 1.0
0.8644067645072937 0.6610169410705566 1.0
0.8644067645072937 0.6779661178588867 1.0
0.8644067645072937 0.694915235042572 1.0
0.8644067645072937 0.7118644118309021 1.0
0.8644067645072937 0.7288135886192322 1.0
0.8644067645072937 0.7457627058029175 1.0
0.8644067645072937 0.7627118825912476 1.0
0.8644067645072937 0.7796609997749329 1.0
0.8644067645072937 0.7966101765632629 1.0
0.8644067645072937 0.8135592937469482 1.0
0.8644067645072937 0.8305084705352783 1.0
0.8644067645072937 0.8474576473236084 1.0
0.8644067645072937 0.8644067645072937 1.0
0.8644067645072937 0.8813559412956238 1.0
0.8644067645072937 0.8983050584793091 1.0
0.8644067645072937 0.9152542352676392 1.0
0.8644067645072937 0.9322034120559692 1.0
0.8644067645072937 0.9491525292396545 1.0
0.8644067645072937 0.9661017060279846 1.0
0.8644067645072937 0.9830508232116699 1.0
0.8644067645072937 1.0 1.0
0.8813559412956238 0.0 1.0
0.8813559412956238 0.016949152573943138 1.0
0.8813559412956238 0.033898305147886276 1.0
0.8813559412956238 0.050847455859184265 1.0
0.8813559412956238 0.06779661029577255 1.0
0.8813559412956238 0.08474576473236084 1.0
0.8813559412956238 0.10169491171836853 1.0
0.8813559412956238 0.11864406615495682 1.0
0.8813559412956238 0.1355932205915451 1.0
0.8813559412956238 0.1525423675775528 1.0
0.8813559412956238 0.16949152946472168 1.0
0.8813559412956238 0.18644067645072937 1.0
0.8813559412956238 0.20338982343673706 1.0
0.8813559412956238 0.22033898532390594 1.0
0.8813559412956238 0.23728813230991364 1.0
0.8813559412956238 0.2542372941970825 1.0
0.8813559412956238 0.2711864411830902 1.0
0.8813559412956238 0.2881355881690979 1.0
0.8813559412956238 0.3050847351551056 1.0
0.8813559412956238 0.32203391194343567 1.0
0.8813559412956238 0.33898305892944336 1.0
0.8813559412956238 0.35593220591545105 1.0
0.8813559412956238 0.37288135290145874 1.0
0.8813559412956238 0.38983049988746643 1.0
0.8813559412956238 0.4067796468734741 1.0
0.8813559412956238 0.4237288236618042 1.0
0.8813559412956238 0.4406779706478119 1.0
0.8813559412956238 0.4576271176338196 1.0
0.8813559412956238 0.47457626461982727 1.0
0.8813559412956238 0.49152541160583496 1.0
0.8813559412956238 0.508474588394165 1.0
0.8813559412956238 0.5254237055778503 1.0
0.8813559412956238 0.5423728823661804 1.0
0.8813559412956238 0.5593220591545105 1.0
0.8813559412956238 0.5762711763381958 1.0
0.8813559412956238 0.5932203531265259 1.0
0.8813559412956238 0.6101694703102112 1.0
0.8813559412956238 0.6271186470985413 1.0
0.8813559412956238 0.6440678238868713 1.0
0.8813559412956238 0.6610169410705566 1.0
0.8813559412956238 0.6779661178588867 1.0
0.8813559412956238 0.694915235042572 1.0
0.8813559412956238 0.7118644118309021 1.0
0.8813559412956238 0.7288135886192322 1.0
0.8813559412956238 0.7457627058029175 1.0
0.8813559412956238 0.7627118825912476 1.0
0.8813559412956238 0.7796609997749329 1.0
0.8813559412956238 0.7966101765632629 1.0
0.8813559412956238 0.8135592937469482 1.0
0.8813559412956238 0.8305084705352783 1.0
0.8813559412956238 0.8474576473236084 1.0
0.8813559412956238 0.8644067645072937 1.0
0.8813559412956238 0.8813559412956238 1.0
0.8813559412956238 0.8983050584793091 1.0
0.8813559412956238 0.9152542352676392 1.0
0.8813559412956238 0.9322034120559692 1.0
0.8813559412956238 0.9491525292396545 1.0
0.8813559412956238 0.9661017060279846 1.0
0.8813559412956238 0.9830508232116699 1.0
0.8813559412956238 1.0 1.0
0.8983050584793091 0.0 1.0
0.8983050584793091 0.016949152573943138 1.0
0.8983050584793091 0.033898305147886276 1.0
0.8983050584793091 0.050847455859184265 1.0
0.8983050584793091 0.06779661029577255 1.0
0.8983050584793091 0.08474576473236084 1.0
0.8983050584793091 0.10169491171836853 1.0
0.8983050584793091 0.11864406615495682 1.0
0.8983050584793091 0.1355932205915451 1.0
0.8983050584793091 0.1525423675775528 1.0
0.8983050584793091 0.16949152946472168 1.0
0.8983050584793091 0.18644067645072937 1.0
0.8983050584793091 0.20338982343673706 1.0
0.8983050584793091 0.22033898532390594 1.0
0.8983050584793091 0.23728813230991364 1.0
0.8983050584793091 0.2542372941970825 1.0
0.8983050584793091 0.2711864411830902 1.0
0.8983050584793091 0.2881355881690979 1.0
0.8983050584793091 0.3050847351551056 1.0
0.8983050584793091 0.32203391194343567 1.0
0.8983050584793091 0.33898305892944336 1.0
0.8983050584793091 0.35593220591545105 1.0
0.8983050584793091 0.37288135290145874 1.0
0.8983050584793091 0.38983049988746643 1.0
0.8983050584793091 0.4067796468734741 1.0
0.8983050584793091 0.4237288236618042 1.0
0.8983050584793091 0.4406779706478119 1.0
0.8983050584793091 0.4576271176338196 1.0
0.8983050584793091 0.47457626461982727 1.0
0.8983050584793091 0.49152541160583496 1.0
0.8983050584793091 0.508474588394165 1.0
0.8983050584793091 0.5254237055778503 1.0
0.8983050584793091 0.5423728823661804 1.0
0.8983050584793091 0.5593220591545105 1.0
0.8983050584793091 0.5762711763381958 1.0
0.8983050584793091 0.5932203531265259 1.0
0.8983050584793091 0.6101694703102112 1.0
0.8983050584793091 0.6271186470985413 1.0
0.8983050584793091 0.6440678238868713 1.0
0.8983050584793091 0.6610169410705566 1.0
0.8983050584793091 0.6779661178588867 1.0
0.8983050584793091 0.694915235042572 1.0
0.8983050584793091 0.7118644118309021 1.0
0.8983050584793091 0.7288135886192322 1.0
0.8983050584793091 0.7457627058029175 1.0
0.8983050584793091 0.7627118825912476 1.0
0.8983050584793091 0.7796609997749329 1.0
0.8983050584793091 0.7966101765632629 1.0
0.8983050584793091 0.8135592937469482 1.0
0.8983050584793091 0.8305084705352783 1.0
0.8983050584793091 0.8474576473236084 1.0
0.8983050584793091 0.8644067645072937 1.0
0.8983050584793091 0.8813559412956238 1.0
0.8983050584793091 0.8983050584793091 1.0
0.8983050584793091 0.9152542352676392 1.0
0.8983050584793091 0.9322034120559692 1.0
0.8983050584793091 0.9491525292396545 1.0
0.8983050584793091 0.9661017060279846 1.0
0.8983050584793091 0.9830508232116699 1.0
0.8983050584793091 1.0 1.0
0.9152542352676392 0.0 1.0
0.9152542352676392 0.016949152573943138 1.0
0.9152542352676392 0.033898305147886276 1.0
0.9152542352676392 0.050847455859184265 1.0
0.9152542352676392 0.06779661029577255 1.0
0.9152542352676392 0.08474576473236084 1.0
0.9152542352676392 0.10169491171836853 1.0
0.9152542352676392 0.11864406615495682 1.0
0.9152542352676392 0.1355932205915451 1.0
0.9152542352676392 0.1525423675775528 1.0
0.9152542352676392 0.16949152946472168 1.0
0.9152542352676392 0.18644067645072937 1.0
0.9152542352676392 0.20338982343673706 1.0
0.9152542352676392 0.22033898532390594 1.0
0.9152542352676392 0.23728813230991364 1.0
0.9152542352676392 0.2542372941970825 1.0
0.9152542352676392 0.2711864411830902 1.0
0.9152542352676392 0.2881355881690979 1.0
0.9152542352676392 0.3050847351551056 1.0
0.9152542352676392 0.32203391194343567 1.0
0.9152542352676392 0.33898305892944336 1.0
0.9152542352676392 0.35593220591545105 1.0
0.9152542352676392 0.37288135290145874 1.0
0.9152542352676392 0.38983049988746643 1.0
0.9152542352676392 0.4067796468734741 1.0
0.9152542352676392 0.4237288236618042 1.0
0.9152542352676392 0.4406779706478119 1.0
0.9152542352676392 0.4576271176338196 1.0
0.9152542352676392 0.47457626461982727 1.0
0.9152542352676392 0.49152541160583496 1.0
0.9152542352676392 0.508474588394165 1.0
0.9152542352676392 0.5254237055778503 1.0
0.9152542352676392 0.5423728823661804 1.0
0.9152542352676392 0.5593220591545105 1.0
0.9152542352676392 0.5762711763381958 1.0
0.9152542352676392 0.5932203531265259 1.0
0.9152542352676392 0.6101694703102112 1.0
0.9152542352676392 0.6271186470985413 1.0
0.9152542352676392 0.6440678238868713 1.0
0.9152542352676392 0.6610169410705566 1.0
0.9152542352676392 0.6779661178588867 1.0
0.9152542352676392 0.694915235042572 1.0
0.9152542352676392 0.7118644118309021 1.0
0.9152542352676392 0.7288135886192322 1.0
0.9152542352676392 0.7457627058029175 1.0
0.9152542352676392 0.7627118825912476 1.0
0.9152542352676392 0.7796609997749329 1.0
0.9152542352676392 0.7966101765632629 1.0
0.9152542352676392 0.8135592937469482 1.0
0.9152542352676392 0.8305084705352783 1.0
0.9152542352676392 0.8474576473236084 1.0
0.9152542352676392 0.8644067645072937 1.0
0.9152542352676392 0.8813559412956238 1.0
0.9152542352676392 0.8983050584793091 1.0
0.9152542352676392 0.9152542352676392 1.0
0.9152542352676392 0.9322034120559692 1.0
0.9152542352676392 0.9491525292396545 1.0
0.9152542352676392 0.9661017060279846 1.0
0.9152542352676392 0.9830508232116699 1.0
0.9152542352676392 1.0 1.0
0.9322034120559692 0.0 1.0
0.9322034120559692 0.016949152573943138 1.0
0.9322034120559692 0.033898305147886276 1.0
0.9322034120559692 0.050847455859184265 1.0
0.9322034120559692 0.06779661029577255 1.0
0.9322034120559692 0.08474576473236084 1.0
0.9322034120559692 0.10169491171836853 1.0
0.9322034120559692 0.11864406615495682 1.0
0.9322034120559692 0.1355932205915451 1.0
0.9322034120559692 0.1525423675775528 1.0
0.9322034120559692 0.16949152946472168 1.0
0.9322034120559692 0.18644067645072937 1.0
0.9322034120559692 0.20338982343673706 1.0
0.9322034120559692 0.22033898532390594 1.0
0.9322034120559692 0.23728813230991364 1.0
0.9322034120559692 0.2542372941970825 1.0
0.9322034120559692 0.2711864411830902 1.0
0.9322034120559692 0.2881355881690979 1.0
0.9322034120559692 0.3050847351551056 1.0
0.9322034120559692 0.32203391194343567 1.0
0.9322034120559692 0.33898305892944336 1.0
0.9322034120559692 0.35593220591545105 1.0
0.9322034120559692 0.37288135290145874 1.0
0.9322034120559692 0.38983049988746643 1.0
0.9322034120559692 0.4067796468734741 1.0
0.9322034120559692 0.4237288236618042 1.0
0.9322034120559692 0.4406779706478119 1.0
0.9322034120559692 0.4576271176338196 1.0
0.9322034120559692 0.47457626461982727 1.0
0.9322034120559692 0.49152541160583496 1.0
0.9322034120559692 0.508474588394165 1.0
0.9322034120559692 0.5254237055778503 1.0
0.9322034120559692 0.5423728823661804 1.0
0.9322034120559692 0.5593220591545105 1.0
0.9322034120559692 0.5762711763381958 1.0
0.9322034120559692 0.5932203531265259 1.0
0.9322034120559692 0.6101694703102112 1.0
0.9322034120559692 0.6271186470985413 1.0
0.9322034120559692 0.6440678238868713 1.0
0.9322034120559692 0.6610169410705566 1.0
0.9322034120559692 0.6779661178588867 1.0
0.9322034120559692 0.694915235042572 1.0
0.9322034120559692 0.7118644118309021 1.0
0.9322034120559692 0.7288135886192322 1.0
0.9322034120559692 0.7457627058029175 1.0
0.9322034120559692 0.7627118825912476 1.0
0.9322034120559692 0.7796609997749329 1.0
0.9322034120559692 0.7966101765632629 1.0
0.9322034120559692 0.8135592937469482 1.0
0.9322034120559692 0.8305084705352783 1.0
0.9322034120559692 0.8474576473236084 1.0
0.9322034120559692 0.8644067645072937 1.0
0.9322034120559692 0.8813559412956238 1.0
0.9322034120559692 0.8983050584793091 1.0
0.9322034120559692 0.9152542352676392 1.0
0.9322034120559692 0.9322034120559692 1.0
0.9322034120559692 0.9491525292396545 1.0
0.9322034120559692 0.9661017060279846 1.0
0.9322034120559692 0.9830508232116699 1.0
0.9322034120559692 1.0 1.0
0.9491525292396545 0.0 1.0
0.9491525292396545 0.016949152573943138 1.0
0.9491525292396545 0.033898305147886276 1.0
0.9491525292396545 0.050847455859184265 1.0
0.9491525292396545 0.06779661029577255 1.0
0.9491525292396545 0.08474576473236084 1.0
0.9491525292396545 0.10169491171836853 1.0
0.9491525292396545 0.11864406615495682 1.0
0.9491525292396545 0.1355932205915451 1.0
0.9491525292396545 0.1525423675775528 1.0
0.9491525292396545 0.16949152946472168 1.0
0.9491525292396545 0.18644067645072937 1.0
0.9491525292396545 0.20338982343673706 1.0
0.9491525292396545 0.22033898532390594 1.0
0.9491525292396545 0.23728813230991364 1.0
0.9491525292396545 0.2542372941970825 1.0
0.9491525292396545 0.2711864411830902 1.0
0.9491525292396545 0.2881355881690979 1.0
0.9491525292396545 0.3050847351551056 1.0
0.9491525292396545 0.32203391194343567 1.0
0.9491525292396545 0.33898305892944336 1.0
0.9491525292396545 0.35593220591545105 1.0
0.9491525292396545 0.37288135290145874 1.0
0.9491525292396545 0.38983049988746643 1.0
0.9491525292396545 0.4067796468734741 1.0
0.9491525292396545 0.4237288236618042 1.0
0.9491525292396545 0.4406779706478119 1.0
0.9491525292396545 0.4576271176338196 1.0
0.9491525292396545 0.47457626461982727 1.0
0.9491525292396545 0.49152541160583496 1.0
0.9491525292396545 0.508474588394165 1.0
0.9491525292396545 0.5254237055778503 1.0
0.9491525292396545 0.5423728823661804 1.0
0.9491525292396545 0.5593220591545105 1.0
0.9491525292396545 0.5762711763381958 1.0
0.9491525292396545 0.5932203531265259 1.0
0.9491525292396545 0.6101694703102112 1.0
0.9491525292396545 0.6271186470985413 1.0
0.9491525292396545 0.6440678238868713 1.0
0.9491525292396545 0.6610169410705566 1.0
0.9491525292396545 0.6779661178588867 1.0
0.9491525292396545 0.694915235042572 1.0
0.9491525292396545 0.7118644118309021 1.0
0.9491525292396545 0.7288135886192322 1.0
0.9491525292396545 0.7457627058029175 1.0
0.9491525292396545 0.7627118825912476 1.0
0.9491525292396545 0.7796609997749329 1.0
0.9491525292396545 0.7966101765632629 1.0
0.9491525292396545 0.8135592937469482 1.0
0.9491525292396545 0.8305084705352783 1.0
0.9491525292396545 0.8474576473236084 1.0
0.9491525292396545 0.8644067645072937 1.0
0.9491525292396545 0.8813559412956238 1.0
0.9491525292396545 0.8983050584793091 1.0
0.9491525292396545 0.9152542352676392 1.0
0.9491525292396545 0.9322034120559692 1.0
0.9491525292396545 0.9491525292396545 1.0
0.9491525292396545 0.9661017060279846 1.0
0.9491525292396545 0.9830508232116699 1.0
0.9491525292396545 1.0 1.0
0.9661017060279846 0.0 1.0
0.9661017060279846 0.016949152573943138 1.0
0.9661017060279846 0.033898305147886276 1.0
0.9661017060279846 0.050847455859184265 1.0
0.9661017060279846 0.06779661029577255 1.0
0.9661017060279846 0.08474576473236084 1.0
0.9661017060279846 0.10169491171836853 1.0
0.9661017060279846 0.11864406615495682 1.0
0.9661017060279846 0.1355932205915451 1.0
0.9661017060279846 0.1525423675775528 1.0
0.9661017060279846 0.16949152946472168 1.0
0.9661017060279846 0.18644067645072937 1.0
0.9661017060279846 0.20338982343673706 1.0
0.9661017060279846 0.22033898532390594 1.0
0.9661017060279846 0.23728813230991364 1.0
0.9661017060279846 0.2542372941970825 1.0
0.9661017060279846 0.2711864411830902 1.0
0.9661017060279846 0.2881355881690979 1.0
0.9661017060279846 0.3050847351551056 1.0
0.9661017060279846 0.32203391194343567 1.0
0.9661017060279846 0.33898305892944336 1.0
0.9661017060279846 0.35593220591545105 1.0
0.9661017060279846 0.37288135290145874 1.0
0.9661017060279846 0.38983049988746643 1.0
0.9661017060279846 0.4067796468734741 1.0
0.9661017060279846 0.4237288236618042 1.0
0.9661017060279846 0.4406779706478119 1.0
0.9661017060279846 0.4576271176338196 1.0
0.9661017060279846 0.47457626461982727 1.0
0.9661017060279846 0.49152541160583496 1.0
0.9661017060279846 0.508474588394165 1.0
0.9661017060279846 0.5254237055778503 1.0
0.9661017060279846 0.5423728823661804 1.0
0.9661017060279846 0.5593220591545105 1.0
0.9661017060279846 0.5762711763381958 1.0
0.9661017060279846 0.5932203531265259 1.0
0.9661017060279846 0.6101694703102112 1.0
0.9661017060279846 0.6271186470985413 1.0
0.9661017060279846 0.6440678238868713 1.0
0.9661017060279846 0.6610169410705566 1.0
0.9661017060279846 0.6779661178588867 1.0
0.9661017060279846 0.694915235042572 1.0
0.9661017060279846 0.7118644118309021 1.0
0.9661017060279846 0.7288135886192322 1.0
0.9661017060279846 0.7457627058029175 1.0
0.9661017060279846 0.7627118825912476 1.0
0.9661017060279846 0.7796609997749329 1.0
0.9661017060279846 0.7966101765632629 1.0
0.9661017060279846 0.8135592937469482 1.0
0.9661017060279846 0.8305084705352783 1.0
0.9661017060279846 0.8474576473236084 1.0
0.9661017060279846 0.8644067645072937 1.0
0.9661017060279846 0.8813559412956238 1.0
0.9661017060279846 0.8983050584793091 1.0
0.9661017060279846 0.9152542352676392 1.0
0.9661017060279846 0.9322034120559692 1.0
0.9661017060279846 0.9491525292396545 1.0
0.9661017060279846 0.9661017060279846 1.0
0.9661017060279846 0.9830508232116699 1.0
0.9661017060279846 1.0 1.0
0.9830508232116699 0.0 1.0
0.9830508232116699 0.016949152573943138 1.0
0.9830508232116699 0.033898305147886276 1.0
0.9830508232116699 0.050847455859184265 1.0
0.9830508232116699 0.06779661029577255 1.0
0.9830508232116699 0.08474576473236084 1.0
0.9830508232116699 0.10169491171836853 1.0
0.9830508232116699 0.11864406615495682 1.0
0.9830508232116699 0.1355932205915451 1.0
0.9830508232116699 0.1525423675775528 1.0
0.9830508232116699 0.16949152946472168 1.0
0.9830508232116699 0.18644067645072937 1.0
0.9830508232116699 0.20338982343673706 1.0
0.9830508232116699 0.22033898532390594 1.0
0.9830508232116699 0.23728813230991364 1.0
0.9830508232116699 0.2542372941970825 1.0
0.9830508232116699 0.2711864411830902 1.0
0.9830508232116699 0.2881355881690979 1.0
0.9830508232116699 0.3050847351551056 1.0
0.9830508232116699 0.32203391194343567 1.0
0.9830508232116699 0.33898305892944336 1.0
0.9830508232116699 0.35593220591545105 1.0
0.9830508232116699 0.37288135290145874 1.0
0.9830508232116699 0.38983049988746643 1.0
0.9830508232116699 0.4067796468734741 1.0
0.9830508232116699 0.4237288236618042 1.0
0.9830508232116699 0.4406779706478119 1.0
0.9830508232116699 0.4576271176338196 1.0
0.9830508232116699 0.47457626461982727 1.0
0.9830508232116699 0.49152541160583496 1.0
0.9830508232116699 0.508474588394165 1.0
0.9830508232116699 0.5254237055778503 1.0
0.9830508232116699 0.5423728823661804 1.0
0.9830508232116699 0.5593220591545105 1.0
0.9830508232116699 0.5762711763381958 1.0
0.9830508232116699 0.5932203531265259 1.0
0.9830508232116699 0.6101694703102112 1.0
0.9830508232116699 0.6271186470985413 1.0
0.9830508232116699 0.6440678238868713 1.0
0.9830508232116699 0.6610169410705566 1.0
0.9830508232116699 0.6779661178588867 1.0
0.9830508232116699 0.694915235042572 1.0
0.9830508232116699 0.7118644118309021 1.0
0.9830508232116699 0.7288135886192322 1.0
0.9830508232116699 0.7457627058029175 1.0
0.9830508232116699 0.7627118825912476 1.0
0.9830508232116699 0.7796609997749329 1.0
0.9830508232116699 0.7966101765632629 1.0
0.9830508232116699 0.8135592937469482 1.0
0.9830508232116699 0.8305084705352783 1.0
0.9830508232116699 0.8474576473236084 1.0
0.9830508232116699 0.8644067645072937 1.0
0.9830508232116699 0.8813559412956238 1.0
0.9830508232116699 0.8983050584793091 1.0
0.9830508232116699 0.9152542352676392 1.0
0.9830508232116699 0.9322034120559692 1.0
0.9830508232116699 0.9491525292396545 1.0
0.9830508232116699 0.9661017060279846 1.0
0.9830508232116699 0.9830508232116699 1.0
0.9830508232116699 1.0 1.0
1.0 0.0 1.0
1.0 0.016949152573943138 1.0
1.0 0.033898305147886276 1.0
1.0 0.050847455859184265 1.0
1.0 0.06779661029577255 1.0
1.0 0.08474576473236084 1.0
1.0 0.10169491171836853 1.0
1.0 0.11864406615495682 1.0
1.0 0.1355932205915451 1.0
1.0 0.1525423675775528 1.0
1.0 0.16949152946472168 1.0
1.0 0.18644067645072937 1.0
1.0 0.20338982343673706 1.0
1.0 0.22033898532390594 1.0
1.0 0.23728813230991364 1.0
1.0 0.2542372941970825 1.0
1.0 0.2711864411830902 1.0
1.0 0.2881355881690979 1.0
1.0 0.3050847351551056 1.0
1.0 0.32203391194343567 1.0
1.0 0.33898305892944336 1.0
1.0 0.35593220591545105 1.0
1.0 0.37288135290145874 1.0
1.0 0.38983049988746643 1.0
1.0 0.4067796468734741 1.0
1.0 0.4237288236618042 1.0
1.0 0.4406779706478119 1.0
1.0 0.4576271176338196 1.0
1.0 0.47457626461982727 1.0
1.0 0.49152541160583496 1.0
1.0 0.508474588394165 1.0
1.0 0.5254237055778503 1.0
1.0 0.5423728823661804 1.0
1.0 0.5593220591545105 1.0
1.0 0.5762711763381958 1.0
1.0 0.5932203531265259 1.0
1.0 0.6101694703102112 1.0
1.0 0.6271186470985413 1.0
1.0 0.6440678238868713 1.0
1.0 0.6610169410705566 1.0
1.0 0.6779661178588867 1.0
1.0 0.694915235042572 1.0
1.0 0.7118644118309021 1.0
1.0 0.7288135886192322 1.0
1.0 0.7457627058029175 1.0
1.0 0.7627118825912476 1.0
1.0 0.7796609997749329 1.0
1.0 0.7966101765632629 1.0
1.0 0.8135592937469482 1.0
1.0 0.8305084705352783 1.0
1.0 0.8474576473236084 1.0
1.0 0.8644067645072937 1.0
1.0 0.8813559412956238 1.0
1.0 0.8983050584793091 1.0
1.0 0.9152542352676392 1.0
1.0 0.9322034120559692 1.0
1.0 0.9491525292396545 1.0
1.0 0.9661017060279846 1.0
1.0 0.9830508232116699 1.0
1.0 1.0 1.0
